ID,Beta,Rho,Aniso_X,Aniso_Y,Aniso_Z,Area_Inner,Area_Outer,Total_Area,Volume,SA_Vol_Ratio,Porosity,Pore_Size
1,17.018,0.3572,52.98,15.8,48.81,4.2774,1.7134,5.9909,0.2658,22.539,0.6629,0.0196
2,20.1976,0.3513,46.12,55.21,10.2,5.1889,1.6599,6.8488,0.2605,26.2948,0.67,0.0203
3,45.588,0.6495,1.32,34.47,88.06,12.1562,3.3615,15.5177,0.4985,31.1263,0.3684,0.0819
4,20.2045,0.6226,57.02,62.69,7.59,5.4038,2.9856,8.3894,0.4898,17.1285,0.3795,0.1904
5,44.0391,0.6319,66.54,65.85,89.14,11.679,3.2645,14.9435,0.5002,29.8754,0.3662,0.0896
6,19.5864,0.4076,38.76,11.75,80.47,5.195,1.9723,7.1673,0.3135,22.8592,0.6025,0.022
7,40.5371,0.3602,37.12,53.71,1.64,nan,nan,nan,nan,nan,nan,nan
8,39.9792,0.4516,16.23,51.09,15.99,11.2,2.2214,13.4214,0.3454,38.8591,0.5625,0.1151
9,24.9509,0.5165,30.57,63.45,64.63,6.9756,2.6417,9.6172,0.4031,23.8559,0.4891,0.1574
10,26.3687,0.4879,86.51,62.44,83.08,7.4198,2.4105,9.8303,0.3887,25.2918,0.5075,0.1607
11,39.6365,0.3778,77.11,48.44,15.38,10.4984,1.9123,12.4107,0.2858,43.4218,0.6379,0.0155
12,18.4812,0.3308,19.5,79.93,47.2,4.6518,1.7579,6.4097,0.2544,25.1987,0.6774,0.0173
13,42.2465,0.3684,31.38,76.85,42.75,nan,nan,nan,nan,nan,nan,nan
14,35.0473,0.316,57.51,3.31,51.97,8.5092,1.5846,10.0938,0.2292,44.0346,0.7095,0.0223
15,20.1919,0.4345,53.76,14.6,50.33,5.5788,2.099,7.6778,0.3358,22.8663,0.5742,0.024
16,31.4638,0.6311,84.72,25.19,35.88,8.4647,3.2227,11.6874,0.4916,23.776,0.377,0.1113
17,18.1952,0.5193,85.28,76.39,46.7,5.0941,2.636,7.7301,0.3953,19.5564,0.4992,0.2141
18,40.1752,0.4171,79.12,24.47,37.65,11.0353,2.1155,13.1508,0.3256,40.3915,0.5874,0.0967
19,45.0067,0.4674,17.69,33.97,10.5,12.6892,2.395,15.0842,0.3629,41.5689,0.5401,0.0955
20,16.5306,0.4411,42.3,32.61,78.81,4.6022,2.0536,6.6558,0.3307,20.1287,0.581,0.0208
21,25.8743,0.4487,29.78,48.29,82.22,7.2132,2.2045,9.4177,0.359,26.2352,0.545,0.0166
22,16.4014,0.5048,39.71,25.95,49.51,4.5745,2.4642,7.0387,0.3782,18.6128,0.5207,0.2268
23,21.7366,0.6644,59.67,39.84,59.41,5.625,3.1832,8.8082,0.5175,17.0217,0.3444,0.1791
24,38.1493,0.442,22.38,38.19,12.65,10.6935,2.1887,12.8822,0.3412,37.7579,0.5679,0.1069
25,33.0072,0.4526,56.8,10.36,12.94,9.2269,2.22,11.4469,0.3484,32.8571,0.5586,0.128
26,26.9689,0.672,83.71,58.5,82.02,6.7989,3.2821,10.081,0.5294,19.0415,0.329,0.1481
27,36.2544,0.5459,31.23,26.99,45.18,10.1245,2.7803,12.9048,0.4292,30.0692,0.4563,0.1188
28,29.8046,0.4807,9.55,39.0,57.3,8.342,2.4489,10.7909,0.3694,29.2139,0.532,0.1339
29,30.9695,0.6273,59.21,59.52,86.02,8.1437,3.1863,11.33,0.5003,22.6477,0.3663,0.1322
30,41.1964,0.4513,43.14,19.16,88.52,11.4127,2.3381,13.7508,0.3537,38.8801,0.5519,0.1004
31,34.5115,0.3004,73.7,23.85,10.23,8.2496,1.4935,9.7431,0.2234,43.6186,0.7169,0.0146
32,18.4271,0.5521,85.82,62.2,45.64,5.1861,2.8047,7.9908,0.4225,18.911,0.4646,0.2234
33,16.5983,0.6237,58.35,12.53,39.25,4.4417,3.0256,7.4673,0.4949,15.0891,0.3731,0.2173
34,20.9688,0.5763,10.48,6.13,35.13,5.7151,2.8969,8.6119,0.4567,18.8548,0.4214,0.2074
35,41.9967,0.3081,37.94,75.0,8.67,10.0984,1.6373,11.7357,0.227,51.7032,0.7124,0.0153
36,29.6678,0.4436,88.03,58.16,37.94,nan,nan,nan,nan,nan,nan,nan
37,15.8512,0.4086,47.45,50.15,62.3,4.2411,1.9969,6.238,0.3109,20.0662,0.606,0.0181
38,23.774,0.6862,22.37,73.89,14.74,5.9032,3.5222,9.4254,0.5465,17.2469,0.3076,0.1695
39,26.5163,0.3076,33.33,39.96,27.44,6.339,1.4284,7.7674,0.2276,34.1261,0.7115,0.0157
40,22.7992,0.3582,52.92,54.49,31.59,5.971,1.7995,7.7704,0.2822,27.5335,0.6425,0.0179
41,27.9221,0.6349,51.75,58.4,72.7,7.3557,3.0728,10.4284,0.4975,20.9606,0.3698,0.1391
42,15.7586,0.4708,29.87,30.72,73.06,4.4413,2.3142,6.7556,0.3708,18.2171,0.53,0.2234
43,37.0618,0.4829,4.47,16.16,77.03,10.2751,2.4466,12.7216,0.3817,33.3271,0.5161,0.1144
44,21.9024,0.5601,42.86,49.7,12.81,6.1075,2.7521,8.8596,0.434,20.4145,0.45,0.1836
45,39.7343,0.6314,26.69,83.21,23.95,10.5701,3.1327,13.7028,0.4966,27.5954,0.3709,0.1007
46,34.4856,0.5288,71.42,20.41,72.48,9.6514,2.6632,12.3146,0.4149,29.6831,0.4744,0.1144
47,38.1642,0.4052,31.62,52.03,22.83,10.4987,1.9725,12.4713,0.3092,40.3386,0.6081,0.0159
48,37.6819,0.6493,19.31,56.69,6.33,9.642,3.37,13.0121,0.5264,24.7176,0.3329,0.1156
49,40.994,0.4261,78.74,26.17,35.31,11.2659,2.2674,13.5333,0.3331,40.6313,0.5779,0.1011
50,36.7442,0.3761,71.47,22.31,74.36,9.7685,1.9826,11.7511,0.2939,39.9801,0.6274,0.0158
51,36.6122,0.5003,27.21,62.98,72.73,10.3431,2.6234,12.9665,0.393,32.9961,0.5022,0.1218
52,22.0559,0.6356,39.66,18.53,40.61,5.7857,3.2232,9.0089,0.5078,17.7406,0.3567,0.1875
53,29.8452,0.3044,18.48,35.69,67.91,7.3418,1.6229,8.9647,0.2353,38.0934,0.7018,0.0178
54,45.5926,0.6747,47.35,34.01,88.13,nan,nan,nan,nan,nan,nan,nan
55,17.0738,0.6476,6.52,38.11,71.03,4.6369,3.0044,7.6413,0.4723,16.18,0.4014,0.2105
56,20.4275,0.3911,32.35,73.66,52.95,5.4418,1.9927,7.4345,0.3035,24.4948,0.6154,0.0193
57,39.0933,0.4767,47.58,37.31,6.51,11.0399,2.2878,13.3277,0.3746,35.5801,0.5253,0.1058
58,21.8764,0.3126,85.4,48.27,24.57,5.3353,1.5402,6.8756,0.2342,29.3599,0.7031,0.0177
59,44.5543,0.4792,30.56,39.58,64.54,12.5758,2.4778,15.0536,0.3759,40.0496,0.5238,0.0975
60,15.9743,0.3413,7.19,29.06,30.68,4.0596,1.4756,5.5352,0.259,21.3674,0.6715,0.0213
61,20.9294,0.4383,47.42,45.05,9.43,5.7278,2.0752,7.8031,0.3274,23.8359,0.585,0.0223
62,29.6308,0.6342,77.23,53.69,70.33,7.8549,3.1894,11.0443,0.5009,22.049,0.3653,0.1235
63,26.0607,0.6389,50.5,32.86,81.95,6.8614,3.0589,9.9203,0.508,19.5291,0.3565,0.1478
64,43.8301,0.5208,88.5,22.8,33.76,12.2211,2.7489,14.97,0.4079,36.7022,0.4831,0.0888
65,22.8045,0.3178,7.38,25.68,64.61,5.8154,1.7048,7.5202,0.2645,28.4345,0.6648,0.0209
66,27.2925,0.5254,70.54,24.72,64.85,7.6718,2.5411,10.2129,0.4083,25.0111,0.4825,0.1405
67,20.4697,0.6132,71.77,71.59,48.16,5.4987,3.0163,8.5149,0.4717,18.0503,0.4024,0.1921
68,45.74,0.4576,36.67,25.71,34.04,12.811,2.4993,15.3104,0.3603,42.4905,0.5434,0.0941
69,27.1305,0.4325,59.76,32.67,35.49,7.4367,2.0248,9.4615,0.3311,28.572,0.5805,0.0178
70,22.8584,0.3934,36.59,70.26,52.43,6.2133,2.0388,8.2521,0.3132,26.3451,0.6031,0.0177
71,20.7333,0.4798,75.72,35.25,85.58,5.8188,2.3265,8.1453,0.3765,21.6322,0.5229,0.1827
72,16.5522,0.5846,68.14,13.09,49.4,4.5091,2.8785,7.3876,0.4594,16.0805,0.4177,0.2359
73,31.5227,0.6566,70.68,16.78,49.77,8.0868,3.3,11.3867,0.5172,22.0159,0.3447,0.114
74,43.1447,0.3273,7.11,11.58,19.47,10.8016,1.6733,12.4749,0.2471,50.4762,0.6868,0.017
75,36.57,0.3774,5.11,27.61,63.91,9.9197,2.0205,11.9402,0.3093,38.601,0.6079,0.018
76,29.7735,0.3672,36.21,55.14,38.44,7.8988,1.929,9.8279,0.2842,34.579,0.6398,0.0165
77,23.8145,0.3739,28.61,76.42,65.75,6.1959,1.8963,8.0921,0.2761,29.3076,0.65,0.0172
78,24.5403,0.3814,60.7,64.46,40.38,6.4961,1.876,8.3721,0.2911,28.7573,0.631,0.0163
79,23.4542,0.3778,30.69,44.11,11.12,6.1714,1.9721,8.1435,0.2786,29.2298,0.647,0.0184
80,37.0849,0.37,14.66,37.08,1.76,9.8306,2.0727,11.9033,0.2824,42.1463,0.6421,0.0169
81,17.4085,0.4873,67.43,9.34,48.46,4.7815,2.3606,7.142,0.3796,18.817,0.5192,0.2261
82,37.0052,0.4491,19.82,11.26,6.33,10.2437,2.3898,12.6335,0.3456,36.5512,0.5618,0.1293
83,37.8776,0.3869,89.58,74.43,73.25,10.2723,2.0055,12.2778,0.3032,40.5,0.6159,0.0149
84,22.4091,0.452,40.31,58.81,67.76,6.1371,2.2382,8.3753,0.35,23.9273,0.5565,0.1893
85,34.108,0.5482,5.3,31.03,85.09,9.4402,2.8621,12.3023,0.4238,29.0301,0.463,0.1305
86,44.0761,0.3817,75.14,14.67,46.69,11.7439,2.0168,13.7607,0.296,46.4834,0.625,0.0147
87,24.0863,0.5446,80.77,49.12,5.13,6.6838,2.8539,9.5377,0.4326,22.0465,0.4519,0.1686
88,44.7352,0.6844,50.38,4.41,68.31,11.0991,3.3971,14.4962,0.5452,26.5903,0.3096,0.0858
89,35.6461,0.6136,70.19,34.21,84.92,9.6097,3.0108,12.6205,0.4772,26.4464,0.3951,0.1097
90,43.8137,0.6914,71.0,10.82,66.11,10.7293,3.5577,14.287,0.5475,26.0951,0.3064,0.0907
91,34.4231,0.439,53.41,79.06,27.72,9.5461,2.3072,11.8533,0.3429,34.5698,0.5655,0.1276
92,32.9442,0.4889,82.98,28.36,48.07,9.2479,2.5236,11.7715,0.3824,30.7808,0.5157,0.1264
93,31.9756,0.3115,29.31,82.27,24.91,7.7779,1.5977,9.3756,0.2337,40.1234,0.7039,0.0162
94,41.5707,0.6044,27.86,46.97,6.89,11.3835,3.1466,14.5301,0.4756,30.5522,0.3975,0.1
95,33.6612,0.304,1.25,19.21,32.58,8.519,1.7453,10.2643,0.2427,42.296,0.6925,0.0207
96,31.4156,0.6031,21.72,50.19,53.66,8.4558,3.0428,11.4987,0.4812,23.8945,0.3903,0.1378
97,19.2687,0.568,71.24,29.85,36.27,5.3656,2.8118,8.1774,0.4476,18.2688,0.4326,0.212
98,46.2949,0.3403,65.62,61.49,32.03,11.7871,1.7603,13.5474,0.2619,51.7244,0.6681,0.0141
99,39.7488,0.5283,60.72,35.96,46.11,11.2153,2.7323,13.9477,0.4146,33.6449,0.4747,0.0958
100,16.0471,0.6663,81.2,69.93,73.15,4.169,3.0882,7.2572,0.5123,14.1661,0.3507,0.251
101,33.2742,0.369,5.63,84.94,58.96,8.7693,2.0252,10.7945,0.2941,36.6986,0.627,0.0194
102,27.9033,0.6401,34.26,23.28,80.9,7.1816,3.0761,10.2577,0.5088,20.159,0.3552,0.1351
103,19.0128,0.3639,8.52,86.45,51.09,4.9873,2.124,7.1113,0.2927,24.295,0.6291,0.0222
104,27.3502,0.4319,89.23,9.97,40.2,7.5566,2.1411,9.6977,0.3372,28.7555,0.5724,0.0181
105,20.319,0.5396,53.86,1.79,36.97,5.6869,2.4707,8.1575,0.4226,19.3012,0.4646,0.2164
106,27.6356,0.5929,86.62,60.51,52.11,7.5723,2.9362,10.5085,0.458,22.9422,0.4196,0.137
107,42.3935,0.5534,43.52,64.8,53.91,11.8753,2.8509,14.7262,0.4306,34.1957,0.4541,0.0882
108,25.3249,0.5939,60.64,30.39,24.22,6.9723,2.8487,9.821,0.4623,21.2456,0.4142,0.1703
109,32.8609,0.4687,34.91,15.98,33.22,9.1069,2.3285,11.4354,0.3668,31.1759,0.5352,0.1188
110,34.1744,0.4364,17.58,9.76,52.01,9.3802,2.1791,11.5593,0.3409,33.9039,0.5681,0.1164
111,29.2321,0.3504,26.26,34.67,0.69,7.4565,1.8161,9.2725,0.2514,36.8771,0.6812,0.0151
112,45.6407,0.4615,75.19,13.1,36.13,12.7241,2.4643,15.1884,0.3604,42.138,0.5432,0.0853
113,45.7049,0.3593,37.36,15.27,30.94,11.9327,1.9463,13.8791,0.2761,50.271,0.6501,0.0155
114,20.6476,0.367,76.72,24.2,88.72,5.229,1.5926,6.8216,0.2795,24.4039,0.6457,0.0154
115,40.451,0.3967,84.7,16.16,68.05,10.9023,2.0283,12.9306,0.3042,42.5056,0.6145,0.0164
116,46.4433,0.4448,6.65,59.35,44.02,12.9652,2.3611,15.3263,0.3474,44.1171,0.5599,0.0885
117,44.9195,0.4042,64.4,66.09,2.42,12.319,1.9909,14.3099,0.3106,46.078,0.6067,0.0949
118,18.3468,0.3803,21.63,15.64,22.66,4.746,1.7674,6.5135,0.2906,22.4133,0.6316,0.0189
119,16.8227,0.5702,63.51,49.32,75.84,4.7277,2.6402,7.3678,0.4353,16.9247,0.4484,0.2249
120,37.3719,0.4462,75.16,52.49,60.73,10.3557,2.3109,12.6666,0.3483,36.3636,0.5587,0.1145
121,20.8496,0.4528,81.97,0.97,69.68,5.8133,1.9697,7.783,0.353,22.05,0.5527,0.019
122,22.7618,0.5394,85.21,69.13,37.11,6.2771,2.7348,9.012,0.4168,21.6228,0.4718,0.1741
123,45.9502,0.4227,33.43,61.95,74.86,12.6801,2.1963,14.8764,0.3297,45.122,0.5822,0.0974
124,39.3671,0.678,26.34,57.87,81.42,9.7811,3.3499,13.131,0.5442,24.1277,0.3103,0.1029
125,32.0118,0.6285,34.34,88.78,1.73,8.5154,3.187,11.7025,0.4981,23.4943,0.3687,0.1244
126,46.9913,0.5801,10.81,32.82,17.77,13.1025,3.0836,16.1861,0.4618,35.0472,0.4148,0.0894
127,38.6439,0.3734,19.55,44.55,22.87,10.2729,1.8754,12.1483,0.2823,43.0361,0.6422,0.0167
128,41.249,0.3968,76.8,74.86,23.28,11.0356,2.0756,13.1112,0.3024,43.3609,0.6168,0.0166
129,41.3119,0.6652,46.04,4.13,30.48,10.4275,3.3524,13.78,0.5324,25.8834,0.3255,0.1002
130,26.1523,0.5909,80.32,10.85,31.99,7.132,2.9522,10.0842,0.4629,21.783,0.4133,0.1563
131,16.7308,0.4828,27.51,12.58,65.56,4.5986,2.3599,6.9585,0.3732,18.6434,0.5269,0.2285
132,42.3141,0.5426,58.6,78.77,42.77,11.8965,2.8357,14.7322,0.4245,34.7017,0.462,0.0887
133,46.411,0.6019,87.66,78.45,88.22,12.6708,3.0264,15.6972,0.473,33.1844,0.4004,0.0934
134,22.1407,0.6351,18.78,75.74,30.8,5.8656,3.0989,8.9646,0.4945,18.13,0.3735,0.1793
135,18.8974,0.3177,46.88,75.82,14.03,4.633,1.4507,6.0837,0.232,26.2251,0.7059,0.0179
136,46.7769,0.5514,23.62,68.46,1.2,13.0921,2.8235,15.9155,0.428,37.1832,0.4577,0.0901
137,40.6217,0.3807,39.51,21.15,67.87,10.8553,1.9168,12.7721,0.2938,43.4765,0.6278,0.0165
138,39.8069,0.6234,17.71,38.13,31.94,10.6433,3.091,13.7343,0.496,27.6912,0.3715,0.1056
139,27.8594,0.3484,59.69,12.53,18.42,7.1257,1.6279,8.7536,0.2554,34.2768,0.6762,0.0169
140,35.359,0.3064,48.49,79.98,49.44,8.677,1.6908,10.3678,0.2372,43.7151,0.6995,0.015
141,23.4487,0.4082,44.15,21.21,40.46,6.4256,2.1413,8.5669,0.3213,26.6617,0.5929,0.0203
142,25.323,0.5335,0.78,79.47,59.04,7.0523,2.5299,9.5822,0.4187,22.8854,0.4693,0.1437
143,28.2108,0.5893,0.27,5.7,48.91,7.8569,2.8136,10.6705,0.4621,23.0909,0.4143,0.1482
144,34.7713,0.6092,30.01,46.72,49.33,9.3799,3.1457,12.5256,0.4816,26.0107,0.39,0.1168
145,19.6842,0.5474,56.93,54.06,28.98,5.5186,2.7365,8.2551,0.4224,19.5453,0.4649,0.2059
146,17.1978,0.5934,76.89,41.97,31.3,4.9008,2.9853,7.8861,0.4635,17.0148,0.4131,0.2546
147,41.8813,0.4589,50.48,73.25,36.23,11.6852,2.4089,14.0941,0.3577,39.4069,0.5467,0.1002
148,33.1545,0.3522,30.05,17.68,59.66,8.5033,1.7886,10.2919,0.2669,38.5586,0.6617,0.0163
149,32.2087,0.4699,28.97,37.53,63.98,8.9618,2.433,11.3948,0.366,31.1304,0.5361,0.1198
150,42.2705,0.58,30.83,89.55,34.63,11.6765,2.932,14.6085,0.454,32.176,0.4246,0.1002
151,22.3322,0.3078,60.51,39.02,79.84,5.477,1.5722,7.0492,0.2425,29.071,0.6927,0.0167
152,22.3699,0.3367,62.73,21.44,58.89,5.705,1.7179,7.4229,0.2619,28.3474,0.6679,0.0168
153,34.2433,0.5353,15.11,66.21,78.77,9.6326,2.6536,12.2863,0.4177,29.4165,0.4708,0.1176
154,32.6589,0.4159,49.54,71.22,0.42,8.9587,1.8964,10.8551,0.3193,33.9926,0.5953,0.0167
155,32.1016,0.4788,64.15,70.96,23.05,8.9949,2.4146,11.4095,0.3722,30.6572,0.5283,0.1216
156,29.9774,0.662,65.96,60.06,48.76,7.7842,3.2867,11.0708,0.512,21.6212,0.3511,0.126
157,39.2913,0.328,89.01,42.62,49.92,9.9208,1.6988,11.6196,0.2518,46.1377,0.6807,0.0157
158,42.4468,0.3487,79.46,54.6,46.59,10.9855,1.8827,12.8682,0.2679,48.0249,0.6606,0.0145
159,46.6012,0.6016,34.06,36.62,39.98,12.8178,3.1409,15.9586,0.4708,33.8976,0.4036,0.0904
160,32.58,0.5858,79.88,54.1,55.11,8.9695,2.8885,11.858,0.4561,26.0001,0.422,0.1115
161,27.1061,0.6095,75.63,24.37,4.6,7.3154,2.8866,10.202,0.4797,21.267,0.3918,0.1501
162,36.0493,0.3344,43.37,51.19,55.67,9.2759,1.8027,11.0786,0.2629,42.1363,0.6668,0.0151
163,35.8908,0.4725,77.94,51.53,50.08,10.0393,2.406,12.4453,0.3664,33.9672,0.5358,0.1142
164,25.9465,0.595,26.8,17.79,1.86,7.1187,2.8229,9.9416,0.4767,20.8553,0.3961,0.1686
165,37.4634,0.6381,11.04,16.65,63.48,9.8014,3.2366,13.038,0.5047,25.8313,0.3604,0.1116
166,46.3141,0.6868,82.02,3.06,20.39,11.0845,3.5219,14.6063,0.5629,25.9489,0.2867,0.0774
167,30.3617,0.401,41.41,89.26,85.09,8.2676,2.1462,10.4138,0.3121,33.3631,0.6045,0.0167
168,44.6451,0.6013,18.66,48.79,57.89,12.1378,3.0636,15.2014,0.4769,31.8779,0.3957,0.0917
169,32.6367,0.482,54.17,79.81,65.59,9.1582,2.4088,11.5671,0.3747,30.8716,0.5253,0.1388
170,43.7866,0.4861,58.14,70.17,59.32,12.3745,2.5315,14.9059,0.3792,39.3131,0.5195,0.0961
171,18.0849,0.3166,83.44,6.45,54.49,4.3992,1.4567,5.8559,0.2284,25.6437,0.7106,0.022
172,46.0285,0.4343,14.63,44.68,76.84,12.6982,2.336,15.0342,0.334,45.015,0.5767,0.0899
173,30.7599,0.6301,22.43,57.24,21.1,8.1769,3.251,11.4279,0.5049,22.633,0.3602,0.1315
174,20.2621,0.6369,72.55,15.8,38.08,5.2332,3.0823,8.3156,0.5037,16.5084,0.3618,0.2093
175,38.5827,0.438,86.44,54.31,87.21,10.7602,2.2196,12.9799,0.3426,37.8838,0.5657,0.1023
176,43.1887,0.3715,49.28,28.92,36.65,11.5467,2.0676,13.6143,0.2936,46.3747,0.6281,0.0156
177,38.316,0.605,27.4,3.11,6.34,10.3165,3.1479,13.4644,0.4936,27.276,0.3746,0.1236
178,22.8486,0.376,65.63,58.44,5.91,6.03,1.9818,8.0118,0.2809,28.5176,0.644,0.0218
179,37.3595,0.6475,26.17,81.19,26.82,9.7353,3.2272,12.9624,0.5135,25.2448,0.3496,0.1105
180,27.2649,0.5302,29.77,79.52,52.09,7.6409,2.5787,10.2196,0.4147,24.6446,0.4745,0.1437
181,36.8027,0.3562,15.53,27.41,7.63,9.4905,1.8853,11.3758,0.2663,42.7166,0.6626,0.0176
182,26.5232,0.354,36.09,79.67,3.88,6.7763,1.5811,8.3574,0.2614,31.9751,0.6689,0.017
183,24.4334,0.3199,2.52,79.13,68.35,6.2955,1.636,7.9315,0.2668,29.7232,0.6617,0.0187
184,37.9375,0.5307,36.13,58.62,53.14,10.6328,2.7119,13.3448,0.4198,31.7874,0.4681,0.1094
185,26.4598,0.4999,72.39,9.71,63.92,7.4762,2.5005,9.9766,0.3921,25.4456,0.5033,0.1375
186,20.157,0.6761,60.72,77.53,27.79,5.197,3.3243,8.5213,0.5237,16.2712,0.3363,0.179
187,33.2158,0.5757,39.07,20.26,39.78,9.1577,2.8479,12.0056,0.4534,26.4774,0.4255,0.1286
188,16.7228,0.35,9.47,15.31,87.79,4.3552,1.7841,6.1394,0.2783,22.0614,0.6448,0.0214
189,26.2039,0.4014,49.71,80.32,48.01,7.0149,1.8874,8.9022,0.3055,29.1418,0.6129,0.0159
190,38.2541,0.308,89.68,7.07,28.23,9.4048,1.665,11.0698,0.2426,45.6288,0.6926,0.017
191,23.6014,0.5647,31.43,13.93,37.21,6.4997,2.7641,9.2639,0.4478,20.6887,0.4325,0.148
192,23.5,0.6143,50.35,52.79,35.25,6.2983,3.0814,9.3797,0.4912,19.0971,0.3779,0.1795
193,21.0438,0.3402,9.72,67.69,15.91,5.3513,1.5851,6.9364,0.2646,26.2116,0.6646,0.0231
194,31.4173,0.6363,70.06,31.49,32.08,8.3356,3.2338,11.5694,0.4973,23.2661,0.3699,0.1268
195,44.068,0.4593,2.19,53.67,63.94,12.2842,2.5318,14.816,0.3614,40.9987,0.542,0.093
196,46.8307,0.6954,87.29,83.14,33.28,11.5543,3.5184,15.0727,0.5449,27.6598,0.3096,0.0814
197,45.5904,0.6118,67.29,37.57,3.36,12.3335,3.0401,15.3736,0.4844,31.736,0.3865,0.0963
198,32.811,0.6895,61.3,49.47,20.65,8.1792,3.4191,11.5983,0.5439,21.325,0.311,0.126
199,36.9503,0.5516,75.36,32.49,17.5,10.3402,2.8114,13.1517,0.4308,30.5257,0.4539,0.1083
200,17.7717,0.518,49.8,2.78,39.13,5.0316,2.546,7.5776,0.4096,18.4982,0.481,0.2417
201,26.1925,0.5702,79.89,67.49,42.33,7.2776,2.6992,9.9768,0.4423,22.556,0.4395,0.15
202,36.4004,0.3855,83.79,25.48,3.2,9.6185,2.125,11.7436,0.2919,40.2339,0.6301,0.0156
203,20.1713,0.3224,77.21,32.48,86.78,5.0609,1.5551,6.616,0.2499,26.4709,0.6833,0.0182
204,23.0931,0.5584,24.34,41.75,4.76,6.5525,2.9962,9.5487,0.4322,22.0941,0.4523,0.1902
205,20.2202,0.4356,30.29,80.34,88.63,5.3879,2.0912,7.479,0.3303,22.6442,0.5814,0.0206
206,19.8247,0.5317,59.69,37.0,82.16,5.4277,2.617,8.0447,0.4107,19.5902,0.4797,0.1834
207,29.5532,0.4118,70.69,8.6,59.78,8.0695,2.2004,10.2699,0.3245,31.6452,0.5887,0.0216
208,29.2829,0.3946,51.15,56.73,80.21,7.9692,2.0332,10.0024,0.3074,32.538,0.6104,0.0164
209,18.1946,0.6771,33.28,30.21,36.71,4.6509,3.348,7.999,0.5411,14.7839,0.3145,0.2253
210,23.1577,0.6596,0.0,38.77,30.66,5.9555,3.3548,9.3104,0.5375,17.3232,0.319,0.188
211,24.6427,0.3406,87.41,12.65,1.9,6.0702,1.7021,7.7723,0.2588,30.0342,0.6721,0.0173
212,29.0866,0.4083,58.82,72.8,49.39,7.9084,2.0753,9.9837,0.3187,31.3257,0.5961,0.0172
213,22.9673,0.6141,13.46,17.34,53.56,6.1731,3.0335,9.2066,0.4781,19.2581,0.3941,0.2036
214,30.6097,0.5467,77.23,53.94,84.8,8.5264,2.7529,11.2793,0.4325,26.0809,0.4519,0.1426
215,16.4362,0.3211,71.58,82.64,43.08,3.8772,1.5766,5.4537,0.2278,23.9423,0.7111,0.0186
216,43.3411,0.3114,73.84,72.59,63.39,10.685,1.6624,12.3474,0.2354,52.4598,0.7018,0.0143
217,36.4476,0.3805,33.07,74.76,26.62,9.7003,2.0341,11.7344,0.2948,39.8101,0.6266,0.0156
218,39.8448,0.6504,56.29,52.18,48.35,10.443,3.2909,13.7339,0.5129,26.7762,0.3501,0.095
219,36.1043,0.4461,0.92,74.6,89.85,10.0558,2.357,12.4128,0.3535,35.1167,0.5522,0.116
220,29.4703,0.365,74.51,70.58,67.77,7.6945,1.9574,9.6519,0.28,34.4693,0.6451,0.0166
221,24.746,0.5288,82.65,41.22,17.92,6.9621,2.6421,9.6041,0.4186,22.9458,0.4695,0.1716
222,28.0121,0.6115,37.21,84.3,67.51,7.6314,2.9443,10.5757,0.477,22.1723,0.3956,0.1396
223,29.7747,0.6205,3.88,52.54,11.98,8.1444,3.1074,11.2518,0.4681,24.0387,0.407,0.1385
224,38.8382,0.5089,73.93,35.81,62.79,10.8584,2.4738,13.3322,0.3969,33.5908,0.4971,0.1029
225,29.4789,0.4338,88.48,8.16,7.45,8.0917,2.2542,10.346,0.3299,31.3636,0.582,0.0175
226,41.1606,0.5851,76.4,41.89,83.79,11.2508,3.0039,14.2547,0.4583,31.1068,0.4194,0.0925
227,15.8453,0.5312,46.46,19.81,73.9,4.5517,2.5436,7.0952,0.4014,17.6769,0.4914,0.2506
228,19.1694,0.3559,24.05,67.23,27.5,4.8175,1.6016,6.4191,0.2611,24.5876,0.669,0.0179
229,43.7105,0.4929,58.71,61.29,22.63,12.3398,2.5651,14.9049,0.3852,38.6954,0.512,0.0906
230,19.1398,0.4418,38.67,85.84,41.62,5.2491,2.1924,7.4415,0.3383,21.9968,0.5713,0.0185
231,44.3504,0.6894,24.52,48.61,14.2,10.9625,3.509,14.4716,0.5516,26.2336,0.3011,0.0904
232,41.4085,0.6263,66.5,26.86,47.94,11.1325,3.2398,14.3723,0.4873,29.4936,0.3826,0.0962
233,37.8054,0.4713,8.49,53.29,67.38,10.621,2.4102,13.0312,0.3693,35.2906,0.5319,0.114
234,46.9206,0.4599,53.78,78.92,77.37,13.206,2.33,15.536,0.3618,42.9423,0.5416,0.0878
235,35.2857,0.6812,36.58,70.51,19.32,8.762,3.4146,12.1766,0.5434,22.4097,0.3117,0.116
236,27.4416,0.6822,38.7,44.23,52.49,6.9073,3.2562,10.1636,0.5352,18.9904,0.3219,0.1368
237,31.7483,0.4589,81.97,75.44,68.11,8.9079,2.3155,11.2234,0.3581,31.3447,0.5461,0.1237
238,33.0658,0.5109,35.54,3.98,74.9,9.3265,2.5171,11.8436,0.3992,29.6691,0.4942,0.113
239,23.2389,0.3556,24.56,65.04,12.25,5.7445,1.7321,7.4766,0.25,29.904,0.683,0.0203
240,16.6796,0.4295,35.13,4.55,42.64,4.6256,2.0517,6.6774,0.3176,21.0243,0.5975,0.0179
241,38.4225,0.6165,8.93,57.28,73.71,10.3958,3.0752,13.4711,0.487,27.6621,0.383,0.1069
242,39.3499,0.5458,35.08,16.29,83.62,10.824,2.6773,13.5013,0.4283,31.5253,0.4574,0.1049
243,43.4017,0.3937,22.74,18.07,22.96,11.6722,2.1364,13.8086,0.3004,45.9699,0.6195,0.0185
244,17.5572,0.5201,82.52,36.2,88.21,4.8193,2.5571,7.3764,0.4067,18.1376,0.4846,0.1994
245,42.2177,0.3625,75.27,66.01,19.56,11.0045,1.8581,12.8627,0.2771,46.4198,0.6489,0.0166
246,25.0649,0.3019,43.69,43.81,25.26,5.936,1.4081,7.3441,0.2242,32.7533,0.7157,0.0164
247,33.362,0.5812,17.77,18.59,70.69,9.136,2.9771,12.1131,0.4617,26.2361,0.415,0.1111
248,29.7485,0.4892,2.78,20.42,82.43,8.1668,2.3734,10.5403,0.3754,28.0765,0.5242,0.1284
249,37.8827,0.6614,68.5,11.98,21.65,9.7759,3.323,13.0989,0.5208,25.1531,0.3405,0.1044
250,23.3812,0.6722,50.36,31.17,0.8,5.9509,3.4637,9.4146,0.5303,17.7522,0.3278,0.182
251,40.8814,0.4581,83.79,16.85,12.17,11.4259,2.3476,13.7735,0.3558,38.7117,0.5492,0.0968
252,29.0788,0.6709,38.98,87.09,32.35,7.2925,3.3378,10.6303,0.5324,19.9674,0.3252,0.1291
253,19.0358,0.3794,82.7,21.43,64.27,4.9964,1.9079,6.9043,0.298,23.1725,0.6225,0.0163
254,28.6709,0.6337,86.53,22.64,43.49,7.6749,3.0906,10.7655,0.4878,22.0688,0.3818,0.1475
255,20.1188,0.3017,56.98,78.41,87.61,4.7344,1.431,6.1655,0.2145,28.7475,0.7282,0.0172
256,36.6849,0.5721,6.88,65.3,3.82,10.1618,3.0892,13.251,0.4481,29.5731,0.4324,0.1192
257,22.5206,0.3056,4.82,8.61,18.53,5.636,1.5406,7.1766,0.2485,28.8831,0.6767,0.0217
258,40.4649,0.5621,14.51,80.79,39.54,11.1813,2.931,14.1122,0.4448,31.7301,0.4366,0.1052
259,25.1812,0.6474,64.89,48.45,63.13,6.7117,3.0446,9.7563,0.502,19.435,0.3639,0.1593
260,30.8598,0.4278,64.53,41.26,52.98,8.5264,2.1553,10.6817,0.3335,32.0259,0.5774,0.0164
261,26.6931,0.4601,21.56,32.26,55.91,7.4375,2.2126,9.6501,0.3612,26.7145,0.5421,0.1566
262,40.61,0.6658,49.19,57.09,55.28,10.573,3.3005,13.8735,0.5196,26.7024,0.3418,0.0967
263,41.667,0.3862,25.8,27.94,27.5,11.241,2.0289,13.27,0.2989,44.3926,0.6213,0.0151
264,45.293,0.62,19.39,25.21,13.79,12.1833,3.226,15.4093,0.4914,31.3583,0.3774,0.0913
265,31.4608,0.4499,5.36,41.28,57.32,8.7204,2.4138,11.1342,0.3517,31.6559,0.5543,0.1366
266,39.4827,0.4163,35.92,42.9,44.27,10.9636,2.1848,13.1484,0.3241,40.5727,0.5893,0.0157
267,25.2325,0.3077,30.98,63.26,42.58,6.0452,1.5153,7.5605,0.233,32.4545,0.7046,0.0177
268,29.2524,0.5779,64.85,53.41,30.69,8.1929,2.9115,11.1043,0.4477,24.8025,0.4326,0.1348
269,21.285,0.3638,5.21,43.58,88.42,5.6885,2.1329,7.8214,0.3071,25.469,0.6108,0.0216
270,18.5349,0.6699,17.2,54.3,13.59,4.7284,3.4216,8.15,0.5302,15.3719,0.3281,0.2379
271,33.7114,0.5869,88.83,5.69,11.0,9.1725,2.8456,12.018,0.4636,25.9211,0.4125,0.1339
272,26.1372,0.4299,28.9,41.03,13.46,7.2123,1.9579,9.1701,0.3296,27.8199,0.5823,0.0194
273,26.9303,0.6943,21.26,14.0,70.47,6.541,3.4325,9.9735,0.5454,18.2877,0.309,0.1509
274,37.6803,0.3135,1.7,11.33,71.95,9.6351,1.6151,11.2501,0.259,43.4316,0.6712,0.0207
275,20.5764,0.6654,89.47,18.44,30.29,5.2308,3.1161,8.3468,0.5185,16.0995,0.343,0.2005
276,26.907,0.5592,55.83,6.03,27.64,nan,nan,nan,nan,nan,nan,nan
277,22.915,0.3781,38.61,77.63,4.93,5.9501,1.9265,7.8766,0.272,28.9606,0.6553,0.019
278,41.1829,0.5839,72.81,24.3,76.97,11.2924,2.9827,14.2751,0.4575,31.2025,0.4204,0.0949
279,29.8013,0.5555,81.97,19.96,76.14,8.297,2.8953,11.1923,0.4358,25.6837,0.4481,0.1303
280,40.0574,0.4665,56.8,70.87,29.74,11.2414,2.4093,13.6507,0.3642,37.4765,0.5385,0.1068
281,21.3145,0.3665,35.7,55.43,73.59,5.5132,1.8207,7.3338,0.2826,25.9533,0.642,0.0164
282,20.9276,0.4508,52.33,47.45,72.27,5.7556,2.2684,8.024,0.3578,22.426,0.5465,0.1834
283,22.5537,0.3831,77.55,50.4,16.79,5.9895,1.9579,7.9474,0.2895,27.4478,0.6331,0.0183
284,44.6012,0.5448,31.74,18.15,74.0,12.3664,2.8337,15.2001,0.4265,35.6382,0.4597,0.0945
285,34.373,0.6156,28.04,14.19,54.53,9.1737,3.1209,12.2946,0.4859,25.3007,0.3841,0.111
286,34.354,0.5552,67.62,15.39,3.24,9.4811,2.7283,12.2094,0.4292,28.4468,0.4561,0.1338
287,22.4618,0.4896,56.92,66.54,29.18,6.2955,2.4946,8.7901,0.3796,23.1572,0.5189,0.1721
288,39.4856,0.6905,37.81,8.47,87.46,9.7747,3.3719,13.1466,0.5408,24.3075,0.3148,0.0936
289,39.8287,0.361,77.97,10.33,55.15,10.3949,1.8089,12.2037,0.2792,43.7142,0.6463,0.0159
290,35.5552,0.4596,63.62,8.86,24.1,9.9004,2.3134,12.2138,0.3548,34.4232,0.5501,0.1208
291,42.9097,0.3944,66.75,37.62,79.25,11.5691,2.1418,13.7109,0.3057,44.8454,0.6125,0.0159
292,36.7189,0.3632,31.89,76.3,18.82,9.6338,1.8918,11.5256,0.276,41.7604,0.6503,0.0152
293,28.9368,0.5481,59.49,83.46,64.02,8.1445,2.7842,10.9287,0.429,25.4764,0.4564,0.1377
294,45.6071,0.5299,66.36,86.37,27.31,12.7821,2.6764,15.4585,0.4128,37.4443,0.4769,0.083
295,39.3159,0.6716,28.11,16.59,50.17,9.8305,3.2791,13.1096,0.5321,24.6355,0.3256,0.0964
296,44.9311,0.5581,83.37,17.39,14.56,12.3461,2.8904,15.2366,0.4407,34.5705,0.4416,0.0941
297,25.1805,0.5563,33.18,84.43,71.06,6.9859,2.8448,9.8307,0.4355,22.5736,0.4482,0.1585
298,27.7223,0.4148,52.34,25.54,75.24,7.5658,2.0977,9.6635,0.3165,30.5343,0.5989,0.0167
299,16.3229,0.4889,47.32,44.2,50.19,4.5841,2.3363,6.9204,0.3576,19.3514,0.5467,0.2314
300,21.477,0.6487,41.89,45.96,79.2,5.6443,3.2774,8.9217,0.5123,17.4153,0.3511,0.1836
301,43.7909,0.6007,82.88,13.76,25.77,11.6842,3.2117,14.8959,0.4807,30.9886,0.3912,0.088
302,38.5681,0.4979,46.09,64.38,15.43,10.9262,2.4328,13.359,0.3865,34.5669,0.5103,0.0982
303,24.9662,0.3924,26.23,11.87,24.53,6.6208,1.9083,8.529,0.2973,28.6878,0.6232,0.0197
304,43.8521,0.4278,10.55,73.52,59.71,12.1458,2.2483,14.3941,0.3322,43.335,0.5791,0.0959
305,19.4529,0.4158,72.74,87.42,8.77,5.2645,2.0796,7.3441,0.3304,22.2246,0.5812,0.0206
306,21.6225,0.5739,87.91,11.71,80.02,5.944,2.7622,8.7062,0.4484,19.4151,0.4319,0.1782
307,35.3447,0.6103,55.79,39.2,76.03,9.5239,3.0233,12.5472,0.4808,26.0956,0.3909,0.1113
308,37.5704,0.5388,56.79,27.52,70.15,10.5018,2.6564,13.1583,0.4273,30.7905,0.4585,0.109
309,19.3674,0.6554,60.24,84.39,35.2,4.9494,3.1996,8.1489,0.5212,15.6349,0.3394,0.2124
310,33.9508,0.5235,75.38,88.59,15.49,9.474,2.581,12.055,0.4058,29.7091,0.4857,0.1171
311,29.6633,0.6888,44.16,43.49,13.71,7.3371,3.4242,10.7614,0.5453,19.7336,0.3091,0.1286
312,31.4352,0.3642,0.01,65.78,74.7,8.2348,1.9057,10.1406,0.2756,36.7979,0.6508,0.0153
313,21.3465,0.683,67.51,11.23,71.38,5.3407,3.2862,8.6269,0.5421,15.9144,0.3129,0.1868
314,19.5701,0.5378,15.41,56.39,73.15,5.4787,2.7697,8.2484,0.4179,19.736,0.4704,0.2205
315,30.4604,0.5017,78.04,76.56,7.92,8.4923,2.6497,11.142,0.3935,28.3153,0.5012,0.1366
316,28.1862,0.5734,44.8,36.4,32.5,7.824,2.686,10.51,0.4409,23.8398,0.4414,0.1436
317,46.334,0.3754,51.96,17.97,68.61,12.3791,2.026,14.4052,0.2918,49.3669,0.6303,0.0152
318,30.5172,0.5342,24.78,73.27,65.12,8.5846,2.7436,11.3282,0.4206,26.9361,0.4671,0.1275
319,34.2843,0.3857,50.94,48.67,25.95,9.205,2.0336,11.2386,0.2959,37.9866,0.6251,0.0162
320,17.4308,0.5507,50.24,56.29,88.43,4.8847,2.5741,7.4588,0.4186,17.8202,0.4694,0.242
321,23.4316,0.3011,41.87,44.79,32.2,5.5532,1.5632,7.1164,0.2262,31.4672,0.7132,0.018
322,18.5193,0.3561,42.97,38.16,18.48,4.6435,1.8697,6.5132,0.2551,25.5333,0.6767,0.0179
323,38.0372,0.5661,49.13,46.89,89.69,10.5593,2.7918,13.3512,0.4469,29.8722,0.4339,0.1115
324,39.6269,0.4128,73.27,0.64,67.52,10.7936,2.0861,12.8797,0.3112,41.3884,0.6057,0.0164
325,43.3503,0.4339,73.44,11.01,88.85,11.922,2.2934,14.2154,0.338,42.0614,0.5717,0.0912
326,37.8427,0.4481,79.67,64.11,70.14,10.5762,2.2791,12.8553,0.3488,36.8574,0.5579,0.1059
327,33.788,0.5826,77.84,38.21,5.13,9.2803,2.9314,12.2116,0.4582,26.6533,0.4192,0.1233
328,38.7747,0.461,6.39,85.32,35.92,10.7942,2.3539,13.1481,0.3648,36.0424,0.5379,0.1075
329,25.1999,0.5406,51.44,12.51,14.86,7.0044,2.6533,9.6576,0.4257,22.6864,0.4606,0.1876
330,34.0605,0.5802,0.9,64.08,69.27,9.4798,3.0166,12.4964,0.455,27.4639,0.4234,0.1089
331,26.7755,0.5033,8.83,2.06,15.77,7.3756,2.4592,9.8348,0.3895,25.2502,0.5067,0.185
332,16.8931,0.6175,46.6,60.46,69.06,4.4839,2.9376,7.4215,0.4696,15.805,0.4051,0.2222
333,40.0445,0.3962,37.82,46.38,59.75,11.0292,2.0743,13.1035,0.3132,41.8337,0.6033,0.0152
334,46.353,0.4704,29.98,42.53,8.57,13.1073,2.4131,15.5204,0.36,43.1115,0.5438,0.0938
335,36.7623,0.5321,72.34,12.6,18.4,10.2073,2.6981,12.9053,0.415,31.1004,0.4744,0.117
336,32.5731,0.4817,86.54,7.65,44.74,9.0844,2.347,11.4314,0.3773,30.3012,0.522,0.1219
337,21.7312,0.5181,84.97,50.52,10.61,6.0717,2.542,8.6137,0.4,21.5317,0.493,0.1854
338,41.6584,0.4757,41.43,21.95,35.63,11.674,2.4523,14.1263,0.3715,38.0283,0.5293,0.0957
339,26.9725,0.3326,8.78,67.61,83.08,6.9068,1.371,8.2777,0.258,32.0904,0.6729,0.0164
340,38.0131,0.5427,65.65,69.6,6.24,10.7189,2.7587,13.4776,0.4268,31.5819,0.4591,0.1054
341,42.4576,0.5661,81.32,1.2,38.85,11.7262,3.0262,14.7525,0.4536,32.5198,0.4252,0.084
342,19.393,0.3306,86.41,73.52,28.77,4.7789,1.7312,6.5101,0.2487,26.1815,0.685,0.0183
343,33.7961,0.6305,32.38,8.6,59.24,8.9372,3.0882,12.0254,0.493,24.3929,0.3754,0.1182
344,40.9474,0.3265,71.03,56.77,23.27,10.2748,1.7448,12.0196,0.2485,48.3773,0.685,0.0158
345,24.441,0.3959,42.42,59.99,36.07,6.5895,2.0286,8.6181,0.3074,28.0386,0.6105,0.0175
346,45.3232,0.5306,89.59,61.26,14.33,12.6333,2.6589,15.2921,0.4177,36.6134,0.4706,0.0945
347,32.531,0.3508,57.59,6.14,81.98,8.3338,1.712,10.0458,0.2619,38.3533,0.668,0.0233
348,30.876,0.423,74.4,29.0,64.86,8.5574,2.2574,10.8147,0.3342,32.3582,0.5764,0.0178
349,25.5458,0.3967,30.62,40.83,89.2,6.8709,2.0295,8.9004,0.3109,28.6305,0.6062,0.0171
350,32.4667,0.4072,21.4,56.55,12.26,8.8249,1.9449,10.7698,0.3057,35.2289,0.6126,0.0168
351,21.5847,0.5203,36.49,63.07,65.62,5.9659,2.6392,8.6051,0.3999,21.5182,0.4931,0.1896
352,19.9069,0.3194,32.17,38.84,3.83,4.8937,1.4163,6.3101,0.2327,27.1186,0.705,0.0188
353,38.2151,0.4294,44.6,54.58,3.23,10.6761,2.1099,12.786,0.3325,38.4494,0.5786,0.1154
354,18.299,0.3058,80.58,82.06,14.49,4.2848,1.5998,5.8847,0.2233,26.3548,0.7169,0.0176
355,36.3403,0.5993,20.9,55.6,5.03,9.9309,3.241,13.1719,0.4769,27.6195,0.3957,0.1182
356,44.2158,0.6303,86.05,4.89,16.55,11.6411,3.2114,14.8525,0.5039,29.4772,0.3615,0.0987
357,37.9949,0.357,71.75,13.5,79.99,9.8887,1.8616,11.7502,0.279,42.1186,0.6465,0.0163
358,16.6444,0.5214,69.09,77.69,15.43,4.6397,2.414,7.0537,0.3855,18.2995,0.5117,0.2481
359,40.7632,0.5489,51.02,3.44,46.77,11.4063,2.8824,14.2887,0.4333,32.9766,0.451,0.106
360,40.3488,0.5486,85.64,79.2,71.98,11.31,2.8545,14.1645,0.4305,32.9035,0.4544,0.0973
361,39.0492,0.5255,57.42,42.82,51.75,11.0588,2.7403,13.7991,0.4116,33.5239,0.4783,0.1042
362,25.6052,0.628,16.5,38.74,30.92,6.896,3.0567,9.9527,0.4996,19.9199,0.3669,0.165
363,24.3922,0.3954,20.88,23.19,26.49,6.426,1.9854,8.4114,0.3012,27.9231,0.6181,0.021
364,22.8304,0.5863,59.18,41.62,38.49,6.2993,2.9639,9.2631,0.4629,20.0109,0.4136,0.1724
365,17.2235,0.6238,71.97,33.12,5.9,4.5805,3.2457,7.8263,0.4898,15.9778,0.3793,0.279
366,17.4339,0.3448,69.33,26.96,11.59,4.3723,1.6881,6.0604,0.249,24.3431,0.6845,0.0201
367,17.0937,0.6315,33.1,70.16,32.46,4.6334,2.9093,7.5427,0.4831,15.6116,0.3878,0.2381
368,37.9039,0.3437,38.54,55.66,69.25,9.816,1.7981,11.6141,0.2672,43.4658,0.6613,0.0151
369,20.6393,0.6572,67.13,78.06,36.04,5.3725,3.2393,8.6118,0.5168,16.6624,0.3449,0.182
370,44.4124,0.5528,8.17,21.4,2.58,12.6101,2.8795,15.4896,0.4347,35.635,0.4492,0.1087
371,44.4333,0.6278,73.8,13.86,50.23,11.6788,3.2445,14.9233,0.4981,29.9597,0.3689,0.0927
372,18.3747,0.5585,33.93,71.22,47.93,4.978,2.6851,7.663,0.4371,17.5323,0.4461,0.2221
373,36.4563,0.513,77.31,76.16,30.47,10.1761,2.6385,12.8146,0.3998,32.0544,0.4934,0.1042
374,27.6628,0.6239,51.66,9.43,51.51,7.4242,3.062,10.4863,0.4904,21.3851,0.3789,0.149
375,47.038,0.3544,67.8,33.71,87.07,12.3109,1.8259,14.1368,0.2782,50.8064,0.6474,0.0146
376,25.1761,0.5608,32.03,4.24,18.9,7.0343,2.8626,9.8969,0.4522,21.884,0.427,0.1608
377,38.2255,0.4076,2.37,71.47,3.74,10.4997,1.9492,12.4489,0.3266,38.1142,0.5857,0.1105
378,17.6442,0.6564,79.14,31.85,77.36,4.5828,3.1088,7.6917,0.5002,15.3767,0.3663,0.2378
379,19.7416,0.4538,16.44,74.62,10.62,5.3812,2.2693,7.6505,0.3476,22.0123,0.5595,0.2061
380,34.7688,0.3411,23.49,43.73,74.09,8.962,1.8151,10.7771,0.2627,41.0242,0.667,0.0149
381,25.9186,0.6652,76.6,10.39,44.12,6.6514,3.2436,9.895,0.5183,19.0913,0.3435,0.141
382,34.0137,0.4947,81.82,18.87,44.52,9.4904,2.5035,11.9938,0.3877,30.9377,0.5088,0.116
383,45.2778,0.4677,49.15,78.94,40.72,12.7551,2.3855,15.1406,0.3653,41.4447,0.537,0.0942
384,23.9648,0.4953,0.41,16.64,30.02,6.837,2.5131,9.3501,0.3986,23.4553,0.4942,0.2003
385,39.0281,0.5319,51.89,1.79,74.32,10.8963,2.7554,13.6517,0.422,32.349,0.4654,0.1065
386,31.1047,0.6308,67.28,62.04,75.61,8.1933,3.1536,11.3469,0.4979,22.7886,0.369,0.1337
387,40.8531,0.691,2.25,33.83,83.51,10.5491,3.2866,13.8357,0.5206,26.5748,0.3401,0.094
388,21.0216,0.5316,12.49,36.54,13.51,5.9022,2.5374,8.4396,0.4091,20.6305,0.4815,0.2044
389,25.1545,0.4184,76.85,29.57,75.14,6.8614,2.1297,8.9911,0.3343,26.8931,0.5763,0.0176
390,25.7071,0.3543,70.33,12.32,31.14,6.615,1.7753,8.3903,0.2716,30.8927,0.6556,0.0173
391,40.3418,0.6398,89.2,68.57,50.87,10.55,3.2223,13.7724,0.5049,27.2767,0.3605,0.1009
392,42.2332,0.6848,13.46,65.07,32.69,10.4254,3.4929,13.9183,0.5442,25.5778,0.3105,0.0959
393,22.5838,0.4593,19.76,43.63,65.71,6.2689,2.3333,8.6023,0.3624,23.7382,0.5407,0.1908
394,29.6349,0.4965,18.97,71.7,84.65,8.3477,2.4992,10.8469,0.3886,27.9096,0.5075,0.1451
395,18.0911,0.3539,5.3,74.69,70.43,4.6357,1.933,6.5687,0.2713,24.2152,0.6562,0.0193
396,44.2521,0.398,80.41,34.77,41.2,12.0508,2.1637,14.2146,0.3135,45.3413,0.6029,0.0146
397,46.4915,0.3131,74.54,73.67,12.43,11.4062,1.6061,13.0123,0.2346,55.4541,0.7026,0.0148
398,28.9674,0.3601,34.46,71.17,76.11,7.4641,1.7695,9.2336,0.2724,33.8999,0.6548,0.017
399,40.9685,0.5129,31.85,77.68,26.66,11.4451,2.5962,14.0413,0.3978,35.294,0.4961,0.0998
400,42.6513,0.4462,83.56,16.47,63.87,11.8555,2.3666,14.2221,0.3452,41.1991,0.5626,0.092
401,19.1086,0.3667,40.74,74.64,76.34,4.9004,1.7999,6.7003,0.2775,24.1435,0.6483,0.0167
402,16.1229,0.4205,30.74,36.16,23.4,4.378,1.8313,6.2093,0.3055,20.3228,0.6126,0.021
403,33.0252,0.3779,76.35,7.95,44.23,8.8196,1.8642,10.6837,0.297,35.9664,0.6235,0.0208
404,21.7834,0.6051,46.29,80.56,6.36,5.888,2.8925,8.7806,0.463,18.963,0.4132,0.1714
405,32.4639,0.3738,9.28,44.23,59.15,8.6636,1.9513,10.6149,0.2919,36.3707,0.6301,0.0159
406,35.1392,0.4078,8.34,74.07,15.9,9.6417,2.1083,11.75,0.3162,37.156,0.599,0.0174
407,26.964,0.3817,63.44,40.47,48.5,7.1587,1.8177,8.9764,0.296,30.3266,0.6249,0.0159
408,30.5052,0.3065,28.76,88.71,8.3,7.25,1.6167,8.8667,0.2216,40.0166,0.7192,0.0161
409,19.5991,0.5371,9.9,71.62,32.84,5.4016,2.7541,8.1557,0.4114,19.8257,0.4788,0.2359
410,38.8219,0.6645,65.1,60.09,25.01,10.0693,3.2931,13.3623,0.5239,25.5066,0.3363,0.099
411,24.9943,0.6939,39.42,29.26,3.57,5.9934,3.4811,9.4744,0.5649,16.772,0.2842,0.1674
412,36.9348,0.5049,6.98,25.09,79.15,10.4056,2.5554,12.961,0.3967,32.6748,0.4972,0.1234
413,38.9993,0.6281,69.94,35.9,60.05,10.4293,3.0575,13.4868,0.4899,27.527,0.3793,0.0982
414,28.2908,0.6279,60.73,17.88,60.93,7.6072,3.0903,10.6975,0.4871,21.9606,0.383,0.1428
415,17.7192,0.3636,70.83,5.86,48.67,4.5928,1.7108,6.3036,0.2762,22.8198,0.65,0.0173
416,39.4542,0.3238,2.11,34.67,51.95,10.2215,1.5735,11.795,0.2645,44.5917,0.6644,0.0233
417,45.3957,0.5325,83.53,55.34,82.47,12.7152,2.763,15.4782,0.4237,36.5307,0.4632,0.0888
418,15.9551,0.5602,7.58,53.35,82.41,4.3427,2.3954,6.7381,0.4137,16.2888,0.4757,0.2572
419,23.7932,0.5379,35.35,27.53,84.11,6.6342,2.7838,9.418,0.4312,21.8432,0.4538,0.1674
420,29.3971,0.3062,45.05,57.32,25.04,7.165,1.5635,8.7284,0.2319,37.6344,0.706,0.0158
421,32.6604,0.6912,7.94,16.09,20.84,8.045,3.5591,11.6041,0.5474,21.1974,0.3064,0.1379
422,19.4889,0.3744,76.93,7.74,39.43,5.1519,1.7943,6.9462,0.2832,24.526,0.6409,0.0164
423,23.9384,0.6991,10.6,46.1,17.97,5.927,3.4098,9.3368,0.5504,16.9636,0.3025,0.1804
424,43.1221,0.5789,12.98,78.64,26.97,11.8481,2.9745,14.8226,0.4565,32.4734,0.4218,0.0997
425,43.5114,0.3572,85.46,53.29,84.72,11.4297,1.8081,13.2377,0.2734,48.4259,0.6536,0.0145
426,38.0549,0.3749,3.02,14.03,3.95,10.1692,1.7651,11.9343,0.3047,39.1649,0.6129,0.1107
427,31.3276,0.4086,69.38,51.13,70.53,8.5846,2.1597,10.7442,0.3209,33.4858,0.5935,0.0165
428,33.6958,0.4257,35.75,1.54,86.7,9.1887,2.0506,11.2393,0.3161,35.553,0.5995,0.0165
429,26.9405,0.5797,70.06,60.73,44.1,7.4354,2.7817,10.2171,0.4484,22.7867,0.4318,0.142
430,44.9533,0.4147,42.72,39.42,18.65,12.4306,2.2203,14.651,0.3247,45.1232,0.5884,0.0949
431,17.8541,0.5188,80.7,5.31,30.19,5.0745,2.583,7.6575,0.4191,18.2693,0.4689,0.253
432,40.6964,0.3456,3.52,9.36,73.16,10.6516,1.8163,12.4679,0.2807,44.4207,0.6436,0.0235
433,37.3945,0.3595,57.17,13.05,3.87,9.6926,1.877,11.5696,0.2732,42.3486,0.6538,0.0171
434,26.7224,0.5089,49.36,82.04,25.45,7.5098,2.4642,9.974,0.3946,25.2782,0.4999,0.1486
435,30.9425,0.3027,31.61,2.94,4.89,7.0179,1.4241,8.4419,0.1956,43.1546,0.752,0.0199
436,25.0672,0.6118,61.88,10.26,85.11,6.6165,3.0481,9.6646,0.4879,19.8071,0.3817,0.1403
437,39.5046,0.3687,12.55,40.04,32.15,10.5005,1.8746,12.3751,0.2833,43.6763,0.6409,0.0155
438,31.491,0.3571,36.63,33.22,86.24,8.1891,1.8499,10.039,0.2754,36.4509,0.6509,0.0148
439,28.5395,0.6439,83.94,23.96,35.05,7.5479,3.1808,10.7287,0.497,21.5875,0.3703,0.1214
440,47.0542,0.5819,49.96,28.94,26.83,13.0017,2.9796,15.9812,0.4531,35.2678,0.4259,0.0855
441,24.082,0.4927,86.99,89.76,18.63,6.748,2.552,9.3,0.3778,24.6188,0.5214,0.1732
442,26.2412,0.3417,35.33,62.96,81.59,6.7382,1.6046,8.3428,0.2653,31.4437,0.6637,0.0185
443,37.2038,0.3355,18.47,26.17,57.14,9.5068,1.7923,11.299,0.2593,43.5685,0.6712,0.0159
444,33.935,0.4124,23.81,22.65,39.48,9.2671,2.177,11.4441,0.3176,36.0275,0.5976,0.0179
445,30.5291,0.5906,16.31,83.16,33.79,8.3034,2.9947,11.298,0.4683,24.1249,0.4066,0.1359
446,26.1654,0.4258,78.6,81.01,45.69,7.2034,2.1132,9.3165,0.3293,28.296,0.583,0.0176
447,45.2995,0.5368,50.17,61.76,24.59,12.7503,2.6969,15.4473,0.4206,36.7264,0.4671,0.0908
448,41.3807,0.349,13.0,43.4,70.41,10.7347,1.9114,12.6461,0.2639,47.9283,0.6656,0.016
449,45.9937,0.3044,12.25,14.38,67.14,10.9021,1.5656,12.4677,0.2236,55.7541,0.7166,0.0173
450,32.344,0.4934,85.93,29.33,75.67,9.0409,2.4502,11.4911,0.382,30.0816,0.5158,0.1261
451,38.2965,0.5186,24.0,2.36,87.05,10.7176,2.7327,13.4503,0.4099,32.8109,0.4805,0.1102
452,41.6143,0.6494,41.53,32.86,89.88,10.8935,3.2739,14.1674,0.5077,27.9026,0.3568,0.0966
453,34.0658,0.5287,40.42,17.79,26.16,9.5078,2.6421,12.1499,0.413,29.4186,0.4766,0.1183
454,24.887,0.6792,79.97,18.95,1.07,6.0285,3.5793,9.6078,0.5435,17.6765,0.3113,0.1579
455,43.3648,0.4761,81.52,76.25,43.22,12.161,2.4996,14.6606,0.3718,39.4364,0.5287,0.0933
456,24.9248,0.3933,40.58,36.66,0.09,6.7402,1.9676,8.7078,0.3008,28.9469,0.6188,0.0176
457,32.864,0.4859,36.12,7.26,7.49,9.2881,2.3229,11.611,0.3758,30.8935,0.5238,0.1307
458,42.8663,0.4464,60.47,12.68,8.23,11.9012,2.3839,14.2851,0.3414,41.8433,0.5674,0.1008
459,34.6718,0.6427,18.62,52.01,46.88,9.112,3.2112,12.3232,0.5087,24.2248,0.3556,0.1289
460,36.9021,0.4864,69.14,83.52,70.14,10.43,2.5337,12.9638,0.3795,34.1576,0.5191,0.1163
461,31.0653,0.6332,19.1,50.41,85.61,8.2931,3.2466,11.5398,0.5057,22.8199,0.3593,0.15
462,42.3031,0.3239,63.57,72.32,30.38,10.5362,1.7427,12.279,0.2475,49.6166,0.6865,0.0154
463,37.5282,0.6261,66.44,88.34,58.78,10.001,3.1722,13.1732,0.4948,26.625,0.373,0.1108
464,21.5454,0.6126,24.07,48.27,86.3,5.7844,3.0396,8.824,0.4858,18.1635,0.3846,0.1906
465,32.8486,0.5073,39.29,23.86,2.66,9.2614,2.4505,11.7119,0.3953,29.6297,0.499,0.1426
466,28.5565,0.363,74.67,9.16,78.65,7.4825,1.8732,9.3556,0.2812,33.2735,0.6437,0.0166
467,45.7505,0.4944,42.96,7.89,52.83,12.8333,2.5164,15.3498,0.3873,39.6366,0.5093,0.0863
468,22.996,0.4187,70.06,40.33,65.51,6.3338,2.1702,8.504,0.3347,25.4096,0.5758,0.0172
469,29.4484,0.3015,62.97,38.79,12.02,7.0878,1.5249,8.6127,0.2273,37.8857,0.7119,0.0151
470,25.8918,0.3875,20.27,62.35,33.79,7.0082,1.9302,8.9384,0.2935,30.454,0.6279,0.0177
471,26.9697,0.4206,70.95,43.12,51.75,7.4142,1.9842,9.3983,0.3261,28.8168,0.5867,0.0187
472,21.2664,0.5093,52.65,1.07,53.74,5.9545,2.3185,8.273,0.3909,21.1648,0.5048,0.2066
473,28.4102,0.6007,26.53,3.31,60.79,7.615,3.1654,10.7804,0.4896,22.0191,0.3798,0.135
474,25.3882,0.4598,2.68,12.12,45.3,7.0998,2.1673,9.2671,0.3635,25.4906,0.539,0.1823
475,45.1773,0.395,33.6,62.91,22.18,12.2234,2.1131,14.3365,0.3058,46.8839,0.6125,0.0155
476,30.14,0.5724,87.37,19.11,28.55,8.2208,3.0462,11.267,0.4511,24.9751,0.4285,0.128
477,16.2528,0.557,23.51,19.05,10.79,4.5573,2.6799,7.2371,0.4112,17.5999,0.4791,0.2309
478,38.9658,0.3105,42.47,17.94,7.31,9.4705,1.4128,10.8833,0.2309,47.1321,0.7073,0.0202
479,15.797,0.6193,55.1,61.47,79.75,4.2237,2.8151,7.0388,0.4776,14.7384,0.3951,0.254
480,46.4242,0.6326,17.74,24.28,63.29,12.2715,3.264,15.5355,0.4985,31.1624,0.3684,0.0905
481,40.7963,0.4885,55.55,27.64,89.14,11.4287,2.4717,13.9004,0.3805,36.5338,0.5177,0.0955
482,20.2214,0.5945,13.35,6.16,29.2,5.4807,2.8831,8.3637,0.4752,17.5987,0.3977,0.2346
483,34.9193,0.494,61.78,25.74,56.79,9.8628,2.5814,12.4442,0.3898,31.9283,0.5061,0.1274
484,36.5439,0.5383,1.96,4.76,61.31,10.2447,2.7548,12.9995,0.4238,30.6733,0.463,0.123
485,46.2848,0.4132,69.66,54.82,77.46,12.8081,2.175,14.9831,0.3244,46.192,0.5889,0.0943
486,21.2055,0.3734,25.01,71.13,67.42,5.3774,1.7552,7.1325,0.2728,26.1415,0.6541,0.0189
487,43.5987,0.3208,16.39,76.82,71.47,10.7984,1.6419,12.4403,0.2392,51.9999,0.6968,0.0173
488,27.8315,0.6227,20.47,20.88,21.54,7.4822,3.0653,10.5475,0.4979,21.1851,0.3691,0.1389
489,46.313,0.3605,75.35,68.12,80.62,12.1462,1.9097,14.0558,0.275,51.1181,0.6515,0.0143
490,19.2544,0.5036,28.22,81.94,68.95,5.3733,2.4532,7.8265,0.3811,20.5376,0.5171,0.2168
491,34.3196,0.6201,74.31,73.14,87.99,9.1418,3.1099,12.2517,0.4904,24.984,0.3787,0.1132
492,15.7757,0.5867,74.1,25.67,16.37,4.3023,2.8206,7.1229,0.4551,15.652,0.4234,0.2514
493,27.2747,0.6598,76.02,28.4,36.25,nan,nan,nan,nan,nan,nan,nan
494,32.1515,0.5723,14.17,26.86,57.65,8.8474,2.9629,11.8103,0.4561,25.8968,0.4221,0.1339
495,19.4405,0.6285,65.66,76.36,60.59,5.282,3.1898,8.4718,0.4942,17.1432,0.374,0.1979
496,24.5115,0.394,23.15,16.34,25.88,6.5871,1.9384,8.5255,0.3008,28.3453,0.6186,0.0185
497,38.8884,0.3857,53.62,45.37,31.79,10.5147,1.9927,12.5074,0.299,41.8258,0.6211,0.0164
498,46.2622,0.698,25.88,8.6,11.69,11.2198,3.5724,14.7922,0.559,26.4614,0.2915,0.0987
499,46.8112,0.6148,29.51,12.72,41.9,12.5098,3.2139,15.7237,0.4854,32.3913,0.385,0.082
500,43.911,0.6773,9.38,69.42,55.74,11.0881,3.4099,14.4979,0.5352,27.0895,0.3217,0.0945
501,20.7215,0.3039,65.0,43.68,87.82,5.1419,1.5911,6.733,0.2345,28.7158,0.7028,0.017
502,20.337,0.3277,68.57,58.39,59.31,5.105,1.7599,6.8648,0.2556,26.859,0.6759,0.0179
503,21.4578,0.4891,52.3,88.13,44.37,5.9861,2.4235,8.4096,0.3714,22.643,0.5294,0.1841
504,37.845,0.4942,56.93,42.93,87.36,10.7149,2.4711,13.1859,0.3881,33.9776,0.5081,0.1098
505,44.6212,0.6638,34.57,72.27,4.2,11.3888,3.3515,14.7402,0.5307,27.7747,0.3275,0.0927
506,39.6033,0.4672,64.74,88.86,66.66,11.1336,2.3619,13.4956,0.3637,37.1036,0.5391,0.1075
507,27.5607,0.317,57.71,35.93,74.07,6.8019,1.46,8.2619,0.2412,34.247,0.6943,0.0154
508,26.7248,0.4791,24.65,38.66,55.32,7.4996,2.3786,9.8783,0.3783,26.1134,0.5207,0.1662
509,28.1497,0.646,63.33,76.47,45.55,7.378,3.1124,10.4904,0.5031,20.853,0.3627,0.1431
510,18.8852,0.4526,15.25,58.94,18.55,5.2718,2.3787,7.6505,0.3516,21.7572,0.5543,0.0217
511,40.2839,0.6495,45.26,36.55,22.87,10.5863,3.2382,13.8245,0.5098,27.1163,0.354,0.1005
512,42.9284,0.3834,4.23,74.59,38.6,11.6084,2.0656,13.674,0.3057,44.7259,0.6125,0.1009
513,26.9231,0.6491,50.08,11.6,36.91,7.0766,3.0934,10.17,0.5136,19.8008,0.3493,0.1439
514,19.7764,0.4246,58.85,52.77,43.62,5.3902,2.1569,7.5471,0.323,23.3643,0.5906,0.019
515,17.1992,0.4242,42.97,83.32,77.37,4.6436,1.8975,6.5411,0.3101,21.0962,0.607,0.0198
516,19.1946,0.6017,46.03,87.15,12.47,5.1659,3.0366,8.2026,0.4708,17.4223,0.4036,0.191
517,17.2697,0.3207,80.65,53.94,86.81,4.3082,1.6331,5.9413,0.2405,24.6997,0.6951,0.0228
518,21.417,0.4283,9.48,43.11,55.94,5.9744,2.1907,8.1651,0.3434,23.774,0.5644,0.0202
519,19.2046,0.3858,48.93,82.53,69.31,5.1734,2.005,7.1785,0.2997,23.9527,0.6201,0.0164
520,22.3574,0.6932,4.24,49.23,33.53,5.6431,3.4791,9.1223,0.5382,16.9511,0.3179,0.2053
521,39.6714,0.487,76.46,15.17,23.24,11.089,2.4897,13.5786,0.3762,36.0948,0.5233,0.1119
522,20.6323,0.4952,85.78,58.16,89.56,5.7285,2.4315,8.16,0.3863,21.1237,0.5106,0.2085
523,29.3184,0.5282,75.41,8.48,89.44,8.1982,2.6312,10.8295,0.4181,25.9041,0.4702,0.1417
524,39.3831,0.4172,52.87,50.11,32.22,10.8601,2.1608,13.0209,0.3259,39.95,0.5869,0.1025
525,25.5469,0.6095,17.49,85.49,45.72,6.8125,3.0923,9.9047,0.4751,20.8474,0.3978,0.1594
526,33.4702,0.3979,27.86,25.17,74.35,9.0404,2.1622,11.2026,0.3079,36.3794,0.6096,0.0155
527,32.3979,0.3913,20.17,36.64,62.9,8.7772,2.0215,10.7987,0.3056,35.3315,0.6126,0.0165
528,29.495,0.335,81.35,28.48,82.39,7.5067,1.6903,9.197,0.2597,35.4111,0.6709,0.0155
529,28.1617,0.5169,31.0,15.1,47.72,7.8925,2.517,10.4095,0.4023,25.8721,0.4902,0.153
530,35.8177,0.4732,2.84,87.2,53.14,9.8968,2.546,12.4428,0.3754,33.1464,0.5243,0.1004
531,43.1757,0.6422,79.34,17.56,56.89,11.2732,3.2466,14.5198,0.5058,28.7044,0.359,0.0946
532,36.0831,0.4005,89.64,59.88,42.26,9.6982,2.1197,11.8179,0.3128,37.7808,0.6036,0.0161
533,32.0078,0.6702,6.45,78.99,52.22,8.259,3.417,11.676,0.5163,22.6138,0.3458,0.122
534,23.0716,0.3231,73.02,51.47,25.07,5.7214,1.6155,7.3368,0.2443,30.0269,0.6903,0.0161
535,31.8242,0.3112,40.23,57.92,27.38,7.8152,1.6228,9.438,0.2379,39.6695,0.6984,0.0188
536,43.2599,0.6697,19.37,25.56,44.73,11.0765,3.4573,14.5338,0.5264,27.6082,0.3328,0.091
537,19.7014,0.3121,80.36,13.96,10.17,4.758,1.4164,6.1744,0.2367,26.0806,0.6999,0.0211
538,42.3728,0.3152,12.2,32.26,9.62,10.3278,1.6054,11.9332,0.2292,52.0757,0.7095,0.0189
539,44.8412,0.5553,55.94,5.51,51.87,12.4182,2.773,15.1912,0.4338,35.0227,0.4502,0.0788
540,17.8467,0.5073,15.18,18.37,81.46,4.8609,2.4945,7.3553,0.3894,18.89,0.5065,0.2043
541,45.4429,0.6472,18.73,61.62,74.1,11.805,3.2802,15.0852,0.5166,29.2029,0.3455,0.0891
542,42.9479,0.4724,1.37,55.69,67.88,12.0576,2.4901,14.5477,0.3677,39.5656,0.5342,0.1026
543,22.3945,0.6035,43.22,54.27,63.46,6.0553,2.9844,9.0397,0.4655,19.4197,0.4103,0.1562
544,46.2481,0.3208,53.09,26.71,34.21,11.7803,1.7184,13.4987,0.2523,53.5001,0.6802,0.0151
545,32.2532,0.4129,54.33,18.61,42.19,8.7834,2.06,10.8434,0.319,33.9917,0.5958,0.0174
546,43.6652,0.6466,7.68,45.9,73.84,11.4038,3.3183,14.7221,0.5123,28.7346,0.3509,0.09
547,15.9535,0.5048,62.69,81.84,51.12,4.4751,2.2946,6.7697,0.3811,17.7653,0.517,0.2642
548,36.1381,0.3165,67.08,78.24,5.7,8.6816,1.637,10.3186,0.2276,45.3341,0.7115,0.0178
549,16.3888,0.5014,67.56,89.45,52.52,4.5833,2.3447,6.928,0.3811,18.1774,0.517,0.2648
550,20.4104,0.3546,45.33,67.35,41.01,5.0871,1.6852,6.7723,0.2634,25.7065,0.666,0.0174
551,33.5413,0.6857,2.04,39.47,78.41,8.6129,3.4369,12.0498,0.5266,22.8812,0.3329,0.1279
552,37.9357,0.5106,78.06,9.39,11.26,10.5694,2.5861,13.1555,0.3998,32.9037,0.4936,0.1157
553,36.7593,0.3066,66.23,37.86,71.07,9.174,1.65,10.8239,0.2443,44.3103,0.6905,0.0145
554,37.0817,0.6574,44.93,41.25,46.39,9.6377,3.3129,12.9505,0.5199,24.9106,0.3411,0.1181
555,17.2226,0.5585,49.65,65.04,21.33,4.7779,2.6913,7.4693,0.4197,17.7955,0.4683,0.2457
556,42.9979,0.699,55.91,13.93,0.24,10.3908,3.7806,14.1714,0.5607,25.2759,0.2895,0.0909
557,22.845,0.338,17.56,87.81,72.98,5.787,1.5788,7.3658,0.265,27.7928,0.6642,0.0169
558,43.3021,0.49,21.05,75.26,25.85,12.1821,2.5376,14.7197,0.3836,38.3701,0.5139,0.0924
559,19.1944,0.4035,80.19,45.08,7.72,5.3307,2.0374,7.3681,0.3131,23.5359,0.6032,0.0223
560,46.2162,0.6705,66.65,48.59,81.14,11.8556,3.3749,15.2304,0.5258,28.9642,0.3336,0.094
561,44.8928,0.3623,69.53,87.6,45.39,11.7664,1.9422,13.7086,0.2823,48.5566,0.6423,0.0145
562,44.9936,0.3919,6.87,62.62,6.76,12.1412,1.9394,14.0806,0.2992,47.0656,0.6209,0.0973
563,41.2901,0.4385,72.04,24.85,75.19,11.4303,2.293,13.7232,0.3419,40.1326,0.5666,0.1051
564,46.3198,0.3519,43.89,62.04,38.1,12.1628,1.8679,14.0307,0.275,51.0148,0.6513,0.0149
565,31.8547,0.361,43.73,33.51,83.35,8.287,1.8553,10.1424,0.2762,36.7269,0.65,0.0161
566,43.6805,0.3501,10.73,31.07,18.16,11.2791,1.8373,13.1164,0.2633,49.8083,0.6663,0.0165
567,45.7873,0.3687,74.02,6.33,26.1,11.996,1.9103,13.9063,0.2848,48.8246,0.639,0.0169
568,30.6163,0.4584,52.38,4.56,24.81,8.4948,2.3159,10.8107,0.3541,30.5343,0.5513,0.1312
569,16.934,0.5802,22.47,23.8,38.48,4.7312,2.7835,7.5148,0.4453,16.876,0.4358,0.2561
570,22.162,0.6872,6.77,45.39,89.47,5.6788,3.4073,9.0861,0.5202,17.4662,0.3408,0.1733
571,42.0981,0.3122,65.72,26.01,13.1,10.4626,1.6773,12.1398,0.2393,50.7206,0.6967,0.0165
572,29.0819,0.406,80.17,21.08,14.65,7.833,2.1189,9.9519,0.3071,32.4027,0.6107,0.018
573,42.5225,0.5374,83.43,83.41,80.08,11.9503,2.8379,14.7882,0.4237,34.9028,0.4632,0.0937
574,45.779,0.6412,16.59,60.54,48.24,11.9344,3.3029,15.2374,0.5138,29.656,0.3489,0.0889
575,23.9168,0.6663,46.87,21.44,72.98,6.097,3.3034,9.4004,0.5258,17.8797,0.3337,0.1665
576,20.4461,0.5808,60.4,13.62,75.01,5.675,2.7814,8.4564,0.4539,18.6324,0.4247,0.2118
577,23.3474,0.5027,75.23,69.01,62.69,6.5737,2.5267,9.1004,0.3841,23.6925,0.5134,0.1662
578,30.0328,0.6586,60.84,40.21,67.44,7.7609,3.3389,11.0998,0.5136,21.6116,0.3494,0.1388
579,40.7238,0.5242,31.94,62.16,58.7,11.4882,2.6126,14.1008,0.4067,34.6676,0.4846,0.0984
580,26.627,0.512,37.93,48.95,26.89,7.5139,2.4369,9.9508,0.4015,24.7834,0.4912,0.148
581,44.1501,0.3935,72.88,83.4,43.61,11.9702,2.0665,14.0367,0.3057,45.9199,0.6128,0.0156
582,37.0517,0.6777,75.61,27.93,84.24,9.4451,3.3091,12.7542,0.5273,24.1872,0.3317,0.1
583,16.0235,0.6547,67.74,6.75,84.15,3.9491,3.3032,7.2523,0.546,13.2834,0.3083,0.251
584,36.2489,0.6626,0.19,86.02,9.78,9.2902,3.4309,12.7211,0.5302,23.9949,0.3281,0.1193
585,34.9087,0.5075,34.43,61.48,16.9,9.8933,2.574,12.4673,0.3971,31.3989,0.497,0.112
586,27.6648,0.5825,82.45,3.67,79.48,7.5933,3.0542,10.6475,0.4636,22.9653,0.4127,0.1329
587,38.215,0.3516,61.26,52.95,3.2,10.0391,1.7141,11.7533,0.2681,43.8351,0.6602,0.0154
588,34.5273,0.5275,13.21,15.3,38.41,9.6967,2.6796,12.3763,0.4142,29.8769,0.4751,0.1286
589,28.2596,0.3208,82.42,83.16,60.46,6.8465,1.6445,8.491,0.2369,35.838,0.6997,0.016
590,28.1582,0.5887,81.2,49.66,45.37,7.6612,2.8163,10.4775,0.4589,22.8331,0.4186,0.1448
591,22.5594,0.399,42.31,24.17,17.79,6.1214,2.0264,8.1478,0.302,26.98,0.6171,0.0175
592,18.3328,0.4598,50.96,79.26,1.67,5.0203,2.3723,7.3926,0.3512,21.0502,0.5547,0.0204
593,19.1906,0.5553,64.88,30.68,68.94,5.3096,2.7155,8.025,0.436,18.4068,0.4474,0.1976
594,38.0771,0.373,15.73,85.74,62.36,10.1317,1.9281,12.0598,0.2856,42.2268,0.6381,0.0176
595,28.269,0.5375,72.1,80.17,5.84,7.8906,2.6641,10.5548,0.4117,25.6341,0.4782,0.1321
596,27.0183,0.3645,0.13,11.6,31.8,7.196,1.6166,8.8126,0.2796,31.5176,0.6446,0.0219
597,19.0537,0.3497,13.22,66.43,30.02,4.8801,1.8346,6.7146,0.2709,24.7853,0.6566,0.0201
598,21.6896,0.6405,32.47,75.51,4.29,5.6891,3.1661,8.8552,0.5022,17.6343,0.3638,0.1765
599,19.6006,0.6784,59.58,71.9,73.26,4.774,3.3927,8.1667,0.5388,15.1566,0.3173,0.2014
600,31.8426,0.5802,72.26,9.51,23.71,8.7381,2.9063,11.6445,0.454,25.649,0.4248,0.1276
601,16.0307,0.329,42.98,43.25,45.34,3.4399,1.1274,4.5673,0.2153,21.2174,0.7271,0.0232
602,23.5758,0.5405,46.75,30.21,70.4,6.5618,2.6773,9.2391,0.428,21.5875,0.4577,0.1793
603,29.7871,0.5098,41.79,30.85,10.62,8.4127,2.6466,11.0594,0.3913,28.2647,0.5043,0.1432
604,37.3533,0.4587,66.78,43.4,18.65,10.5026,2.3174,12.82,0.3557,36.0404,0.5491,0.114
605,45.0588,0.4573,41.74,57.63,79.74,12.6597,2.4347,15.0944,0.3569,42.2878,0.5478,0.0925
606,29.35,0.4872,59.48,26.5,59.45,8.2404,2.4875,10.728,0.3837,27.9577,0.5139,0.1419
607,42.9395,0.6611,75.6,45.39,14.93,10.964,3.4768,14.4408,0.5281,27.3464,0.3308,0.0901
608,39.4318,0.4199,88.61,67.28,46.92,10.865,2.2073,13.0722,0.3272,39.9459,0.5854,0.108
609,43.9661,0.338,7.13,11.77,70.38,11.2525,1.7759,13.0284,0.2627,49.6001,0.6671,0.0165
610,44.5214,0.6733,79.42,56.84,17.97,11.2185,3.4493,14.6678,0.5371,27.3073,0.3195,0.0868
611,23.0557,0.3911,78.64,19.18,23.51,6.1091,1.9012,8.0103,0.2963,27.0373,0.6245,0.0168
612,25.7925,0.6548,21.19,74.07,56.11,6.6239,3.2791,9.903,0.5178,19.1267,0.3438,0.1589
613,31.5602,0.6358,14.59,35.23,11.44,8.3296,3.3175,11.6471,0.5052,23.0548,0.3598,0.1424
614,28.3893,0.4291,20.26,5.65,26.13,7.9204,2.2128,10.1332,0.3245,31.2269,0.5889,0.0245
615,40.119,0.3347,53.68,86.25,9.95,10.1804,1.6987,11.879,0.2534,46.8874,0.6789,0.0158
616,16.5764,0.4458,40.09,64.79,34.98,4.5355,1.9886,6.5241,0.3311,19.7022,0.5804,0.0222
617,37.4829,0.5895,3.35,2.84,15.5,10.1797,2.8896,13.0694,0.4607,28.3686,0.4163,0.1129
618,40.1133,0.4274,60.22,0.1,60.02,11.1359,2.2853,13.4212,0.3272,41.0196,0.5854,0.1128
619,38.3413,0.6434,65.72,35.16,43.32,10.1359,3.1855,13.3215,0.5031,26.4787,0.3626,0.1038
620,41.2112,0.3376,8.82,23.66,16.24,10.5495,1.747,12.2965,0.2535,48.5084,0.6786,0.0172
621,18.7321,0.4452,87.84,45.48,30.46,5.1824,2.2524,7.4348,0.3482,21.3501,0.5588,0.0185
622,41.0343,0.6128,41.88,47.1,58.31,11.1782,3.0639,14.242,0.4807,29.6271,0.391,0.1072
623,43.0014,0.3092,61.89,0.02,86.38,10.3813,1.5382,11.9195,0.2241,53.198,0.7161,0.0149
624,27.9571,0.4575,85.2,20.9,62.6,7.7131,2.2867,9.9999,0.3564,28.0556,0.5483,0.1445
625,17.0149,0.6547,57.1,65.73,30.06,4.5739,3.0577,7.6316,0.4909,15.5459,0.378,0.2236
626,38.9941,0.4779,39.3,78.85,1.83,10.9693,2.2269,13.1962,0.3699,35.6753,0.5314,0.1062
627,24.0811,0.3122,46.43,81.65,56.07,5.8021,1.5154,7.3176,0.2351,31.1197,0.7018,0.0168
628,42.3526,0.5574,47.46,88.87,56.45,11.8586,2.9116,14.7701,0.4356,33.9108,0.4482,0.0878
629,23.1665,0.3683,9.2,18.92,45.22,6.2091,1.873,8.0821,0.297,27.2086,0.6221,0.0231
630,24.8048,0.5044,38.44,88.19,57.11,6.9288,2.5556,9.4843,0.3949,24.0181,0.4996,0.1643
631,30.0935,0.526,37.04,29.87,61.84,8.4424,2.7269,11.1694,0.4124,27.0822,0.4774,0.1374
632,34.8769,0.5862,35.5,20.56,71.78,9.5207,2.9926,12.5132,0.4616,27.1084,0.4149,0.1175
633,24.145,0.6294,2.07,10.74,85.28,6.3399,3.0233,9.3632,0.4933,18.9819,0.3747,0.1711
634,15.8563,0.5902,39.22,53.07,32.01,4.3192,2.7702,7.0894,0.4603,15.4021,0.4168,0.2559
635,38.5884,0.488,0.86,88.07,41.46,10.8846,2.4506,13.3352,0.3835,34.7715,0.514,0.1117
636,20.2071,0.5877,66.02,51.47,18.89,5.5212,2.9216,8.4429,0.4645,18.1761,0.4115,0.2014
637,34.0797,0.4082,8.14,1.53,31.6,9.1204,1.8594,10.9798,0.3045,36.0558,0.6141,0.0201
638,43.1041,0.5284,2.95,55.9,31.7,12.0869,2.781,14.8679,0.4064,36.586,0.4851,0.1008
639,44.8738,0.3316,36.87,60.16,12.29,11.34,1.7706,13.1107,0.2501,52.4122,0.6831,0.0145
640,27.5372,0.4042,62.09,6.02,65.22,7.4776,2.0148,9.4924,0.3064,30.9793,0.6117,0.019
641,45.5064,0.4392,63.09,52.8,60.16,12.6992,2.2055,14.9047,0.3434,43.4008,0.5648,0.0889
642,29.8736,0.3642,19.61,20.12,7.51,7.5685,1.9007,9.4692,0.263,36.0073,0.6665,0.0168
643,38.5102,0.5463,14.24,59.26,16.62,10.7757,2.7711,13.5467,0.4347,31.1657,0.4492,0.1121
644,46.9927,0.5363,56.76,42.49,3.29,13.3043,2.7478,16.0521,0.4139,38.7863,0.4753,0.0858
645,40.9637,0.6174,31.03,71.17,56.54,11.0171,3.1339,14.151,0.4858,29.1282,0.3843,0.0905
646,30.856,0.6554,81.44,34.57,30.79,7.9959,3.338,11.334,0.5138,22.0608,0.3493,0.1389
647,42.2432,0.4893,68.83,5.93,88.43,11.7955,2.5911,14.3866,0.3826,37.6022,0.5151,0.0946
648,43.2968,0.5022,79.8,81.6,39.62,12.0917,2.6095,14.7012,0.3928,37.4273,0.5022,0.0938
649,44.1969,0.585,26.13,60.91,62.34,12.2198,2.9876,15.2074,0.4602,33.0485,0.417,0.0912
650,31.6442,0.569,69.21,56.1,0.54,8.7532,2.9094,11.6626,0.4475,26.0608,0.4327,0.1262
651,39.9176,0.4633,34.02,83.24,83.14,11.1512,2.3523,13.5035,0.364,37.0997,0.5389,0.103
652,45.4759,0.4803,27.63,53.06,11.44,12.857,2.4414,15.2983,0.374,40.9066,0.526,0.0947
653,31.1082,0.4697,30.46,66.88,6.68,8.7384,2.3504,11.0888,0.361,30.7134,0.5424,0.1233
654,24.4556,0.6299,81.14,5.91,77.78,6.4652,3.1309,9.5962,0.4973,19.2981,0.37,0.162
655,23.2822,0.3484,75.17,72.66,87.66,6.0376,1.764,7.8016,0.2698,28.913,0.6581,0.0157
656,22.5569,0.4419,40.19,69.07,36.14,6.2222,2.2299,8.4521,0.3374,25.0507,0.5724,0.0197
657,34.5072,0.6645,56.74,8.9,39.17,8.8585,3.2211,12.0796,0.5207,23.198,0.3399,0.1169
658,47.0335,0.6601,7.65,79.98,75.79,12.1077,3.3584,15.4662,0.5205,29.7163,0.3406,0.083
659,32.0261,0.573,41.59,35.71,79.44,8.8204,2.9209,11.7413,0.4499,26.0969,0.4297,0.1265
660,42.2013,0.6194,39.94,7.71,39.4,11.3135,3.1586,14.4721,0.4848,29.8538,0.386,0.0877
661,28.0428,0.5738,28.53,38.34,83.73,7.6508,2.7189,10.3697,0.4507,23.0058,0.4288,0.1323
662,43.4186,0.6313,13.2,34.76,24.45,11.4746,3.2886,14.7632,0.5062,29.1639,0.3587,0.1045
663,41.5517,0.6047,48.88,49.72,60.53,11.2826,3.1208,14.4034,0.4755,30.2936,0.3978,0.104
664,29.9519,0.56,9.07,29.04,42.73,8.3037,2.8635,11.1673,0.4357,25.6334,0.4479,0.152
665,46.3506,0.6487,82.26,38.11,10.18,11.9715,3.3315,15.303,0.5172,29.5884,0.3447,0.0831
666,35.2982,0.4902,14.32,1.34,48.07,9.9408,2.4752,12.416,0.3789,32.7686,0.52,0.1265
667,39.6403,0.629,58.78,31.6,8.18,10.5133,3.0834,13.5967,0.4966,27.3772,0.3707,0.1048
668,44.3911,0.3555,12.66,50.41,43.27,11.6248,1.85,13.4748,0.2717,49.5869,0.6558,0.0156
669,30.684,0.5087,14.06,19.37,15.15,8.5231,2.622,11.145,0.3978,28.014,0.4959,0.1342
670,17.89,0.4249,13.62,65.96,85.42,4.8035,2.0723,6.8758,0.3219,21.3606,0.5919,0.0184
671,27.2763,0.3679,81.65,80.55,38.22,7.1681,1.796,8.9641,0.2837,31.599,0.6405,0.0176
672,16.6082,0.4928,60.31,29.62,43.01,4.6172,2.3587,6.9759,0.3768,18.5126,0.5221,0.2291
673,19.8159,0.4526,67.9,66.86,12.18,5.4058,2.0894,7.4952,0.3346,22.3994,0.5761,0.02
674,28.3488,0.3724,82.43,25.94,25.37,7.3744,1.7338,9.1082,0.277,32.8837,0.6489,0.0169
675,45.8704,0.3214,80.26,0.13,61.66,11.0445,1.3866,12.4311,0.2269,54.7829,0.7125,0.0144
676,20.9149,0.5045,17.29,32.99,13.35,5.8124,2.3396,8.152,0.3862,21.1069,0.5105,0.2268
677,43.1308,0.357,37.97,40.5,60.75,11.4123,1.9125,13.3247,0.2774,48.0276,0.6484,0.015
678,23.4759,0.3075,64.68,58.09,7.98,5.6876,1.6516,7.3391,0.2303,31.8619,0.7079,0.0165
679,41.911,0.5005,30.33,15.41,0.83,11.8049,2.748,14.5529,0.3825,38.0512,0.5154,0.1106
680,31.5792,0.353,87.3,44.66,27.29,8.2319,1.8595,10.0915,0.2751,36.6765,0.6512,0.0151
681,33.9696,0.6317,33.56,40.79,19.31,9.0727,3.2203,12.293,0.4986,24.6538,0.3683,0.114
682,45.0528,0.4938,65.08,75.21,42.7,12.6979,2.5213,15.2192,0.3847,39.5612,0.5126,0.0887
683,35.1049,0.473,49.3,0.29,25.28,9.8012,2.3706,12.1718,0.3603,33.7813,0.5435,0.125
684,30.5569,0.6741,14.32,41.78,12.47,7.8559,3.4721,11.328,0.5337,21.2246,0.3235,0.1392
685,30.8428,0.587,44.02,68.81,41.13,8.5072,2.9523,11.4595,0.4589,24.9727,0.4186,0.1366
686,44.6671,0.3752,27.44,9.74,79.29,11.7723,1.9979,13.7701,0.2913,47.2711,0.6308,0.0162
687,30.1374,0.4627,60.67,3.0,84.96,8.4158,2.2943,10.71,0.3537,30.2809,0.5519,0.1365
688,24.6959,0.6054,39.81,75.33,26.38,6.6408,3.0409,9.6817,0.4808,20.1365,0.3906,0.1636
689,44.6729,0.3821,64.59,81.15,30.22,11.9073,1.986,13.8934,0.2943,47.2017,0.6271,0.0147
690,30.651,0.4312,6.44,87.63,44.7,8.3164,2.2696,10.5861,0.3328,31.8051,0.5781,0.1306
691,24.8572,0.6269,60.87,51.35,12.36,6.573,3.0761,9.6491,0.4994,19.3196,0.3673,0.1753
692,31.2056,0.4711,56.9,7.33,69.83,8.7329,2.3981,11.131,0.3731,29.8304,0.527,0.1317
693,24.4895,0.3977,19.73,1.61,63.71,6.4311,2.0051,8.4361,0.2944,28.6582,0.6269,0.0174
694,38.2506,0.6864,4.33,81.18,11.75,9.7621,3.268,13.0301,0.5274,24.7078,0.3317,0.1118
695,29.8015,0.3971,70.12,80.95,51.95,8.0949,2.1427,10.2376,0.3052,33.5456,0.6133,0.0169
696,30.6676,0.6554,66.91,28.14,18.1,7.9231,3.3282,11.2513,0.5142,21.8818,0.3484,0.1416
697,15.8652,0.6285,46.37,56.88,82.84,4.3581,2.8344,7.1925,0.4727,15.2169,0.4009,0.2524
698,37.1591,0.4826,43.45,45.53,1.74,10.5032,2.6258,13.129,0.3731,35.1879,0.5272,0.1065
699,45.2567,0.426,52.75,24.35,59.42,12.5334,2.2265,14.7599,0.3348,44.0848,0.5757,0.0981
700,39.2471,0.5854,32.78,71.25,51.92,10.8091,2.8974,13.7065,0.4578,29.9422,0.42,0.1035
701,36.0244,0.5804,85.48,51.59,63.65,9.8889,2.9864,12.8754,0.4589,28.0547,0.4186,0.1063
702,20.6875,0.4913,30.74,23.17,62.95,5.847,2.3875,8.2345,0.3816,21.5782,0.5161,0.2001
703,43.2581,0.6405,31.58,71.52,80.26,11.3576,3.2816,14.6392,0.5082,28.8034,0.3558,0.0931
704,37.9162,0.6302,47.94,8.87,64.48,9.9662,3.0783,13.0445,0.497,26.244,0.3702,0.0985
705,39.9757,0.4805,12.28,26.49,24.73,11.2535,2.4184,13.672,0.372,36.7502,0.5284,0.1087
706,40.6987,0.4408,74.31,51.09,37.12,11.274,2.2642,13.5382,0.3427,39.5095,0.5659,0.0985
707,36.2595,0.5147,49.69,66.74,87.28,10.2449,2.6719,12.9168,0.4064,31.7819,0.4851,0.1107
708,29.368,0.5328,41.95,35.64,61.76,8.1568,2.7327,10.8894,0.4166,26.1368,0.472,0.1395
709,28.5566,0.5253,25.5,39.42,31.57,8.0459,2.5604,10.6063,0.4074,26.0371,0.4836,0.1544
710,17.8255,0.6083,35.53,28.27,22.45,4.8871,3.0356,7.9227,0.4787,16.5517,0.3937,0.2227
711,31.6899,0.4038,25.69,29.38,55.5,8.5505,2.1183,10.6689,0.3099,34.4299,0.6074,0.017
712,27.8701,0.3721,69.34,46.58,32.67,7.2992,1.7536,9.0528,0.2822,32.0844,0.6424,0.017
713,22.4231,0.659,48.09,15.19,41.16,5.8023,3.2523,9.0546,0.5216,17.3584,0.3388,0.1727
714,21.3567,0.5327,19.11,49.42,31.55,5.9698,2.6141,8.5839,0.4221,20.3355,0.4652,0.2129
715,39.8841,0.5921,80.66,88.33,39.59,10.9925,2.9918,13.9843,0.4604,30.3756,0.4167,0.1005
716,22.5499,0.4383,38.52,62.69,54.36,6.1725,2.2731,8.4455,0.347,24.3408,0.5602,0.0181
717,44.7203,0.4252,13.04,84.68,7.47,12.3068,2.0879,14.3947,0.3254,44.2342,0.5876,0.0977
718,18.9992,0.4596,64.14,11.22,3.39,5.2953,2.1843,7.4797,0.3595,20.8042,0.5442,0.0212
719,17.005,0.4072,1.64,74.9,44.62,4.4731,1.9538,6.4269,0.2911,22.0757,0.6309,0.0167
720,33.8546,0.4023,64.6,10.39,62.07,9.1422,2.0066,11.1488,0.3147,35.4276,0.6013,0.0214
721,24.9637,0.3878,71.56,78.52,86.22,6.7072,1.9468,8.654,0.2986,28.9813,0.6217,0.0177
722,39.5396,0.4027,3.57,25.96,27.94,10.8481,1.9075,12.7557,0.3225,39.5466,0.5913,0.1052
723,29.298,0.3012,89.38,81.03,85.01,7.0502,1.5423,8.5925,0.2249,38.2136,0.7149,0.0155
724,37.9631,0.5628,28.54,61.19,29.1,10.5348,2.8274,13.3622,0.4481,29.8218,0.4322,0.1087
725,34.8788,0.4249,68.17,28.56,35.63,9.6535,2.1289,11.7824,0.3327,35.4197,0.5784,0.1241
726,31.5046,0.3992,37.0,6.01,73.46,8.4569,1.9519,10.4088,0.302,34.4636,0.6173,0.0229
727,26.8822,0.6151,30.92,72.61,27.86,7.3007,3.0339,10.3347,0.4825,21.4176,0.3885,0.1444
728,17.9538,0.3519,83.08,44.78,49.01,4.6569,1.923,6.5799,0.2677,24.5832,0.6608,0.0173
729,17.8647,0.629,23.13,67.53,40.12,4.7531,3.06,7.8131,0.4872,16.0376,0.383,0.2468
730,27.2403,0.5312,86.35,55.42,89.67,7.5828,2.6671,10.2498,0.4203,24.3864,0.4674,0.1514
731,42.8236,0.5733,71.71,7.85,25.66,11.735,2.9535,14.6885,0.4469,32.8671,0.4339,0.0925
732,23.6353,0.5001,83.87,74.29,1.28,6.6413,2.6964,9.3376,0.3788,24.6517,0.52,0.1837
733,25.8792,0.5259,75.52,47.83,24.66,7.2871,2.4898,9.7769,0.4129,23.6789,0.477,0.157
734,28.0662,0.4862,60.99,34.45,10.57,7.8618,2.327,10.1888,0.3726,27.3478,0.5278,0.1473
735,24.6875,0.4862,1.82,26.0,73.74,6.8879,2.3164,9.2043,0.3866,23.8078,0.5097,0.1706
736,19.5507,0.6155,50.3,70.95,2.07,5.322,2.9471,8.2691,0.4796,17.2412,0.3923,0.2124
737,33.6958,0.6431,45.97,75.81,81.84,8.8707,3.1675,12.0383,0.5027,23.9467,0.363,0.1177
738,25.7584,0.6025,37.91,70.62,88.8,6.8925,2.9838,9.8762,0.4814,20.5135,0.3901,0.1477
739,21.3643,0.6548,58.42,30.88,41.98,5.5649,3.2115,8.7764,0.5139,17.0792,0.3489,0.1709
740,16.3469,0.6672,79.13,14.96,80.72,4.1384,3.038,7.1764,0.5204,13.789,0.3405,0.2054
741,21.7274,0.5418,70.58,40.18,6.19,6.1051,2.6738,8.7789,0.4239,20.7104,0.4628,0.1992
742,37.0398,0.3679,58.1,30.22,21.98,9.8359,1.8442,11.6802,0.2883,40.5192,0.6346,0.0161
743,26.3365,0.4383,59.94,35.44,29.9,7.2239,2.0406,9.2644,0.3381,27.4034,0.5716,0.1526
744,39.3219,0.6528,69.97,53.92,13.22,10.1916,3.2976,13.4893,0.5169,26.0949,0.3451,0.1041
745,43.5703,0.5283,35.84,61.96,40.9,12.2854,2.7369,15.0223,0.4124,36.4242,0.4773,0.0925
746,20.3855,0.6723,50.76,24.89,84.05,5.274,3.3106,8.5846,0.5229,16.4188,0.3374,0.1742
747,30.6701,0.5987,79.66,34.02,76.58,8.3295,3.009,11.3385,0.4707,24.0865,0.4037,0.1368
748,28.951,0.4632,34.18,49.69,29.78,8.1565,2.2961,10.4526,0.3586,29.1462,0.5455,0.1546
749,34.2578,0.3486,58.65,45.9,79.66,8.9712,1.7486,10.7198,0.2727,39.314,0.6545,0.0143
750,25.2459,0.5943,67.55,31.12,1.68,6.7899,2.9868,9.7766,0.4721,20.7095,0.4016,0.1555
751,30.6143,0.3017,38.59,63.82,6.19,7.2609,1.5822,8.8431,0.2181,40.5429,0.7235,0.0168
752,24.6877,0.4908,6.14,22.45,2.31,6.8874,2.3977,9.2851,0.3867,24.0133,0.5098,0.2
753,36.1768,0.5862,16.83,51.51,44.01,9.9225,3.0495,12.9721,0.465,27.8968,0.4109,0.1147
754,18.5147,0.4363,78.21,39.97,80.17,5.0682,2.2799,7.348,0.3427,21.4436,0.5659,0.021
755,31.9033,0.5202,81.55,59.41,34.53,8.9246,2.5829,11.5075,0.4066,28.3009,0.4848,0.1204
756,39.5847,0.5347,70.68,65.17,83.5,11.103,2.7377,13.8407,0.4164,33.2428,0.4724,0.1053
757,20.288,0.6955,9.73,89.75,68.04,5.0582,3.4743,8.5324,0.53,16.0989,0.3284,0.193
758,21.9277,0.5868,46.85,6.85,5.82,5.9465,2.8371,8.7836,0.467,18.8068,0.4084,0.2151
759,34.1848,0.5149,18.0,1.02,32.11,9.6103,2.487,12.0973,0.403,30.0171,0.4893,0.1256
760,40.6687,0.4849,85.19,49.08,28.0,11.3307,2.5107,13.8414,0.3775,36.668,0.5216,0.0973
761,35.4542,0.4838,35.82,76.57,61.69,9.9785,2.4992,12.4777,0.3774,33.0644,0.5218,0.1223
762,32.9491,0.5737,55.35,26.42,12.79,9.101,2.8969,11.998,0.4504,26.6363,0.4294,0.1262
763,30.2933,0.6304,42.54,56.97,55.98,8.1226,3.1784,11.3009,0.4935,22.8978,0.3746,0.131
764,26.1766,0.3342,25.58,7.35,25.5,6.3916,1.5484,7.94,0.2359,33.6559,0.7009,0.0219
765,31.9477,0.6479,86.54,5.33,76.16,8.2587,3.1641,11.4228,0.515,22.1796,0.3477,0.1292
766,35.3986,0.407,77.72,20.59,49.61,9.68,2.1456,11.8256,0.3184,37.1425,0.5967,0.0176
767,18.34,0.6126,61.08,50.25,51.57,5.018,3.0104,8.0284,0.4734,16.9591,0.4003,0.2077
768,17.8696,0.3966,22.63,51.73,86.71,4.7094,1.8265,6.5358,0.2944,22.1974,0.6267,0.0193
769,31.0613,0.3496,87.11,26.08,24.45,7.9705,1.8728,9.8433,0.2672,36.8428,0.6612,0.0163
770,37.5304,0.55,40.55,31.61,10.83,10.5523,2.8341,13.3864,0.4355,30.7396,0.4481,0.1194
771,29.7474,0.5228,5.63,59.93,58.7,8.3058,2.5903,10.8961,0.4017,27.1246,0.4911,0.1386
772,22.689,0.4111,88.09,78.09,41.03,6.1951,2.1277,8.3228,0.3198,26.0229,0.5948,0.0182
773,17.6357,0.3881,4.6,31.11,26.79,4.8334,2.0684,6.9018,0.3014,22.8958,0.618,0.0197
774,28.1629,0.6142,44.58,49.38,5.17,7.7124,2.9921,10.7045,0.4748,22.5458,0.3982,0.1457
775,40.8169,0.5582,24.41,52.7,54.66,11.3479,2.8042,14.1521,0.4404,32.1368,0.4419,0.0941
776,35.1417,0.3736,49.82,50.06,30.18,9.3493,2.0352,11.3844,0.2887,39.4392,0.6343,0.0148
777,36.6147,0.4315,17.01,37.93,23.89,10.1383,2.2032,12.3415,0.3294,37.4686,0.5826,0.113
778,33.7052,0.3193,33.89,61.78,56.71,8.36,1.641,10.0009,0.2451,40.7994,0.6894,0.0148
779,22.8579,0.4604,6.87,42.31,51.89,6.3916,2.3473,8.7389,0.3731,23.4241,0.5272,0.1789
780,17.598,0.5276,74.68,40.45,85.5,4.8722,2.6751,7.5473,0.4184,18.0364,0.4697,0.2163
781,23.1297,0.3628,23.2,62.43,12.04,5.7927,1.781,7.5737,0.2576,29.4029,0.6736,0.0205
782,28.7943,0.5961,60.15,4.31,65.91,7.8844,3.0435,10.9279,0.4781,22.8587,0.3943,0.1423
783,46.8241,0.5113,81.08,71.58,9.8,13.1759,2.6313,15.8072,0.4017,39.3484,0.4911,0.0874
784,27.8707,0.3371,49.32,67.53,27.87,7.0942,1.7773,8.8716,0.2548,34.8179,0.677,0.0161
785,24.4802,0.3001,52.93,33.3,47.89,5.999,1.4618,7.4608,0.2366,31.5342,0.7001,0.0167
786,24.2748,0.4145,62.07,50.38,66.55,6.5929,2.042,8.635,0.3277,26.3465,0.5848,0.0168
787,41.2681,0.582,32.41,84.0,34.21,11.3228,2.9477,14.2705,0.4571,31.2219,0.4209,0.0961
788,35.6131,0.69,51.73,83.05,35.42,8.8217,3.4165,12.2383,0.5443,22.4858,0.3104,0.1205
789,41.0736,0.4432,56.5,27.48,18.66,11.5564,2.2951,13.8514,0.3455,40.0861,0.562,0.1086
790,18.1637,0.5676,69.65,71.14,1.56,4.9221,3.0308,7.9528,0.4354,18.2667,0.4484,0.2274
791,20.3136,0.4967,73.38,88.74,23.62,5.7036,2.4331,8.1367,0.3914,20.7877,0.5041,0.194
792,17.6683,0.3411,2.75,86.66,76.73,4.3439,1.6801,6.024,0.2513,23.9726,0.6809,0.0222
793,33.6757,0.662,18.34,4.52,44.57,8.5195,3.2691,11.7885,0.5347,22.0458,0.3223,0.125
794,45.1786,0.3599,26.38,34.91,22.62,11.8334,1.9002,13.7336,0.2758,49.7889,0.6504,0.0153
795,30.4467,0.6734,23.89,58.68,30.99,7.549,3.442,10.991,0.542,20.2772,0.3134,0.1387
796,42.4529,0.3417,28.09,68.66,35.74,10.8461,1.8791,12.7252,0.2585,49.225,0.6725,0.0151
797,18.0509,0.3403,77.97,77.82,7.9,4.3699,1.7838,6.1537,0.2453,25.0841,0.6889,0.0179
798,24.0709,0.513,31.54,18.5,2.59,6.6984,2.7635,9.4619,0.4033,23.4602,0.4888,0.1757
799,27.8677,0.3196,69.44,35.75,60.32,7.1136,1.5738,8.6874,0.2568,33.8242,0.6745,0.0155
800,46.8671,0.3589,16.1,12.45,54.8,12.0413,1.9083,13.9495,0.2688,51.8989,0.6594,0.0171
801,19.6019,0.5704,65.9,2.84,50.52,5.4427,2.7266,8.1692,0.4565,17.8946,0.4214,0.2145
802,30.325,0.6454,32.86,48.38,46.51,7.9138,3.2234,11.1373,0.5093,21.867,0.3548,0.1391
803,22.4326,0.3609,19.66,81.01,1.86,5.6198,1.631,7.2507,0.2534,28.6174,0.6788,0.0168
804,26.0924,0.35,75.72,3.31,18.05,6.5639,1.7244,8.2883,0.2521,32.8732,0.6804,0.0165
805,33.8926,0.5783,23.76,61.04,30.71,9.3489,2.8944,12.2433,0.4581,26.7246,0.4196,0.1145
806,21.4442,0.303,2.44,2.71,87.15,5.1308,1.6268,6.7576,0.236,28.636,0.7008,0.0261
807,26.2483,0.3879,45.11,28.29,3.91,7.0483,1.6659,8.7142,0.2935,29.6908,0.6281,0.0169
808,22.6479,0.4887,53.3,33.73,47.54,6.3328,2.4061,8.7389,0.3814,22.9099,0.5165,0.1649
809,36.9195,0.345,33.71,70.62,55.13,9.5401,1.8128,11.3529,0.2651,42.8319,0.6641,0.0147
810,20.1972,0.3094,19.42,68.57,52.13,4.9656,1.6095,6.5751,0.2456,26.7671,0.6887,0.0184
811,20.1055,0.4554,47.67,57.87,81.2,5.4943,2.2866,7.7809,0.3431,22.6763,0.5652,0.2092
812,39.3702,0.6982,28.8,72.37,57.31,9.6131,3.4601,13.0732,0.5542,23.5876,0.2978,0.1026
813,32.9002,0.301,79.25,75.87,50.05,7.9405,1.5543,9.4949,0.2335,40.6547,0.7041,0.0156
814,42.5929,0.5898,76.9,51.31,61.04,11.6825,3.0698,14.7523,0.4609,32.0045,0.4162,0.0964
815,22.5429,0.5404,59.41,74.88,70.04,6.3571,2.6466,9.0037,0.425,21.1857,0.4617,0.1999
816,38.9895,0.3671,44.87,53.72,63.61,10.3997,1.7777,12.1774,0.2869,42.4412,0.6363,0.0151
817,22.6739,0.5333,58.06,56.05,63.42,6.3481,2.4983,8.8464,0.4124,21.4507,0.4776,0.1649
818,38.3532,0.3538,68.6,34.77,74.86,10.1135,1.8582,11.9717,0.2809,42.6159,0.6439,0.0145
819,37.9754,0.3682,58.62,11.66,8.86,9.8516,1.7685,11.6201,0.276,42.1087,0.6503,0.0171
820,27.345,0.6351,73.58,2.04,55.95,7.0673,3.2792,10.3465,0.5144,20.1154,0.3483,0.1337
821,29.7706,0.4717,58.88,1.6,54.89,8.3431,2.452,10.7951,0.3697,29.2006,0.5315,0.1464
822,46.5417,0.553,54.0,76.44,75.27,13.0183,2.7638,15.7821,0.4351,36.2718,0.4486,0.0886
823,42.7852,0.6419,37.83,84.75,53.62,11.1231,3.3079,14.4311,0.5115,28.2152,0.352,0.0946
824,30.9012,0.6824,32.08,40.66,23.92,7.7839,3.417,11.201,0.5419,20.6686,0.3134,0.121
825,24.7865,0.5882,10.23,1.87,54.83,6.6747,3.0248,9.6995,0.4658,20.8218,0.4099,0.1546
826,38.3873,0.5317,62.44,50.18,58.34,10.7848,2.6874,13.4721,0.4165,32.3426,0.4722,0.1032
827,34.8626,0.5691,33.31,37.52,38.82,9.7054,2.8966,12.6019,0.4449,28.3256,0.4365,0.1195
828,19.9569,0.6074,12.64,25.98,32.45,5.3253,3.0683,8.3936,0.4828,17.3869,0.3882,0.2131
829,21.8054,0.662,42.19,48.33,62.34,5.6026,3.3051,8.9078,0.5186,17.1761,0.343,0.1835
830,19.0545,0.3932,56.43,11.9,12.33,4.9748,1.7459,6.7207,0.2953,22.7581,0.6255,0.0182
831,44.5695,0.4774,60.4,59.04,76.05,12.5941,2.4156,15.0097,0.3753,39.9961,0.5244,0.0883
832,32.2907,0.3594,69.78,27.74,81.63,8.4415,1.8441,10.2857,0.2789,36.8754,0.6466,0.0176
833,35.8823,0.5115,60.04,80.07,46.19,10.0354,2.6373,12.6727,0.3999,31.6932,0.4933,0.1138
834,19.4464,0.3948,17.04,53.39,40.7,5.3018,2.0388,7.3406,0.3055,24.0278,0.6129,0.0176
835,28.6893,0.4169,31.48,25.0,54.55,nan,nan,nan,nan,nan,nan,nan
836,44.0059,0.3753,50.01,68.26,43.88,11.8338,2.0205,13.8542,0.2919,47.4542,0.6301,0.0148
837,40.4342,0.5846,12.72,10.71,12.62,11.1233,2.9754,14.0986,0.4635,30.4186,0.4127,0.1118
838,17.7107,0.5306,12.15,33.81,14.94,5.0381,2.7889,7.827,0.3999,19.5699,0.4933,0.2406
839,29.7569,0.4884,11.26,42.51,89.76,8.367,2.509,10.876,0.3813,28.5205,0.5167,0.1387
840,22.0285,0.6239,34.28,63.58,73.0,5.8521,3.1896,9.0418,0.4945,18.2842,0.3733,0.1726
841,38.5101,0.4913,87.42,83.49,74.37,10.8737,2.5283,13.402,0.3824,35.0484,0.5156,0.1055
842,35.7045,0.5213,86.64,55.47,30.51,10.0133,2.7301,12.7434,0.4084,31.2035,0.4827,0.1093
843,40.893,0.5251,75.93,24.34,47.67,11.4776,2.6998,14.1773,0.409,34.6617,0.4817,0.0999
844,17.9913,0.3923,53.39,13.25,36.65,4.6555,1.9374,6.5929,0.2926,22.531,0.629,0.02
845,38.9423,0.5506,4.99,30.54,53.66,10.942,2.6504,13.5923,0.4261,31.8992,0.4598,0.1174
846,22.4903,0.6174,57.18,84.36,57.08,6.0197,3.0042,9.0238,0.4884,18.4766,0.3812,0.179
847,38.9324,0.4669,34.27,33.39,64.16,10.8923,2.3229,13.2151,0.3661,36.0961,0.536,0.1103
848,16.0548,0.3924,44.26,21.29,16.28,4.2362,1.8172,6.0534,0.2883,20.997,0.6344,0.017
849,20.2167,0.4446,44.2,32.21,27.35,5.4936,2.1929,7.6865,0.3393,22.6516,0.57,0.0174
850,19.1462,0.6591,81.01,80.04,24.31,5.0315,3.2586,8.29,0.5164,16.0545,0.3457,0.1982
851,44.7982,0.384,23.4,8.47,54.54,11.8902,1.9595,13.8497,0.2999,46.18,0.62,0.0162
852,42.0634,0.4369,68.04,69.79,69.49,11.7655,2.3474,14.1129,0.3405,41.4422,0.5684,0.0971
853,42.7606,0.6178,8.06,46.86,18.67,11.5239,3.2544,14.7783,0.4911,30.0897,0.3779,0.0992
854,35.8367,0.5642,73.14,81.01,7.75,9.9206,2.93,12.8506,0.4403,29.1876,0.4422,0.1061
855,32.469,0.6719,35.36,19.95,54.94,8.1397,3.4606,11.6003,0.5314,21.8304,0.3269,0.119
856,44.5574,0.3498,34.32,44.45,88.37,11.5856,1.9107,13.4963,0.2688,50.2053,0.6593,0.0159
857,36.0872,0.4943,26.85,3.77,29.01,10.1907,2.5642,12.7549,0.3848,33.1473,0.5124,0.1221
858,41.5975,0.492,51.32,86.08,44.28,11.7007,2.6131,14.3137,0.3832,37.3484,0.5145,0.1074
859,28.3366,0.613,40.32,9.12,85.4,7.594,3.0205,10.6145,0.4812,22.0594,0.3903,0.1476
860,36.8672,0.3313,77.19,46.45,69.69,9.5209,1.7196,11.2405,0.2603,43.1801,0.6701,0.0148
861,45.4309,0.3483,23.71,40.93,25.35,11.764,1.8531,13.6171,0.2682,50.775,0.6602,0.0145
862,40.966,0.6557,23.72,74.26,68.08,10.5662,3.2894,13.8557,0.5216,26.5652,0.3391,0.1009
863,23.6506,0.4362,4.26,4.98,14.79,6.3868,2.1915,8.5783,0.3437,24.9592,0.5643,0.2036
864,18.5739,0.3135,16.64,14.66,7.97,4.3604,1.5159,5.8763,0.2424,24.2436,0.6922,0.0235
865,43.6557,0.4619,79.3,45.09,84.38,12.253,2.4643,14.7173,0.3653,40.2929,0.5371,0.0905
866,28.901,0.3558,63.65,32.42,7.42,7.4635,1.7875,9.251,0.2655,34.8432,0.6636,0.0153
867,23.449,0.5382,35.65,52.79,85.15,6.5306,2.8205,9.3511,0.4291,21.7949,0.4565,0.175
868,35.4316,0.6373,1.3,81.91,88.86,9.4029,3.2538,12.6567,0.4943,25.6054,0.3734,0.1141
869,38.1613,0.4994,46.61,65.19,78.73,10.7283,2.5321,13.2604,0.3886,34.1275,0.5077,0.1078
870,40.2666,0.3354,42.91,65.59,9.47,10.109,1.7114,11.8204,0.2488,47.5072,0.6847,0.0153
871,22.4381,0.5801,71.58,8.08,27.34,6.2117,2.8193,9.031,0.4553,19.8356,0.423,0.1708
872,19.1117,0.5904,87.44,44.08,38.51,5.1759,2.8763,8.0522,0.46,17.5061,0.4169,0.1961
873,34.0964,0.5633,34.6,50.82,5.5,9.4819,2.8064,12.2883,0.4394,27.9661,0.4433,0.1218
874,39.7853,0.546,39.75,24.27,77.88,11.1132,2.627,13.7402,0.4272,32.1647,0.459,0.094
875,19.1913,0.482,17.53,76.76,45.1,5.3278,2.423,7.7508,0.3739,20.7286,0.5261,0.2177
876,32.7675,0.5545,22.81,79.4,65.54,9.0835,2.7463,11.8298,0.4352,27.1794,0.4485,0.1282
877,30.2258,0.4698,61.9,46.19,42.69,8.5156,2.3894,10.905,0.3655,29.8375,0.537,0.1393
878,42.3371,0.4947,67.42,73.56,9.72,11.932,2.6725,14.6045,0.3872,37.7211,0.5094,0.0977
879,26.7848,0.522,9.61,35.97,88.75,7.5483,2.4204,9.9687,0.4061,24.5478,0.4852,0.1553
880,25.6719,0.5058,49.33,80.65,66.61,7.2036,2.4553,9.6589,0.3935,24.5488,0.5013,0.1754
881,31.9642,0.6622,49.88,83.56,48.18,8.2601,3.2703,11.5304,0.5201,22.1714,0.341,0.1354
882,46.1097,0.5635,24.95,44.08,24.03,12.858,2.8852,15.7432,0.4429,35.544,0.4388,0.0887
883,33.1854,0.571,65.74,84.25,89.08,9.1895,2.7922,11.9817,0.4477,26.7638,0.4326,0.1233
884,29.6294,0.6828,71.19,36.84,40.91,7.4432,3.3222,10.7653,0.5316,20.2518,0.3266,0.1235
885,28.1208,0.3494,5.27,85.65,5.66,7.2272,1.6098,8.837,0.2729,32.3873,0.654,0.0194
886,35.1843,0.4583,50.6,46.77,76.57,9.8132,2.3452,12.1584,0.3585,33.9118,0.5455,0.124
887,39.6829,0.6609,68.35,22.29,38.94,10.2543,3.3098,13.564,0.5196,26.1054,0.3418,0.0939
888,19.9057,0.3122,69.34,77.4,45.83,4.7251,1.4972,6.2223,0.2376,26.1888,0.6989,0.0165
889,46.845,0.45,19.5,26.99,84.63,13.077,2.4214,15.4985,0.3495,44.3452,0.5571,0.0931
890,23.1091,0.4224,60.16,60.77,72.48,6.4179,2.0779,8.4958,0.3261,26.0526,0.5868,0.0177
891,30.0684,0.4541,81.63,55.01,5.71,8.3653,2.4705,10.8358,0.3487,31.0791,0.5582,0.1353
892,24.2898,0.5691,62.24,36.37,35.05,6.669,2.7665,9.4354,0.4508,20.9321,0.4288,0.1635
893,31.8255,0.689,2.07,87.12,12.66,8.1812,3.4717,11.6529,0.527,22.1132,0.3325,0.121
894,39.9806,0.6054,24.96,46.95,43.7,10.9002,3.0023,13.9025,0.4779,29.0934,0.3945,0.0985
895,16.2234,0.5183,45.56,62.65,5.13,4.6037,2.4474,7.0512,0.3806,18.528,0.5176,0.2287
896,23.7205,0.4295,24.53,53.33,60.55,6.5774,2.2081,8.7855,0.3408,25.7798,0.568,0.0166
897,29.7506,0.4463,86.04,56.71,37.3,8.1848,2.3105,10.4953,0.3487,30.1025,0.5583,0.1329
898,40.8565,0.5024,89.5,32.88,71.69,11.3787,2.5243,13.903,0.3917,35.4975,0.5038,0.0953
899,45.1176,0.3932,42.31,53.89,64.33,12.1838,2.0736,14.2575,0.3038,46.9263,0.615,0.0145
900,27.5856,0.3288,5.53,1.91,6.83,6.7519,1.1834,7.9353,0.2493,31.834,0.6834,0.024
901,19.3857,0.6097,76.85,39.63,20.19,5.268,3.1432,8.4111,0.4949,16.9965,0.3728,0.2234
902,33.1065,0.6244,42.03,34.95,34.72,8.9293,3.1243,12.0537,0.4862,24.7926,0.384,0.1135
903,18.5155,0.3982,5.1,49.22,6.17,4.9625,2.245,7.2075,0.307,23.4805,0.6111,0.0245
904,46.5847,0.3074,64.97,53.83,68.41,11.5521,1.597,13.149,0.2375,55.3624,0.6991,0.0152
905,46.7396,0.3337,48.13,18.03,64.82,11.869,1.7998,13.6688,0.2574,53.1136,0.674,0.0157
906,44.1109,0.6922,18.9,15.75,50.01,10.6271,3.5072,14.1343,0.5562,25.4103,0.2952,0.0933
907,17.9501,0.4462,46.49,62.57,36.91,4.8431,2.0752,6.9183,0.3282,21.0805,0.584,0.023
908,16.46,0.4721,24.84,73.85,10.56,4.5547,2.2139,6.7686,0.3377,20.0418,0.5717,0.2366
909,28.6184,0.3301,78.29,66.04,58.26,7.2275,1.7373,8.9648,0.2583,34.7127,0.6728,0.016
910,42.7648,0.5082,73.92,4.26,81.51,12.0138,2.7164,14.7303,0.3978,37.0275,0.4958,0.0926
911,25.8894,0.6107,5.74,29.82,82.08,7.0067,2.7703,9.777,0.4702,20.795,0.404,0.1628
912,43.6486,0.6787,17.92,39.26,16.68,10.897,3.492,14.389,0.5472,26.2958,0.3066,0.0958
913,45.7369,0.45,22.01,79.08,44.08,12.6904,2.3491,15.0395,0.3473,43.3034,0.5599,0.0948
914,36.1772,0.5141,87.87,55.19,72.85,10.1936,2.678,12.8716,0.4018,32.0347,0.4907,0.1136
915,30.406,0.3937,9.01,87.58,56.92,8.1989,2.0331,10.232,0.3071,33.3143,0.6107,0.0207
916,17.8724,0.4193,9.96,11.74,21.85,4.7697,2.1847,6.9544,0.3208,21.6757,0.5935,0.02
917,39.9437,0.4649,82.44,5.93,52.18,11.1357,2.363,13.4988,0.3625,37.2338,0.5406,0.0989
918,30.2569,0.5108,78.53,80.47,28.01,8.4128,2.6781,11.0909,0.3968,27.9488,0.4973,0.1262
919,24.372,0.4074,2.52,33.1,53.83,6.629,1.9802,8.6092,0.3308,26.022,0.5806,0.0247
920,43.9725,0.6518,39.87,38.61,18.46,11.5507,3.3342,14.8849,0.5152,28.893,0.3472,0.0974
921,38.5917,0.4954,42.8,30.0,37.56,10.8563,2.4917,13.3479,0.3883,34.3729,0.5079,0.1121
922,27.2177,0.3054,85.47,73.23,45.01,6.6529,1.556,8.2089,0.2384,34.4318,0.6978,0.0166
923,37.9719,0.6162,57.99,61.19,49.85,10.2122,3.1532,13.3653,0.4865,27.47,0.3835,0.1052
924,26.9624,0.4166,67.18,76.68,31.73,7.2984,2.0316,9.33,0.3136,29.7547,0.6027,0.0181
925,20.4067,0.3098,5.8,71.69,26.07,5.1614,1.773,6.9344,0.2588,26.7991,0.672,0.0209
926,28.1234,0.6267,69.38,23.64,48.27,7.5225,3.0159,10.5384,0.4883,21.58,0.3814,0.1462
927,42.6802,0.5637,51.41,61.42,76.97,11.9905,2.934,14.9245,0.4429,33.6951,0.4388,0.1013
928,33.389,0.3121,49.44,74.74,32.4,8.1925,1.6256,9.8181,0.2421,40.5609,0.6932,0.0145
929,28.8116,0.493,44.37,43.78,29.42,8.1952,2.4482,10.6434,0.378,28.1564,0.5209,0.1355
930,34.7844,0.588,80.7,43.59,72.36,9.3787,2.9407,12.3194,0.4692,26.2576,0.4055,0.1134
931,25.4183,0.3842,11.01,21.64,27.29,6.8591,1.8075,8.6666,0.2974,29.1407,0.623,0.0192
932,37.003,0.6294,64.51,69.18,20.24,9.8376,3.1489,12.9864,0.5,25.9729,0.3666,0.111
933,36.4189,0.445,14.77,37.45,24.97,10.1745,2.2885,12.463,0.3431,36.3264,0.5651,0.1204
934,22.5852,0.5137,62.19,45.53,2.25,6.3479,2.6273,8.9752,0.3891,23.0659,0.507,0.1884
935,35.6219,0.5715,0.95,26.55,6.15,10.0351,3.063,13.0981,0.4488,29.1827,0.4314,0.1194
936,39.1157,0.525,22.62,49.73,76.16,11.0127,2.6408,13.6535,0.4182,32.6483,0.4703,0.111
937,45.6775,0.5112,77.97,51.63,80.14,12.9431,2.6548,15.5979,0.4032,38.6898,0.489,0.0954
938,35.0172,0.4116,1.79,38.98,9.43,9.6807,2.1845,11.8652,0.3245,36.5639,0.5885,0.1433
939,25.4772,0.3442,28.68,11.85,14.96,6.1916,1.5965,7.7881,0.2469,31.5464,0.6871,0.02
940,19.1863,0.4591,25.69,24.68,89.48,5.2836,2.1437,7.4273,0.3516,21.1238,0.5544,0.0206
941,31.1601,0.5073,11.3,41.38,83.75,8.6678,2.6057,11.2735,0.3951,28.5342,0.4994,0.1411
942,22.7683,0.6826,4.52,31.61,21.44,5.8712,3.3512,9.2224,0.525,17.5675,0.3347,0.182
943,19.4488,0.4088,9.99,71.74,30.18,5.3013,2.1702,7.4715,0.322,23.2034,0.592,0.0187
944,29.4534,0.3396,4.97,89.29,44.39,7.5367,1.763,9.2997,0.2713,34.2754,0.656,0.0207
945,23.4276,0.4079,27.35,66.27,50.93,6.3781,2.0035,8.3817,0.3133,26.7501,0.6029,0.0173
946,40.8246,0.3991,76.1,14.22,44.1,11.0142,2.1167,13.1309,0.3069,42.7871,0.6111,0.0154
947,40.8764,0.3945,34.33,43.6,46.01,11.1817,2.0851,13.2669,0.3073,43.172,0.6107,0.0152
948,23.3948,0.432,18.17,77.56,50.46,6.3008,2.1213,8.4221,0.334,25.2131,0.5767,0.02
949,36.0407,0.5026,5.37,57.62,88.93,9.9701,2.5779,12.5479,0.396,31.6887,0.4982,0.108
950,17.4984,0.3637,76.03,13.83,24.05,4.5398,1.8366,6.3764,0.2723,23.419,0.6548,0.0178
951,24.6459,0.3938,71.23,54.01,21.4,6.6446,1.9196,8.5642,0.3011,28.4398,0.6182,0.0169
952,19.7283,0.632,16.21,56.82,73.21,5.2125,3.2503,8.4628,0.4922,17.1935,0.3764,0.2031
953,24.828,0.5188,88.91,67.13,53.08,6.9186,2.6175,9.5361,0.4074,23.4086,0.4837,0.1674
954,37.8227,0.301,15.77,40.09,83.82,9.1333,1.5683,10.7016,0.2312,46.285,0.707,0.0165
955,33.3023,0.4414,88.14,43.34,54.65,9.2378,2.234,11.4718,0.3462,33.1334,0.5613,0.1263
956,33.1852,0.3294,2.87,18.58,86.19,8.5592,1.9046,10.4638,0.2745,38.1179,0.6521,0.0198
957,45.0651,0.4644,59.25,39.88,73.44,12.7047,2.3509,15.0556,0.3637,41.3987,0.5392,0.0989
958,35.4763,0.581,78.42,1.07,68.0,9.7685,2.9078,12.6764,0.4641,27.3152,0.412,0.1135
959,19.5451,0.3168,11.82,18.32,51.74,4.9193,1.686,6.6053,0.258,25.6001,0.6729,0.017
960,42.4835,0.5679,30.48,40.41,58.62,11.7656,2.9363,14.7019,0.4469,32.895,0.4336,0.0973
961,19.7906,0.6293,89.89,83.53,41.62,5.2631,3.0409,8.3041,0.4829,17.1953,0.3882,0.1899
962,22.6319,0.6747,31.87,76.25,5.71,5.7604,3.4845,9.2449,0.5358,17.2555,0.3211,0.1656
963,26.5129,0.6707,64.92,86.75,12.27,6.5514,3.2242,9.7755,0.5337,18.3182,0.3239,0.1484
964,22.7842,0.5766,57.24,77.53,62.95,6.3487,2.8198,9.1685,0.4522,20.2757,0.4271,0.1821
965,33.701,0.6314,31.91,44.84,11.75,9.018,3.1532,12.1711,0.4999,24.3478,0.3667,0.1174
966,42.8721,0.5852,43.93,50.21,42.7,11.8001,3.0817,14.8819,0.4609,32.291,0.416,0.092
967,22.4308,0.6111,43.45,61.3,28.34,6.0434,3.0757,9.1191,0.4821,18.9143,0.3891,0.174
968,17.9943,0.4229,21.4,9.55,59.24,4.8658,2.0307,6.8965,0.3248,21.2312,0.5879,0.0185
969,40.0488,0.5044,30.94,3.08,85.45,11.1967,2.6092,13.8058,0.3944,35.0038,0.5002,0.1005
970,21.2303,0.4168,80.52,19.75,43.64,5.8909,2.0583,7.9491,0.3243,24.5087,0.5891,0.0182
971,17.6047,0.6669,70.84,49.59,6.53,4.4486,3.4729,7.9214,0.529,14.9732,0.3295,0.2236
972,27.1134,0.511,1.15,22.33,85.52,7.5254,2.2417,9.7671,0.3984,24.5131,0.495,0.1557
973,17.1806,0.3401,35.6,45.11,3.74,4.1431,1.6992,5.8423,0.2322,25.1584,0.7056,0.0175
974,45.3036,0.6278,89.78,79.5,2.09,12.0543,3.0653,15.1196,0.4969,30.4299,0.3704,0.0908
975,46.4364,0.4849,77.04,42.46,33.12,13.0458,2.5748,15.6206,0.3783,41.2876,0.5206,0.0852
976,23.208,0.6059,23.76,71.16,31.17,6.2934,3.057,9.3504,0.4769,19.6079,0.3957,0.169
977,38.5569,0.5222,70.33,85.31,53.07,10.7473,2.7281,13.4754,0.4121,32.6957,0.4776,0.1045
978,29.9547,0.3179,73.8,47.85,68.15,7.5369,1.6834,9.2203,0.2528,36.4726,0.6796,0.0144
979,42.9574,0.3155,79.16,67.69,11.97,10.5034,1.6246,12.128,0.2361,51.375,0.7008,0.0158
980,37.6928,0.5137,56.17,70.41,15.13,10.6964,2.5753,13.2717,0.4056,32.718,0.4862,0.1051
981,41.5141,0.5548,43.13,74.03,5.66,11.6125,2.8851,14.4977,0.4318,33.5773,0.4531,0.1007
982,23.3352,0.4413,78.15,28.2,59.55,6.3945,2.27,8.6645,0.3449,25.1253,0.5628,0.0192
983,31.8378,0.5202,4.39,89.02,14.74,8.8994,2.7782,11.6777,0.4034,28.9451,0.4888,0.1437
984,20.6052,0.4724,73.01,34.0,32.66,5.7888,2.332,8.1208,0.3672,22.1169,0.5347,0.1923
985,30.0935,0.658,13.87,72.87,51.42,7.6508,3.3504,11.0012,0.5211,21.1128,0.3398,0.1407
986,33.1451,0.384,47.87,11.72,70.62,8.9229,1.9437,10.8667,0.3021,35.9727,0.6172,0.0171
987,31.67,0.3423,36.11,61.21,16.76,8.1842,1.7476,9.9318,0.2626,37.8253,0.6673,0.0164
988,33.1296,0.5612,5.26,80.93,26.19,9.1753,2.9452,12.1205,0.4343,27.908,0.4496,0.1352
989,28.8404,0.3888,61.55,11.87,84.68,7.6929,1.9863,9.6791,0.2988,32.3982,0.6214,0.0191
990,33.889,0.4105,44.34,74.24,11.9,9.2123,2.0154,11.2278,0.3117,36.0201,0.6051,0.0177
991,32.2226,0.4922,47.97,16.88,36.65,9.0048,2.5132,11.518,0.3823,30.1304,0.5157,0.1247
992,46.9882,0.5751,65.11,77.95,54.48,12.9673,2.9432,15.9105,0.4555,34.931,0.4228,0.0837
993,31.2824,0.4291,15.13,47.62,69.63,8.6594,2.1711,10.8305,0.3335,32.4777,0.5772,0.017
994,31.2096,0.5619,67.42,83.31,70.12,8.6776,2.8013,11.4788,0.4431,25.9038,0.4385,0.1376
995,22.4223,0.5568,62.55,39.83,34.94,6.2865,2.8381,9.1245,0.439,20.7852,0.4438,0.1818
996,19.031,0.5611,77.21,56.03,57.92,5.3412,2.8052,8.1464,0.4238,19.2223,0.4627,0.2117
997,42.1348,0.5476,9.34,15.21,65.74,11.7156,2.8573,14.5729,0.4306,33.84,0.4542,0.1001
998,26.3106,0.3604,33.05,5.7,5.86,6.7284,1.6054,8.3338,0.2534,32.885,0.6787,0.0197
999,23.257,0.6842,29.88,57.04,32.8,5.7415,3.4537,9.1953,0.5493,16.7399,0.3042,0.1533
1000,20.375,0.6449,23.13,74.92,8.25,5.2886,3.0761,8.3647,0.5072,16.4933,0.3575,0.1824
1001,42.0894,0.5303,51.93,52.5,20.62,11.8877,2.7864,14.6741,0.4157,35.3003,0.4733,0.0984
1002,33.5373,0.6455,85.92,0.71,38.86,8.6014,3.055,11.6563,0.5139,22.6824,0.3487,0.1171
1003,40.8159,0.5692,87.54,18.79,86.6,11.2276,2.8363,14.0639,0.4459,31.5385,0.435,0.0958
1004,41.7012,0.4027,73.74,48.97,1.03,11.2151,2.2262,13.4413,0.2988,44.9906,0.6213,0.0155
1005,46.317,0.3778,88.75,35.28,85.33,12.3403,1.942,14.2822,0.2941,48.5607,0.6272,0.0147
1006,16.1454,0.6041,59.84,46.23,23.76,4.5166,2.7749,7.2916,0.4672,15.6073,0.4079,0.2767
1007,19.6584,0.5283,75.92,69.22,42.32,5.4624,2.6555,8.1179,0.406,19.9954,0.4856,0.2041
1008,45.89,0.6737,58.27,35.5,29.78,11.7174,3.3634,15.0809,0.5277,28.5809,0.3315,0.084
1009,32.1682,0.591,19.83,34.06,87.31,8.77,2.9826,11.7527,0.4603,25.5302,0.4166,0.119
1010,36.0196,0.6105,50.12,57.76,0.04,9.7358,3.3113,13.0472,0.4861,26.8382,0.384,0.1143
1011,24.3208,0.3499,75.56,43.7,51.97,6.3162,1.7728,8.089,0.273,29.6265,0.654,0.0159
1012,28.8939,0.4427,13.74,0.78,70.34,7.9546,2.3196,10.2742,0.34,30.219,0.5693,0.0182
1013,28.0237,0.6837,5.96,7.22,71.1,7.2749,3.1958,10.4707,0.5197,20.1479,0.3414,0.1454
1014,34.2268,0.543,50.75,32.89,84.04,9.5247,2.736,12.2606,0.4233,28.9671,0.4635,0.1128
1015,31.3819,0.5577,11.9,12.04,83.99,8.5139,2.8106,11.3245,0.434,26.0956,0.4501,0.1141
1016,38.5051,0.5203,16.88,0.29,39.26,10.8772,2.7732,13.6504,0.4081,33.4523,0.4828,0.1075
1017,45.0599,0.4571,43.12,79.57,23.19,12.5762,2.3176,14.8938,0.3563,41.7978,0.5484,0.0883
1018,28.8834,0.3978,5.87,37.42,8.87,7.7349,1.9197,9.6546,0.3041,31.7434,0.6146,0.0192
1019,26.8839,0.4692,15.73,89.13,45.24,7.4303,2.3655,9.7958,0.3667,26.7168,0.5352,0.1555
1020,39.508,0.3545,70.99,33.98,77.98,10.4039,1.7882,12.1921,0.278,43.8494,0.6478,0.0153
1021,33.1936,0.6669,0.87,53.06,50.26,8.6256,3.4448,12.0704,0.5199,23.2162,0.3412,0.1353
1022,29.9767,0.4015,75.44,44.49,74.47,8.1884,2.0895,10.2779,0.3193,32.1862,0.5955,0.017
1023,20.2127,0.3464,49.75,82.38,12.81,5.1155,1.5753,6.6909,0.2547,26.2741,0.6774,0.0167
1024,26.8667,0.5548,20.24,3.67,3.71,7.509,2.6481,10.1571,0.4415,23.006,0.4406,0.1768
1025,45.3927,0.4546,58.36,26.51,2.93,12.7892,2.1868,14.976,0.3554,42.1343,0.5497,0.1034
1026,43.3461,0.6537,61.99,21.18,21.12,11.2778,3.3657,14.6435,0.5167,28.3393,0.3455,0.1
1027,31.0667,0.5281,38.04,2.58,21.11,8.7194,2.6144,11.3338,0.4227,26.8114,0.4642,0.135
1028,23.281,0.5885,9.31,59.91,12.11,6.4267,2.9636,9.3902,0.4595,20.4354,0.4177,0.1946
1029,16.0503,0.4713,76.0,63.81,74.08,4.4127,2.1381,6.5508,0.3439,19.0505,0.5644,0.252
1030,43.3599,0.4594,6.77,56.9,32.65,12.1223,2.4088,14.5312,0.358,40.5866,0.5462,0.0955
1031,29.8765,0.3826,4.99,27.58,42.49,8.0472,2.0546,10.1019,0.3049,33.1292,0.6135,0.0205
1032,17.5419,0.3527,36.75,72.48,22.71,4.2975,1.6041,5.9016,0.2463,23.9621,0.6879,0.0228
1033,23.0206,0.3937,25.92,89.33,72.06,6.0682,1.9386,8.0068,0.2974,26.9182,0.6229,0.0163
1034,33.6079,0.6689,5.86,81.45,6.39,8.6577,3.3374,11.9952,0.5138,23.347,0.3489,0.1193
1035,37.1194,0.3815,88.6,89.88,57.74,9.9125,2.1461,12.0585,0.2915,41.3624,0.6306,0.016
1036,40.623,0.5972,4.91,77.27,6.5,11.1972,2.9453,14.1426,0.4576,30.9083,0.4202,0.1116
1037,24.6918,0.3237,54.6,30.37,88.63,6.1289,1.5866,7.7155,0.2491,30.9782,0.6844,0.0184
1038,41.4096,0.5563,82.55,37.02,29.59,11.5249,2.9296,14.4545,0.4355,33.1893,0.4483,0.097
1039,16.6811,0.4423,43.85,75.46,65.22,4.5168,2.0564,6.5732,0.3328,19.7519,0.5783,0.019
1040,16.1963,0.4164,73.36,23.49,9.12,4.419,1.9091,6.3282,0.3038,20.8273,0.6147,0.0198
1041,36.6122,0.686,72.14,69.19,89.39,9.0605,3.4664,12.5269,0.544,23.027,0.3109,0.1061
1042,25.1262,0.3588,6.42,80.78,6.92,6.677,1.7572,8.4342,0.2972,28.3822,0.6232,0.02
1043,44.7194,0.5329,1.02,17.91,71.35,12.523,2.9139,15.4369,0.4146,37.2325,0.4746,0.0874
1044,30.0671,0.301,12.8,26.79,85.93,6.9908,1.5331,8.5239,0.2204,38.6692,0.7206,0.017
1045,41.0501,0.6253,46.2,15.84,23.3,11.0288,3.1709,14.1997,0.4909,28.927,0.3779,0.1016
1046,23.2356,0.4904,27.36,8.78,36.65,6.5458,2.3901,8.9359,0.3755,23.7976,0.524,0.1682
1047,37.053,0.3936,70.98,1.34,57.44,9.9258,2.0274,11.9532,0.2903,41.1804,0.6323,0.0152
1048,17.6304,0.5113,36.25,32.63,49.38,4.8671,2.5503,7.4174,0.3915,18.944,0.5037,0.2218
1049,34.8392,0.6098,5.47,54.23,38.67,9.5217,3.0954,12.617,0.4728,26.6839,0.4008,0.1315
1050,25.2116,0.6387,42.0,60.09,24.43,6.5865,3.0972,9.6837,0.5091,19.0201,0.3546,0.1663
1051,42.0976,0.4873,23.74,42.15,27.92,11.8674,2.4972,14.3646,0.3797,37.8324,0.5188,0.0939
1052,29.4303,0.3662,89.81,31.6,87.71,7.7165,1.8592,9.5757,0.2783,34.4108,0.6474,0.0155
1053,19.4585,0.4033,3.52,75.32,65.77,5.1318,2.2108,7.3426,0.3055,24.0377,0.6128,0.0226
1054,32.6985,0.3878,63.33,5.12,84.07,8.6896,1.8686,10.5582,0.2898,36.43,0.6326,0.0194
1055,34.4688,0.591,54.84,77.31,78.48,9.3122,2.9658,12.278,0.4713,26.0518,0.4026,0.1232
1056,27.5326,0.5482,76.38,83.3,79.25,7.6119,2.7727,10.3846,0.4284,24.2395,0.4571,0.1452
1057,21.2229,0.5308,28.64,68.28,5.21,5.9368,2.4992,8.436,0.3954,21.3373,0.4988,0.1917
1058,41.9847,0.6709,47.25,73.88,78.27,10.7281,3.4273,14.1555,0.5277,26.8256,0.3312,0.0955
1059,38.1799,0.4386,20.59,26.51,72.49,10.5514,2.1975,12.749,0.3441,37.045,0.5639,0.1058
1060,35.1077,0.3758,23.96,65.19,74.29,9.3514,2.0206,11.3719,0.2904,39.1586,0.632,0.0158
1061,29.6352,0.5146,50.71,70.31,37.04,8.2951,2.5763,10.8714,0.3974,27.3579,0.4964,0.1444
1062,33.4106,0.6733,10.42,58.35,67.68,8.4744,3.2934,11.7678,0.5308,22.1715,0.3275,0.1248
1063,21.9566,0.3018,19.13,7.4,48.87,5.1745,1.2404,6.4149,0.2135,30.0444,0.7292,0.0204
1064,19.6518,0.4538,5.07,51.56,2.99,5.4868,2.4763,7.9631,0.3526,22.5871,0.5531,0.2554
1065,32.1431,0.5363,41.61,82.8,68.02,8.9711,2.7087,11.6798,0.4228,27.628,0.4642,0.1338
1066,46.9942,0.4176,24.45,64.8,57.67,12.9059,2.2177,15.1236,0.3211,47.0968,0.593,0.0907
1067,28.1332,0.5574,46.67,31.07,22.86,7.8481,2.6217,10.4698,0.4293,24.3902,0.4562,0.1465
1068,41.5777,0.4311,18.78,78.21,20.41,11.5078,2.2559,13.7637,0.3318,41.4813,0.5795,0.1028
1069,17.5812,0.49,88.95,7.65,45.08,4.9416,2.3748,7.3163,0.3917,18.6764,0.5037,0.2046
1070,32.7077,0.535,72.49,74.68,1.0,9.1986,2.5109,11.7095,0.4173,28.0634,0.4712,0.1172
1071,22.8583,0.4446,89.5,85.02,0.33,6.2481,2.3227,8.5708,0.3228,26.5494,0.5908,0.0193
1072,16.054,0.625,70.77,19.84,82.51,4.2701,2.9245,7.1946,0.4828,14.9032,0.3883,0.2045
1073,15.8827,0.5251,69.74,18.27,54.71,4.482,2.5821,7.0641,0.3989,17.7091,0.4947,0.2737
1074,28.4501,0.4281,68.16,1.27,61.16,7.8543,2.254,10.1083,0.3276,30.8594,0.585,0.0164
1075,45.0795,0.3129,13.72,32.14,86.88,11.078,1.6153,12.6932,0.2365,53.6794,0.7003,0.0151
1076,35.9687,0.5733,50.46,2.6,83.06,9.9312,2.9327,12.8639,0.4534,28.3691,0.4255,0.1092
1077,18.3992,0.6608,17.12,6.31,63.87,4.5671,3.4016,7.9686,0.5312,15.0017,0.327,0.2029
1078,34.6423,0.6726,1.42,9.68,64.07,8.9386,3.4134,12.3521,0.522,23.6641,0.3385,0.1118
1079,16.0334,0.5865,77.42,18.06,48.72,4.2755,2.866,7.1415,0.4572,15.6195,0.4205,0.2706
1080,21.101,0.6861,24.28,41.66,7.1,5.2351,3.3004,8.5355,0.5396,15.8181,0.3162,0.1934
1081,22.9125,0.649,46.33,15.71,34.15,6.0443,3.1539,9.1982,0.5135,17.9127,0.3497,0.1669
1082,41.0093,0.3906,78.23,20.56,1.39,10.8398,1.9363,12.7761,0.2864,44.6164,0.6372,0.0154
1083,36.5402,0.677,42.33,44.98,9.88,9.1594,3.525,12.6844,0.5407,23.4588,0.3148,0.1158
1084,28.4698,0.5113,34.22,5.83,13.25,8.085,2.5378,10.6229,0.3994,26.5994,0.4939,0.1535
1085,17.6256,0.4055,85.96,83.69,15.54,4.6809,2.1183,6.7992,0.2977,22.8368,0.6229,0.021
1086,35.2196,0.53,12.09,59.13,79.29,9.873,2.7045,12.5775,0.4168,30.1773,0.4718,0.1176
1087,35.4393,0.5233,19.75,33.35,15.52,10.0612,2.713,12.7742,0.4099,31.1631,0.4806,0.1215
1088,24.2541,0.4627,59.64,65.15,85.24,6.8582,2.3929,9.251,0.3651,25.3413,0.5375,0.1816
1089,17.4047,0.5036,43.78,67.84,21.9,4.8475,2.4036,7.251,0.3762,19.2743,0.523,0.2244
1090,34.0927,0.3659,69.6,89.62,4.9,8.7956,1.6468,10.4424,0.2741,38.096,0.6526,0.0172
1091,32.2159,0.6407,24.12,78.78,40.43,8.3957,3.1588,11.5545,0.5102,22.6482,0.3533,0.129
1092,26.4167,0.402,80.76,77.42,40.18,7.1954,1.9589,9.1543,0.314,29.1517,0.602,0.017
1093,17.6585,0.3047,31.52,71.22,77.57,4.1697,1.4095,5.5792,0.2255,24.7432,0.7143,0.0311
1094,21.2792,0.4538,52.88,28.67,39.72,5.8695,2.2105,8.0801,0.3485,23.1838,0.5583,0.1917
1095,30.2095,0.4782,37.81,44.37,17.67,8.5185,2.4092,10.9277,0.3671,29.7656,0.5348,0.1371
1096,41.5502,0.5344,56.56,8.53,33.88,11.6237,2.7953,14.4191,0.4207,34.2723,0.4669,0.0984
1097,20.8624,0.437,13.91,4.73,46.47,5.7828,1.9689,7.7516,0.3366,23.0279,0.5734,0.0218
1098,18.1464,0.5148,39.11,12.56,5.69,5.0451,2.5906,7.6357,0.4088,18.6764,0.4817,0.2409
1099,35.2311,0.5065,41.15,80.87,82.45,9.9014,2.5679,12.4693,0.3986,31.2839,0.4948,0.1204
1100,41.1266,0.5383,26.01,29.84,47.64,11.5154,2.7536,14.269,0.4179,34.1421,0.4706,0.1047
1101,20.1364,0.4908,40.04,44.32,14.86,5.6117,2.3726,7.9843,0.3692,21.6254,0.5323,0.2106
1102,16.3692,0.3964,8.51,42.62,67.22,4.4056,1.9405,6.3461,0.2995,21.1895,0.6205,0.0219
1103,41.503,0.3303,67.68,11.96,61.4,10.436,1.7691,12.2051,0.2522,48.3861,0.6805,0.0194
1104,46.8829,0.6427,59.0,39.31,13.26,12.3888,3.271,15.6599,0.508,30.8235,0.356,0.0854
1105,36.0384,0.3712,89.42,79.56,16.62,9.5226,1.9883,11.5109,0.2827,40.7159,0.6418,0.0154
1106,25.7703,0.3897,35.91,72.15,36.61,6.9969,1.9052,8.9021,0.303,29.3798,0.616,0.0166
1107,45.8335,0.4951,45.05,33.91,55.34,12.935,2.5131,15.448,0.3854,40.0837,0.5118,0.0946
1108,31.9409,0.3368,20.06,16.39,55.81,7.9203,1.6271,9.5475,0.252,37.8923,0.6806,0.0159
1109,23.5232,0.4346,68.02,87.89,68.55,6.5551,2.1425,8.6976,0.3433,25.3323,0.565,0.0189
1110,17.5534,0.6894,6.16,47.25,12.2,4.6537,3.3837,8.0374,0.5061,15.88,0.3584,0.2204
1111,17.0887,0.682,81.38,86.81,1.03,4.4734,3.5239,7.9973,0.512,15.6206,0.3514,0.2293
1112,37.1961,0.6295,30.34,10.57,77.67,9.6884,3.154,12.8424,0.4986,25.7587,0.3685,0.1149
1113,36.0566,0.4086,72.95,72.7,18.37,9.739,2.0422,11.7812,0.315,37.3989,0.6009,0.0171
1114,30.8025,0.5569,35.0,19.99,78.55,8.4177,2.7961,11.2138,0.4373,25.6427,0.446,0.1141
1115,23.607,0.6784,41.59,12.12,11.7,5.6961,3.4358,9.1319,0.5442,16.7793,0.3104,0.1803
1116,18.7484,0.5979,18.7,66.7,60.29,5.0833,2.9697,8.053,0.457,17.621,0.4208,0.2261
1117,44.418,0.4962,25.71,37.03,32.4,12.5498,2.6094,15.1592,0.3902,38.8512,0.5057,0.0917
1118,35.5087,0.385,26.08,28.76,70.71,9.542,2.1159,11.6579,0.3001,38.848,0.6198,0.0159
1119,27.4946,0.6193,51.49,54.53,65.21,7.347,3.0216,10.3686,0.481,21.5558,0.3904,0.1555
1120,25.2813,0.5179,58.79,23.23,69.92,7.0627,2.5696,9.6322,0.4076,23.6294,0.4835,0.1681
1121,45.8527,0.4347,46.06,68.01,18.28,12.7964,2.2778,15.0742,0.3371,44.715,0.5729,0.0892
1122,40.7309,0.4693,49.68,25.2,78.11,11.3772,2.3922,13.7694,0.3674,37.4829,0.5344,0.1036
1123,21.5753,0.6986,4.76,17.74,49.34,5.4478,3.472,8.9198,0.5345,16.6869,0.3223,0.2056
1124,28.9576,0.4667,28.49,33.86,21.85,8.1457,2.2199,10.3656,0.3539,29.2855,0.5513,0.1457
1125,39.0337,0.3429,88.84,6.43,23.58,9.9067,1.7831,11.6898,0.2613,44.7346,0.6689,0.0157
1126,28.7008,0.5673,4.8,78.49,1.7,7.9466,2.7502,10.6968,0.4242,25.2181,0.4625,0.1403
1127,17.0401,0.513,79.4,4.4,13.86,4.8488,2.665,7.5138,0.3976,18.8963,0.4962,0.2174
1128,35.572,0.4962,77.0,8.07,82.7,9.9902,2.4645,12.4547,0.3861,32.2605,0.5108,0.1118
1129,27.0865,0.4238,35.72,39.42,62.08,7.4442,2.0924,9.5366,0.3355,28.4254,0.5748,0.0174
1130,43.7865,0.4775,31.75,11.25,6.79,12.2049,2.5286,14.7335,0.3723,39.5785,0.5284,0.0894
1131,24.7967,0.6067,5.15,37.14,74.36,6.7107,2.8328,9.5435,0.4712,20.2523,0.4031,0.1569
1132,18.4514,0.3445,4.71,70.29,10.77,4.7267,1.9483,6.675,0.2651,25.1836,0.6641,0.0245
1133,17.1807,0.6023,76.1,5.11,74.93,4.6651,3.1059,7.771,0.4869,15.959,0.3833,0.2111
1134,30.8545,0.6423,89.58,41.55,16.4,8.1647,3.298,11.4626,0.5038,22.7521,0.3615,0.1296
1135,45.2216,0.6807,59.34,76.87,48.11,11.4156,3.3438,14.7594,0.5343,27.6214,0.3231,0.0806
1136,16.2117,0.3652,25.35,67.67,77.25,4.1992,1.5328,5.732,0.2666,21.4968,0.6619,0.0195
1137,19.214,0.383,21.32,44.73,44.61,5.1588,1.9069,7.0657,0.302,23.3969,0.6172,0.0189
1138,23.8697,0.475,5.28,24.03,81.21,6.5702,2.433,9.0033,0.3843,23.4291,0.5131,0.163
1139,33.2587,0.6651,1.92,22.35,48.16,8.7306,3.4522,12.1828,0.5093,23.9184,0.3545,0.1132
1140,28.6064,0.6247,72.65,8.16,10.48,7.5971,3.1305,10.7276,0.4954,21.6527,0.3721,0.1459
1141,46.6655,0.5028,0.15,67.89,2.98,13.2973,2.6895,15.9868,0.3901,40.9819,0.5057,0.1045
1142,21.9048,0.4501,68.57,82.81,8.3,6.0467,2.0971,8.1438,0.34,23.9533,0.5691,0.02
1143,45.7166,0.4607,78.39,77.31,57.44,12.8215,2.2958,15.1173,0.3543,42.6631,0.5512,0.0878
1144,22.4919,0.6396,5.58,66.33,88.22,5.8638,3.2256,9.0895,0.4932,18.4279,0.375,0.1894
1145,18.0879,0.4453,54.77,55.98,70.15,5.0749,2.264,7.3388,0.3488,21.038,0.558,0.0217
1146,26.1919,0.5175,47.31,72.48,50.56,7.3303,2.4746,9.8049,0.4001,24.5061,0.493,0.1414
1147,40.3049,0.5742,83.21,37.39,27.41,11.1445,2.9621,14.1066,0.4483,31.466,0.4321,0.1017
1148,46.5256,0.4547,76.11,18.05,37.61,13.0364,2.4409,15.4772,0.3561,43.4603,0.5486,0.0872
1149,33.0167,0.3894,25.46,20.64,85.43,8.7052,2.0507,10.7559,0.2918,36.8628,0.6303,0.0163
1150,38.5635,0.6297,30.8,58.6,41.81,10.286,3.1535,13.4395,0.4958,27.104,0.3716,0.1087
1151,42.1542,0.6909,35.63,43.75,1.61,10.5418,3.6153,14.1571,0.5463,25.9144,0.3078,0.0991
1152,17.3902,0.4397,66.13,76.27,38.21,4.6695,2.1454,6.8149,0.3257,20.9226,0.5872,0.0197
1153,40.6719,0.5173,79.37,54.22,34.66,11.4155,2.6547,14.0702,0.4049,34.7455,0.4868,0.1013
1154,35.408,0.6047,50.37,17.05,73.72,9.5599,3.0746,12.6344,0.4775,26.4597,0.3949,0.1218
1155,39.3221,0.4834,86.05,30.42,30.72,10.9459,2.4049,13.3508,0.3745,35.6543,0.5255,0.0922
1156,45.3124,0.42,75.44,41.29,65.17,12.4621,2.1843,14.6464,0.3293,44.4737,0.5827,0.0899
1157,33.3507,0.6278,86.46,5.27,8.71,8.7932,3.031,11.8242,0.5008,23.6083,0.3652,0.1291
1158,22.5224,0.6891,53.27,81.98,34.61,5.7163,3.4006,9.1169,0.5413,16.8434,0.3142,0.1832
1159,26.6062,0.6852,26.76,70.12,42.32,6.5488,3.3322,9.881,0.5457,18.1078,0.3083,0.1525
1160,37.301,0.6619,68.46,4.44,80.9,9.5466,3.3291,12.8757,0.5274,24.4145,0.3318,0.1056
1161,26.5365,0.6227,10.76,44.07,71.31,7.0848,2.9592,10.044,0.4911,20.4503,0.3775,0.1523
1162,38.2187,0.4256,63.14,9.44,52.37,10.4553,2.1511,12.6064,0.3327,37.8896,0.5784,0.1053
1163,29.2614,0.6406,26.38,18.82,67.94,7.6271,3.2228,10.8499,0.5094,21.2993,0.3544,0.1306
1164,18.1673,0.5011,53.42,64.91,53.68,5.0345,2.4949,7.5293,0.3817,19.7282,0.5162,0.2197
1165,43.2462,0.5468,54.13,58.27,16.08,12.1828,2.8167,14.9995,0.4292,34.9444,0.4562,0.0882
1166,17.9492,0.4983,59.22,82.59,66.07,5.0961,2.5191,7.6152,0.378,20.1454,0.5209,0.2289
1167,37.5602,0.349,39.97,42.39,8.09,9.631,1.7224,11.3534,0.2597,43.7163,0.6708,0.0156
1168,30.9625,0.4027,78.5,74.45,77.15,8.4684,2.088,10.5564,0.318,33.201,0.597,0.0184
1169,18.1163,0.522,15.17,40.91,23.86,5.0758,2.6464,7.7221,0.4023,19.1964,0.4904,0.208
1170,31.0557,0.4302,28.17,75.09,2.39,8.5168,2.2297,10.7465,0.3281,32.7496,0.5843,0.0192
1171,28.0264,0.5565,43.1,44.11,49.23,7.8605,2.6897,10.5502,0.4322,24.4081,0.4524,0.15
1172,25.511,0.4171,54.88,73.75,52.34,6.966,2.0169,8.9829,0.326,27.5561,0.5868,0.0166
1173,22.3968,0.3125,29.51,71.06,47.89,5.4236,1.5141,6.9377,0.2343,29.6151,0.7029,0.0158
1174,16.5745,0.4532,67.61,74.08,28.72,4.4894,1.9602,6.4496,0.3258,19.7977,0.5871,0.022
1175,30.1857,0.6078,35.36,64.2,25.67,8.104,3.0518,11.1558,0.4828,23.108,0.3882,0.122
1176,27.472,0.3369,3.62,9.7,22.14,7.0498,1.4605,8.5103,0.2655,32.0524,0.6625,0.0216
1177,43.7446,0.5156,87.64,89.23,77.86,12.3198,2.7047,15.0245,0.4048,37.1171,0.487,0.0946
1178,22.8254,0.5143,73.38,38.94,65.72,6.4213,2.5932,9.0145,0.4074,22.1265,0.4839,0.1823
1179,44.2071,0.5697,17.83,27.73,50.32,12.2583,2.9717,15.2301,0.4506,33.796,0.4291,0.0973
1180,19.8221,0.3584,23.58,85.01,61.14,5.0142,1.7992,6.8133,0.2667,25.551,0.6621,0.017
1181,45.7359,0.3659,15.57,87.09,34.52,12.0304,1.8873,13.9177,0.2794,49.8188,0.6461,0.0155
1182,43.7348,0.4579,33.58,76.85,35.3,12.2895,2.3844,14.6739,0.3561,41.2124,0.5488,0.0974
1183,25.1981,0.4073,42.03,41.64,8.22,6.7865,1.929,8.7155,0.3089,28.2131,0.6085,0.0173
1184,41.8982,0.4675,14.78,12.96,83.1,11.6445,2.4553,14.0998,0.362,38.9479,0.5411,0.0962
1185,32.6,0.6354,54.29,49.61,16.71,8.6209,3.1998,11.8207,0.5035,23.4755,0.3618,0.1169
1186,26.4541,0.4877,49.64,76.04,35.49,7.4442,2.3052,9.7494,0.3732,26.1269,0.5271,0.1428
1187,37.143,0.6639,20.17,20.85,84.86,9.2619,3.2898,12.5517,0.5339,23.5073,0.3236,0.1064
1188,26.7007,0.3866,77.91,67.13,40.49,7.188,1.8788,9.0668,0.3032,29.9046,0.616,0.017
1189,28.1315,0.6088,27.55,85.56,52.04,7.5724,3.0194,10.5918,0.4779,22.1623,0.3944,0.1422
1190,33.7094,0.3086,49.22,14.65,12.0,8.1161,1.4055,9.5217,0.2267,42.0062,0.7127,0.0154
1191,32.565,0.6311,52.52,20.97,30.23,8.6332,3.1442,11.7774,0.495,23.792,0.3728,0.1296
1192,17.1675,0.4047,72.29,24.57,52.42,4.6946,2.0594,6.754,0.315,21.4408,0.6009,0.0183
1193,29.2295,0.4188,30.13,83.36,42.51,8.0002,2.1149,10.1151,0.3235,31.271,0.59,0.0181
1194,24.7704,0.4458,64.67,53.45,61.48,6.8382,2.1611,8.9993,0.3497,25.7368,0.5569,0.1732
1195,40.5832,0.3443,54.95,65.77,40.05,10.5365,1.8476,12.384,0.2671,46.3709,0.6616,0.0142
1196,46.6485,0.4266,39.25,77.0,0.96,12.7766,2.0584,14.8349,0.3222,46.0485,0.592,0.0942
1197,27.4502,0.3206,53.26,7.18,74.7,6.8159,1.5786,8.3944,0.2376,35.3359,0.6989,0.0217
1198,43.0406,0.3728,59.53,43.12,18.97,11.457,1.9928,13.4498,0.288,46.7043,0.635,0.0143
1199,42.3898,0.6203,75.52,77.36,70.11,11.3627,3.2131,14.5758,0.4932,29.5534,0.3753,0.0982
1200,26.9105,0.4932,58.84,78.49,65.52,7.5976,2.4124,10.01,0.3819,26.2113,0.516,0.1614
1201,46.1546,0.3041,37.18,38.91,42.05,11.3294,1.7165,13.046,0.2331,55.9553,0.7046,0.0145
1202,37.295,0.3634,14.19,28.51,80.77,9.7684,1.9864,11.7549,0.2815,41.7562,0.6434,0.0163
1203,27.8679,0.461,20.71,12.09,6.26,7.7221,2.0543,9.7765,0.3442,28.4023,0.5639,0.1726
1204,38.8354,0.4259,60.78,36.53,85.9,10.7784,2.1608,12.9392,0.3368,38.422,0.5731,0.1095
1205,25.2031,0.6565,66.97,72.28,46.51,6.5909,3.139,9.7299,0.512,19.0054,0.3515,0.1507
1206,40.1062,0.6443,29.28,17.6,85.62,10.3595,3.1328,13.4923,0.5051,26.7103,0.3599,0.0983
1207,20.7299,0.587,48.46,66.03,21.18,5.7535,2.9011,8.6546,0.4542,19.0558,0.4246,0.1757
1208,44.4077,0.3063,81.4,75.49,72.61,10.8487,1.5303,12.379,0.2307,53.6557,0.7076,0.014
1209,19.5076,0.6796,64.66,62.18,61.46,5.0877,3.3054,8.3931,0.5158,16.2707,0.3462,0.1762
1210,44.4106,0.6373,3.48,42.56,30.21,12.0474,3.3371,15.3845,0.4847,31.7387,0.386,0.0939
1211,27.8397,0.4995,84.74,89.89,88.13,7.7891,2.5126,10.3017,0.3882,26.5375,0.508,0.1467
1212,17.1873,0.3892,65.85,63.28,64.35,4.5302,1.9181,6.4484,0.2835,22.746,0.6407,0.0174
1213,23.6522,0.5177,72.35,83.47,5.88,6.5911,2.7394,9.3304,0.4001,23.3211,0.4927,0.1569
1214,33.3423,0.4113,87.79,79.98,77.55,9.1733,2.0084,11.1817,0.3208,34.8579,0.5936,0.0155
1215,34.4243,0.4828,22.8,82.83,18.18,9.7158,2.4715,12.1873,0.3761,32.4065,0.5235,0.1205
1216,27.262,0.4834,63.47,63.28,82.05,7.7084,2.3455,10.0539,0.375,26.8133,0.525,0.1517
1217,29.7221,0.558,47.41,25.4,41.6,8.2639,2.7684,11.0323,0.4305,25.6272,0.4545,0.1387
1218,20.3991,0.5879,55.62,76.83,76.72,5.5117,2.8297,8.3414,0.4641,17.9728,0.412,0.2102
1219,19.73,0.4606,1.64,66.39,67.93,5.4053,2.4491,7.8544,0.3429,22.9057,0.5656,0.2039
1220,34.2737,0.3124,66.09,36.3,80.6,8.397,1.5689,9.9659,0.2413,41.3064,0.6942,0.0152
1221,41.4393,0.3408,29.76,35.95,68.8,10.7497,1.8058,12.5555,0.2669,47.0454,0.6618,0.0147
1222,38.6806,0.6473,25.13,75.06,82.07,10.0029,3.2021,13.2049,0.5205,25.3679,0.3404,0.1053
1223,26.3803,0.6069,80.52,7.02,77.38,7.1099,3.0687,10.1786,0.4759,21.3866,0.3973,0.1386
1224,36.4034,0.3897,13.26,70.15,59.75,9.8334,2.039,11.8724,0.2989,39.7149,0.6209,0.0164
1225,26.5067,0.4796,44.53,66.99,89.54,7.4114,2.3533,9.7647,0.3728,26.1937,0.5276,0.1542
1226,21.346,0.5047,47.58,41.36,66.38,5.8581,2.5508,8.409,0.402,20.9192,0.4906,0.2064
1227,46.2771,0.5298,59.3,48.22,84.22,13.0372,2.6772,15.7144,0.4153,37.8423,0.4738,0.0936
1228,39.0252,0.4754,12.69,9.77,84.54,10.783,2.3499,13.1329,0.3699,35.5018,0.5312,0.1053
1229,21.7275,0.4497,33.56,57.19,44.75,5.9655,2.1977,8.1632,0.3501,23.3137,0.5562,0.0177
1230,45.5728,0.3308,76.66,23.63,15.24,11.5373,1.7997,13.337,0.2548,52.3357,0.6771,0.0164
1231,42.527,0.6514,77.9,28.4,62.96,11.1772,3.3237,14.5009,0.5063,28.6391,0.3584,0.1005
1232,16.1666,0.6508,70.67,68.36,7.53,4.373,3.1092,7.4821,0.4889,15.3052,0.3805,0.2605
1233,42.2699,0.5636,42.25,11.56,64.71,11.6954,2.9035,14.5989,0.4406,33.1313,0.4418,0.0895
1234,45.4355,0.4017,14.06,77.14,33.9,12.3318,2.0508,14.3825,0.3066,46.9048,0.6115,0.0153
1235,32.5312,0.5285,50.89,61.9,30.67,9.1705,2.6288,11.7993,0.4167,28.313,0.4719,0.128
1236,28.9149,0.3167,60.71,68.82,65.59,7.1323,1.6471,8.7794,0.2427,36.1741,0.6925,0.0154
1237,18.6006,0.3311,55.64,15.17,79.13,4.5748,1.5381,6.1129,0.2484,24.6082,0.6852,0.0213
1238,36.7026,0.3966,81.98,51.06,30.44,9.9198,2.0119,11.9317,0.3048,39.1409,0.6137,0.0173
1239,16.1561,0.3146,4.02,57.01,44.09,3.954,1.3827,5.3367,0.2406,22.181,0.6951,0.0189
1240,35.4381,0.5787,10.89,37.98,31.21,9.9002,2.9297,12.8299,0.4513,28.4277,0.4283,0.1216
1241,46.4501,0.425,78.8,10.08,38.21,12.7476,2.2714,15.019,0.3312,45.3533,0.5803,0.0873
1242,26.3131,0.3646,62.62,18.9,36.41,6.862,1.7413,8.6033,0.2796,30.7735,0.6456,0.0192
1243,38.8759,0.4262,27.16,32.66,67.17,10.7358,2.1743,12.9101,0.3354,38.492,0.575,0.1084
1244,44.5248,0.5081,28.0,75.87,27.64,12.5361,2.6198,15.1559,0.3955,38.3217,0.4989,0.0864
1245,45.6516,0.439,51.75,37.41,69.61,12.6827,2.2642,14.9468,0.3425,43.6375,0.566,0.0954
1246,40.6378,0.5258,51.43,24.61,25.79,11.4011,2.6077,14.0088,0.4099,34.1764,0.4806,0.0982
1247,32.3491,0.3231,83.23,76.04,51.82,8.0697,1.6405,9.7102,0.2496,38.906,0.6838,0.0171
1248,33.8182,0.3086,65.19,43.29,29.19,8.2829,1.5158,9.7986,0.2356,41.5929,0.7014,0.0146
1249,44.5794,0.3344,5.6,24.7,21.95,11.5154,1.845,13.3605,0.2657,50.2827,0.6634,0.0183
1250,18.0035,0.418,12.25,87.57,44.88,4.751,2.2394,6.9903,0.3224,21.6831,0.5915,0.0249
1251,17.185,0.5471,87.64,0.52,38.57,4.7121,2.6528,7.365,0.4465,16.4943,0.4341,0.2628
1252,45.9968,0.355,87.13,65.87,76.69,12.0879,1.8423,13.9301,0.2749,50.6678,0.6515,0.014
1253,24.2313,0.5673,72.97,25.9,53.26,6.674,2.8532,9.5272,0.4489,21.2242,0.4312,0.1706
1254,33.4103,0.4984,32.31,88.5,21.71,9.3627,2.4817,11.8444,0.3874,30.5713,0.509,0.1191
1255,43.5332,0.4449,41.14,19.86,54.43,12.0997,2.369,14.4687,0.3483,41.5406,0.5588,0.0928
1256,29.1623,0.6648,2.2,55.52,82.02,7.6665,3.1689,10.8354,0.5041,21.4951,0.3614,0.1274
1257,16.393,0.6975,70.99,18.52,69.51,4.2303,3.2833,7.5136,0.5309,14.1517,0.3273,0.216
1258,18.3884,0.395,8.99,58.06,77.1,4.8752,1.9926,6.8678,0.3012,22.801,0.6182,0.0196
1259,46.7603,0.3999,80.99,44.49,40.76,12.6993,2.1196,14.8189,0.3097,47.844,0.6075,0.0858
1260,27.1497,0.4553,14.66,51.07,77.76,7.6357,2.2525,9.8882,0.3544,27.8992,0.5508,0.1668
1261,19.011,0.6778,16.76,47.14,66.52,4.7197,3.3732,8.0929,0.5319,15.215,0.3262,0.2158
1262,26.2339,0.5069,60.9,48.12,58.13,7.3956,2.3836,9.7791,0.3946,24.7833,0.5001,0.162
1263,33.1941,0.5679,25.96,85.82,35.71,9.1487,2.839,11.9877,0.4495,26.6679,0.4306,0.1203
1264,18.8487,0.5674,30.09,8.23,79.21,5.0833,2.7008,7.7841,0.4566,17.0488,0.4215,0.2029
1265,20.2293,0.3397,11.07,28.1,10.33,5.0967,1.5393,6.636,0.2569,25.8316,0.6745,0.0185
1266,46.3727,0.3106,49.1,53.64,4.33,11.2559,1.4263,12.6822,0.2254,56.2752,0.7145,0.0155
1267,20.5579,0.3417,49.72,7.56,20.78,5.2595,1.461,6.7205,0.2441,27.5338,0.6907,0.0179
1268,30.0893,0.3219,74.44,63.95,16.78,7.4534,1.7209,9.1743,0.2489,36.8577,0.6845,0.0197
1269,27.0765,0.41,36.15,6.79,70.5,7.2467,2.0371,9.2838,0.3105,29.9001,0.6066,0.0197
1270,29.9136,0.44,10.68,84.32,9.05,8.2353,2.3895,10.6248,0.3379,31.4475,0.5718,0.1487
1271,18.4265,0.6086,52.09,37.34,24.01,5.0679,2.9386,8.0065,0.4763,16.81,0.3964,0.1905
1272,47.0407,0.3835,0.34,31.25,34.02,12.8702,2.2101,15.0803,0.2999,50.2761,0.6199,0.093
1273,35.525,0.4801,6.86,67.04,15.21,9.9879,2.4579,12.4458,0.3757,33.1304,0.5239,0.124
1274,20.9442,0.4634,49.66,60.52,57.65,5.7757,2.2819,8.0577,0.3585,22.4746,0.5455,0.176
1275,16.6708,0.3921,76.69,26.62,39.47,4.5107,1.959,6.4697,0.3017,21.4413,0.6175,0.0204
1276,35.6577,0.5171,4.51,4.66,6.74,9.8625,2.6816,12.5441,0.3998,31.3785,0.4933,0.1388
1277,22.3529,0.4859,89.36,11.43,32.5,6.279,2.3315,8.6105,0.3823,22.5244,0.5155,0.2041
1278,32.9017,0.4238,78.82,17.19,31.43,9.1746,2.0769,11.2515,0.328,34.306,0.5845,0.0181
1279,17.858,0.5939,21.48,77.99,73.94,4.8764,2.856,7.7324,0.4508,17.1541,0.4288,0.2433
1280,22.6074,0.4684,83.7,77.64,64.64,6.3746,2.3005,8.6751,0.3523,24.6257,0.5536,0.1622
1281,32.2113,0.5458,53.07,50.69,3.57,9.0553,2.7299,11.7852,0.4323,27.2585,0.4522,0.1246
1282,29.4503,0.6626,78.0,10.63,88.4,7.4567,3.2112,10.6679,0.5201,20.5099,0.3412,0.1265
1283,24.2976,0.5738,86.21,57.27,78.52,6.733,2.8994,9.6324,0.453,21.2639,0.4261,0.1649
1284,35.4235,0.6404,14.16,4.63,4.29,9.3704,3.4181,12.7886,0.5151,24.8271,0.3469,0.1413
1285,17.1662,0.5894,53.86,34.53,88.22,4.6234,2.7676,7.391,0.4609,16.0354,0.4159,0.2264
1286,39.8663,0.6647,83.91,9.65,65.87,10.1959,3.2804,13.4763,0.5197,25.9328,0.3414,0.1015
1287,29.8284,0.6019,22.07,51.07,8.07,8.1566,3.1034,11.26,0.4741,23.7514,0.3989,0.1387
1288,42.2348,0.6868,61.14,62.98,69.12,10.5419,3.48,14.0219,0.5409,25.9224,0.3144,0.0905
1289,18.0242,0.422,16.59,9.36,55.26,4.7498,2.0629,6.8128,0.3223,21.1376,0.5909,0.0202
1290,30.8541,0.6862,22.65,83.43,20.1,7.5814,3.4831,11.0645,0.55,20.1181,0.3031,0.1382
1291,31.365,0.3339,71.77,0.17,30.87,7.851,1.5703,9.4214,0.2456,38.3613,0.6888,0.0171
1292,44.4477,0.5259,88.05,33.35,44.45,12.474,2.7344,15.2084,0.4123,36.8873,0.4773,0.0924
1293,16.1729,0.4451,0.09,37.6,6.0,4.5036,1.9594,6.463,0.3041,21.255,0.6145,0.0239
1294,19.3677,0.4058,61.69,36.55,63.85,5.2773,2.1014,7.3787,0.32,23.0616,0.5944,0.0175
1295,21.0933,0.5068,36.69,64.6,26.51,5.9794,2.5682,8.5477,0.3908,21.8725,0.505,0.1857
1296,19.6194,0.4427,39.54,65.45,0.23,5.3587,1.9692,7.3279,0.3305,22.1728,0.5812,0.0178
1297,40.1117,0.5574,77.08,17.73,12.35,11.1736,2.8054,13.979,0.4388,31.8558,0.4438,0.0963
1298,45.4647,0.436,89.33,39.24,75.96,12.6509,2.2577,14.9086,0.3435,43.3977,0.5646,0.0884
1299,22.6522,0.6265,10.71,87.69,15.95,6.1431,3.0396,9.1827,0.4798,19.1401,0.3922,0.1799
1300,35.6287,0.638,36.17,5.77,50.18,9.3283,3.2319,12.5601,0.5113,24.5633,0.3522,0.1067
1301,24.758,0.3615,0.97,35.54,63.89,6.6348,1.725,8.3598,0.2917,28.6586,0.6301,0.024
1302,22.8371,0.6127,60.78,84.73,30.81,6.223,2.956,9.1789,0.481,19.082,0.3903,0.183
1303,39.2684,0.3763,36.52,1.37,81.3,10.3138,1.9588,12.2726,0.2775,44.2205,0.6483,0.0157
1304,30.8089,0.3704,56.16,20.12,18.79,8.0811,1.863,9.9441,0.28,35.5192,0.6451,0.017
1305,38.6818,0.5815,15.78,31.92,51.96,10.6301,2.8913,13.5214,0.4636,29.1678,0.4124,0.109
1306,36.6169,0.4993,11.92,47.43,14.15,10.4303,2.5725,13.0028,0.3868,33.6192,0.5099,0.1232
1307,23.1993,0.6959,49.59,69.41,63.64,5.7968,3.424,9.2208,0.5442,16.9422,0.3103,0.1574
1308,17.9361,0.4575,52.9,70.28,54.86,4.9231,2.2332,7.1562,0.3449,20.7498,0.5629,0.0199
1309,38.5156,0.3689,28.09,42.11,25.84,10.2154,1.8724,12.0878,0.2845,42.4887,0.6394,0.017
1310,41.1227,0.3535,89.65,18.38,10.13,10.5726,1.8303,12.4029,0.2653,46.7448,0.6638,0.0147
1311,22.1313,0.5592,37.33,81.26,31.98,6.1665,2.8672,9.0337,0.4397,20.5438,0.4428,0.1672
1312,21.5754,0.4949,75.42,27.09,34.63,6.0581,2.4766,8.5347,0.3893,21.9232,0.5067,0.1907
1313,37.2935,0.5844,61.02,17.45,84.14,10.2033,2.9555,13.1587,0.4628,28.4358,0.4137,0.1049
1314,29.1068,0.4869,16.11,36.63,60.84,8.1946,2.4899,10.6845,0.3811,28.0377,0.5171,0.1424
1315,46.7954,0.3428,7.85,32.0,41.12,12.2039,1.8576,14.0615,0.268,52.4662,0.6605,0.0153
1316,41.4012,0.562,79.42,63.97,0.84,11.5583,3.0638,14.622,0.4365,33.4951,0.4469,0.1006
1317,28.6941,0.6995,0.29,60.23,58.58,7.2227,3.4255,10.6481,0.5398,19.7248,0.316,0.1361
1318,33.3606,0.4577,17.04,35.02,86.02,9.284,2.352,11.6359,0.3536,32.9084,0.552,0.1228
1319,16.2583,0.4795,65.79,45.57,28.53,4.5736,2.1141,6.6876,0.3487,19.1799,0.558,0.2381
1320,27.5971,0.4967,59.61,8.62,83.06,7.7703,2.4751,10.2454,0.3865,26.5093,0.5103,0.1434
1321,46.1229,0.6279,64.47,75.09,77.76,12.2097,3.1762,15.386,0.5,30.7719,0.3663,0.0882
1322,47.099,0.61,47.57,26.67,0.02,12.8314,3.168,15.9994,0.4759,33.6167,0.397,0.0934
1323,45.9438,0.357,70.46,78.58,41.67,11.9765,1.8715,13.848,0.2743,50.4853,0.6524,0.0142
1324,16.0122,0.544,54.27,71.42,61.82,4.4426,2.4059,6.8485,0.4046,16.9253,0.4871,0.2278
1325,23.8877,0.4364,0.01,10.09,80.97,6.6076,2.1698,8.7774,0.3484,25.1911,0.5585,0.1838
1326,18.8029,0.3259,22.78,37.64,80.91,4.6186,1.6026,6.2213,0.2453,25.3622,0.6891,0.018
1327,33.9336,0.4281,36.16,30.19,86.11,9.3673,2.2356,11.603,0.334,34.7428,0.5769,0.0157
1328,30.9251,0.5877,13.14,66.49,25.84,8.4401,2.9948,11.4348,0.4693,24.3633,0.4054,0.1346
1329,16.2289,0.6404,58.25,79.42,11.03,4.3328,2.9339,7.2668,0.4808,15.1135,0.3904,0.2647
1330,30.8134,0.5479,57.81,12.24,61.21,8.5681,2.7564,11.3245,0.4266,26.5445,0.4596,0.1371
1331,40.2619,0.6318,13.95,42.78,74.69,10.6353,3.1679,13.8031,0.5047,27.3477,0.3605,0.1011
1332,42.7013,0.3115,61.98,10.63,1.01,10.1479,1.7042,11.8521,0.2275,52.1009,0.7117,0.0167
1333,44.3305,0.5267,39.54,2.08,8.91,12.5072,2.664,15.1712,0.418,36.2934,0.4702,0.0992
1334,46.6152,0.6834,70.58,81.73,80.63,11.7704,3.4067,15.1771,0.5355,28.3397,0.3213,0.0894
1335,29.0695,0.332,63.01,2.07,41.37,7.0915,1.5802,8.6717,0.2374,36.5229,0.6992,0.0155
1336,33.0816,0.6777,1.43,7.27,9.11,8.4669,3.4445,11.9114,0.531,22.4323,0.3273,0.1431
1337,25.9929,0.3392,63.37,55.19,65.25,6.6546,1.5733,8.2279,0.2651,31.0384,0.6638,0.0149
1338,21.4643,0.5203,34.69,45.82,81.55,6.0237,2.7186,8.7422,0.4068,21.4888,0.4845,0.1767
1339,28.9544,0.6056,82.78,44.85,21.16,7.9302,3.0341,10.9643,0.4758,23.0426,0.397,0.1329
1340,24.8508,0.5048,47.16,77.78,51.81,6.8662,2.3976,9.2638,0.3926,23.5955,0.5024,0.1521
1341,44.4328,0.4727,42.65,35.64,61.47,12.511,2.527,15.038,0.3763,39.9613,0.5233,0.0941
1342,37.7426,0.4131,47.93,21.96,35.45,10.2963,2.1012,12.3976,0.3241,38.2566,0.5894,0.0164
1343,25.872,0.4762,13.91,65.47,26.95,7.3116,2.3574,9.669,0.3742,25.837,0.5258,0.1765
1344,38.1739,0.6198,48.32,34.75,1.23,10.2448,3.1197,13.3646,0.4917,27.1806,0.3769,0.1179
1345,36.3441,0.6366,21.26,75.76,67.84,9.511,3.2902,12.8012,0.5091,25.1439,0.355,0.1149
1346,27.097,0.5741,29.06,52.64,49.44,7.3903,2.7553,10.1456,0.4542,22.339,0.4244,0.1456
1347,43.4325,0.5152,64.61,12.43,1.58,12.1488,2.893,15.0418,0.4048,37.1563,0.487,0.1015
1348,33.7218,0.3341,65.81,87.62,10.03,8.3996,1.5493,9.9488,0.2474,40.2063,0.6864,0.0166
1349,22.1722,0.5054,60.09,78.35,0.06,6.2616,2.5156,8.7772,0.381,23.0401,0.5174,0.1883
1350,38.0245,0.5207,14.9,54.41,68.31,10.7537,2.6605,13.4142,0.4114,32.6096,0.4788,0.1049
1351,24.8096,0.5433,67.01,33.37,87.56,6.845,2.695,9.5401,0.4313,22.1181,0.4537,0.1681
1352,17.2383,0.4673,12.4,5.9,58.12,4.6095,2.255,6.8645,0.3523,19.4824,0.5533,0.2171
1353,19.1773,0.3345,67.45,15.63,89.05,4.692,1.5585,6.2505,0.2646,23.6244,0.6648,0.0202
1354,29.4125,0.6827,76.65,55.14,48.09,7.4182,3.3936,10.8118,0.5327,20.2958,0.3251,0.1324
1355,30.076,0.6008,49.11,51.09,15.63,8.1101,3.0797,11.1899,0.4774,23.4374,0.3951,0.1319
1356,18.102,0.6677,13.59,17.35,51.23,4.6818,3.3641,8.0459,0.5054,15.9206,0.3595,0.162
1357,32.5498,0.5796,86.51,10.61,38.63,8.8967,2.8105,11.7072,0.4496,26.0412,0.4304,0.125
1358,35.9447,0.4543,32.49,52.97,10.8,10.0677,2.3445,12.4122,0.3486,35.6009,0.5581,0.1216
1359,44.3162,0.6752,61.58,7.39,7.63,10.9683,3.4655,14.4338,0.5399,26.7326,0.3157,0.0988
1360,20.0233,0.453,89.21,77.26,49.45,5.5476,2.334,7.8816,0.349,22.5804,0.5578,0.02
1361,22.1838,0.5775,9.39,88.6,5.08,6.2537,2.7913,9.045,0.4306,21.0071,0.4545,0.1909
1362,29.1758,0.64,3.87,21.39,60.64,7.8353,3.046,10.8813,0.4787,22.7325,0.3937,0.1429
1363,26.424,0.6766,81.25,77.97,2.1,6.754,3.2908,10.0449,0.5339,18.8149,0.3235,0.1398
1364,15.7472,0.4101,62.44,78.49,83.95,4.25,1.7969,6.0469,0.297,20.357,0.6235,0.019
1365,39.6111,0.6034,59.55,67.68,43.0,10.8408,3.0727,13.9135,0.4733,29.3976,0.4005,0.1043
1366,28.0747,0.557,82.62,81.81,72.52,7.8149,2.8548,10.6697,0.4327,24.6573,0.4517,0.1458
1367,24.5288,0.6916,37.44,39.58,44.96,5.9619,3.3831,9.3449,0.5579,16.7512,0.2933,0.1617
1368,39.2798,0.3348,16.86,89.21,29.54,9.8863,1.7261,11.6124,0.248,46.8232,0.6856,0.0154
1369,40.551,0.6929,27.13,24.99,1.76,10.0061,3.4022,13.4083,0.5471,24.5071,0.3071,0.1151
1370,31.3909,0.5628,66.33,22.13,85.82,8.6847,2.8083,11.493,0.4409,26.067,0.4413,0.1349
1371,40.3387,0.4414,25.34,50.39,3.46,11.2262,2.1447,13.3709,0.3355,39.8566,0.575,0.1049
1372,20.695,0.5303,10.05,41.69,54.07,5.761,2.7298,8.4908,0.4177,20.327,0.4708,0.189
1373,45.4271,0.5624,13.94,59.8,77.4,12.6267,2.8804,15.5071,0.4455,34.8059,0.4352,0.0957
1374,25.3496,0.3474,64.16,60.3,85.22,6.5793,1.7298,8.309,0.265,31.3556,0.664,0.0168
1375,46.2535,0.4253,36.55,58.63,3.71,12.7565,2.107,14.8635,0.322,46.1555,0.5919,0.0914
1376,40.417,0.4421,74.65,83.0,82.09,11.263,2.3179,13.5808,0.344,39.484,0.5641,0.1007
1377,32.0445,0.6786,75.71,36.51,22.53,8.093,3.3671,11.4601,0.5383,21.2907,0.3183,0.1282
1378,43.7562,0.3074,25.52,80.88,62.27,10.6469,1.6284,12.2753,0.232,52.9141,0.706,0.0139
1379,46.136,0.5272,2.11,14.02,32.02,12.9321,2.8563,15.7883,0.4109,38.4278,0.4793,0.0833
1380,31.2552,0.6662,1.12,68.16,24.96,8.2281,3.3747,11.6028,0.5195,22.3336,0.3416,0.1349
1381,41.5398,0.6015,27.45,8.13,73.6,11.286,3.0623,14.3483,0.468,30.6568,0.4072,0.0909
1382,47.068,0.6501,7.82,43.48,52.8,12.3393,3.3364,15.6757,0.5118,30.6256,0.3514,0.0825
1383,25.7134,0.5585,70.96,83.8,59.92,7.1504,2.7485,9.8989,0.4349,22.7626,0.4488,0.1544
1384,15.8484,0.5833,19.31,16.22,36.32,4.4249,2.7495,7.1744,0.4466,16.0646,0.4341,0.2906
1385,42.0107,0.3325,56.09,9.3,45.88,10.7033,1.8397,12.543,0.2605,48.1528,0.6699,0.0167
1386,38.075,0.4841,19.96,27.77,6.38,10.7071,2.399,13.1061,0.38,34.4878,0.5185,0.1188
1387,16.9967,0.5889,15.73,42.5,76.16,4.7666,2.7232,7.4897,0.4492,16.6748,0.4309,0.2328
1388,30.6555,0.4314,55.92,40.14,18.19,8.3986,2.1894,10.588,0.33,32.0884,0.5819,0.1336
1389,26.483,0.5506,86.92,28.52,50.82,7.3196,2.5776,9.8972,0.4307,22.9788,0.4543,0.1471
1390,21.7744,0.6963,42.51,84.37,47.63,5.3549,3.3805,8.7354,0.5433,16.0774,0.3118,0.1768
1391,24.7175,0.4662,36.07,83.69,54.62,6.8288,2.3372,9.166,0.3646,25.1377,0.5377,0.1591
1392,20.7132,0.3547,28.52,77.64,18.93,5.317,1.6342,6.9511,0.2632,26.4143,0.6665,0.0188
1393,26.2538,0.642,63.51,74.37,24.93,6.9372,3.1503,10.0874,0.5048,19.9819,0.3604,0.1522
1394,23.406,0.6706,78.96,70.86,9.47,5.9426,3.3927,9.3352,0.5255,17.7661,0.3342,0.1734
1395,18.5546,0.4939,78.53,72.5,67.61,5.1993,2.5282,7.7275,0.3646,21.1959,0.5381,0.1922
1396,31.3957,0.3179,2.53,67.48,48.11,7.9485,1.8027,9.7511,0.2567,37.9904,0.6745,0.0242
1397,17.7636,0.5698,31.16,30.37,27.55,5.0321,2.7379,7.77,0.4366,17.7954,0.4466,0.2452
1398,23.8273,0.3943,89.73,50.71,59.55,6.4105,2.0789,8.4894,0.3159,26.8732,0.5996,0.0176
1399,18.4157,0.4454,63.19,82.52,27.07,5.055,2.2057,7.2607,0.335,21.6751,0.5754,0.0241
1400,30.0468,0.4463,55.96,44.31,88.75,8.3724,2.2204,10.5928,0.3501,30.2527,0.5563,0.1451
1401,26.7772,0.6242,10.55,74.29,83.96,7.0548,3.068,10.1228,0.4905,20.6389,0.3785,0.1583
1402,22.9903,0.4372,67.53,18.53,51.08,6.4016,2.1668,8.5684,0.3343,25.6332,0.5764,0.0202
1403,20.7319,0.5028,45.53,0.4,40.97,5.7651,2.2392,8.0043,0.3834,20.8751,0.5144,0.1968
1404,31.1943,0.51,74.44,57.0,1.7,8.7342,2.7269,11.461,0.3979,28.8009,0.4956,0.1395
1405,21.1437,0.3814,82.25,77.32,72.77,5.5538,1.8133,7.3672,0.294,25.0624,0.6274,0.0189
1406,43.44,0.3302,76.9,38.99,70.74,11.2504,1.8427,13.0931,0.2654,49.3255,0.6635,0.0145
1407,18.6719,0.3606,73.69,82.79,11.15,4.7847,1.8401,6.6248,0.2739,24.1858,0.6528,0.0188
1408,19.3267,0.3296,31.77,34.37,7.1,4.8811,1.4492,6.3303,0.2413,26.2322,0.6941,0.0186
1409,41.0086,0.5342,13.73,43.25,14.16,11.7081,2.7299,14.438,0.4146,34.8271,0.4746,0.1101
1410,45.0209,0.3526,14.37,48.1,51.83,11.6479,1.8102,13.458,0.266,50.5954,0.6629,0.0146
1411,18.8447,0.4057,81.24,58.05,49.11,5.163,2.1644,7.3274,0.3096,23.666,0.6076,0.0164
1412,38.0711,0.3081,61.2,59.12,84.67,9.3286,1.5482,10.8767,0.233,46.6875,0.7048,0.0141
1413,23.7825,0.3776,68.75,81.87,43.75,6.2066,1.7988,8.0055,0.2845,28.1387,0.6394,0.0168
1414,24.385,0.5961,7.12,83.24,26.32,6.5934,2.8958,9.4891,0.4592,20.664,0.4179,0.1785
1415,36.3356,0.4165,14.93,58.4,56.72,10.0626,2.2317,12.2943,0.3259,37.7203,0.5872,0.0175
1416,27.916,0.6683,47.77,58.27,23.47,7.1338,3.2748,10.4086,0.5245,19.8458,0.3354,0.1398
1417,35.9207,0.6505,41.39,40.46,32.0,9.498,3.2523,12.7503,0.5097,25.0134,0.3541,0.1125
1418,37.0902,0.3691,35.47,86.72,22.36,9.8568,1.9292,11.786,0.2865,41.1377,0.637,0.0145
1419,26.0227,0.682,36.83,37.31,77.37,6.3018,3.2283,9.5301,0.5507,17.3054,0.3022,0.1472
1420,35.3134,0.3689,33.72,27.4,52.57,9.4224,2.0778,11.5002,0.289,39.7932,0.6337,0.0158
1421,35.6631,0.5213,25.65,63.46,81.96,10.1097,2.7271,12.8368,0.4077,31.4893,0.4834,0.1075
1422,38.448,0.3508,3.36,61.74,65.06,10.2524,1.7732,12.0256,0.2911,41.3118,0.6308,0.0197
1423,37.0521,0.438,55.84,25.58,8.08,10.3766,2.2906,12.6672,0.3442,36.8032,0.5639,0.1208
1424,41.1102,0.3686,84.03,52.65,60.55,10.8084,1.8945,12.7029,0.2805,45.2874,0.6445,0.0154
1425,33.4174,0.425,17.96,78.1,82.12,9.1503,2.0522,11.2025,0.3275,34.2065,0.5849,0.0171
1426,35.1105,0.4865,81.04,57.52,77.64,9.916,2.4456,12.3616,0.38,32.5263,0.5185,0.1206
1427,35.6617,0.6388,55.31,58.8,55.28,9.3552,3.2741,12.6292,0.5018,25.1675,0.3641,0.1082
1428,33.2777,0.5153,22.11,68.83,16.65,9.376,2.5731,11.9491,0.4039,29.5817,0.488,0.1365
1429,46.9128,0.5995,72.47,43.17,1.74,12.8404,3.1059,15.9462,0.4695,33.9638,0.4052,0.0886
1430,17.7214,0.5573,69.07,9.55,83.58,4.8778,2.7287,7.6065,0.4499,16.9056,0.4297,0.2209
1431,41.555,0.4158,37.33,14.06,39.83,11.3987,2.1978,13.5964,0.3223,42.1812,0.5916,0.1046
1432,25.5258,0.6633,77.57,76.49,27.28,6.6388,3.2296,9.8684,0.5171,19.0856,0.3448,0.1448
1433,37.4868,0.3499,80.01,45.02,19.62,9.6541,1.6742,11.3283,0.2611,43.3899,0.6692,0.0164
1434,16.8472,0.5765,41.39,29.2,2.24,4.8437,2.9287,7.7724,0.4318,18.0004,0.453,0.2338
1435,41.1972,0.4189,35.85,86.1,77.64,11.3651,2.2168,13.5819,0.3278,41.4334,0.5847,0.1026
1436,38.4063,0.3764,52.79,89.17,12.79,10.3122,1.9239,12.2361,0.2902,42.168,0.6322,0.0167
1437,21.9495,0.5018,68.22,6.61,64.44,6.1561,2.4577,8.6138,0.3885,22.1733,0.5078,0.1902
1438,27.8134,0.439,3.63,8.53,12.3,7.6743,2.0889,9.7632,0.3359,29.068,0.5743,0.1886
1439,29.8516,0.5131,44.9,9.61,37.11,8.3844,2.5594,10.9438,0.4016,27.2523,0.4912,0.1398
1440,46.9281,0.3983,10.75,71.0,1.94,12.5593,1.9389,14.4982,0.293,49.4787,0.6286,0.0958
1441,36.0472,0.4734,31.12,47.66,65.84,10.2056,2.4789,12.6846,0.3754,33.7939,0.5244,0.1172
1442,21.0564,0.5238,10.33,62.21,63.77,5.8598,2.7602,8.62,0.4045,21.3121,0.4875,0.1901
1443,42.4396,0.6852,5.4,64.67,46.98,10.822,3.4517,14.2736,0.5302,26.9221,0.3282,0.0989
1444,46.6954,0.5188,77.16,39.71,27.91,13.1331,2.69,15.8231,0.4052,39.0517,0.4866,0.0836
1445,21.1346,0.3785,56.47,67.04,18.33,5.5279,1.7898,7.3177,0.2817,25.9755,0.6429,0.0191
1446,29.9067,0.6412,71.95,89.16,17.48,7.8159,3.2421,11.058,0.5005,22.0926,0.3657,0.1291
1447,43.3747,0.4976,82.5,87.8,10.65,12.1468,2.603,14.7498,0.3868,38.1338,0.5098,0.0939
1448,35.895,0.4431,6.78,67.86,44.61,9.9658,2.3654,12.3312,0.347,35.5413,0.5603,0.1118
1449,28.6895,0.3438,4.1,24.93,41.92,7.5585,1.8338,9.3923,0.2762,34.0072,0.65,0.0246
1450,18.9152,0.3615,57.0,78.95,1.64,4.8346,1.793,6.6277,0.2734,24.2418,0.6536,0.0162
1451,35.4735,0.5099,18.38,69.91,27.39,10.0668,2.6532,12.7201,0.4032,31.5503,0.4893,0.1243
1452,22.7606,0.5567,58.56,55.84,70.34,6.3051,2.6775,8.9826,0.4386,20.4801,0.4444,0.1694
1453,35.0095,0.4992,56.13,72.75,57.48,9.8609,2.5603,12.4212,0.3899,31.8554,0.5062,0.119
1454,33.6758,0.4796,24.72,9.95,37.61,9.4233,2.3381,11.7614,0.3741,31.4379,0.5258,0.1207
1455,27.5085,0.4617,38.26,77.31,79.27,7.5679,2.2395,9.8074,0.3566,27.5032,0.5481,0.1574
1456,15.8908,0.4157,23.3,55.12,48.91,4.341,1.7915,6.1325,0.3154,19.4431,0.6003,0.0192
1457,41.8009,0.3194,11.69,49.02,74.26,10.3156,1.717,12.0325,0.2385,50.4522,0.6977,0.0165
1458,35.5267,0.6137,14.03,14.6,8.42,9.6114,3.2102,12.8215,0.4837,26.5093,0.3868,0.1217
1459,36.8682,0.3337,36.63,71.66,44.87,9.4174,1.7636,11.181,0.2585,43.258,0.6724,0.0158
1460,44.2934,0.5053,85.26,18.11,20.24,12.448,2.6502,15.0981,0.3962,38.106,0.498,0.0985
1461,31.3516,0.4675,87.45,45.69,86.08,8.8353,2.3726,11.2079,0.373,30.0466,0.5273,0.1369
1462,33.2236,0.4608,67.04,69.17,47.47,9.2709,2.319,11.59,0.3564,32.5178,0.5482,0.1302
1463,21.362,0.3078,50.64,84.15,12.1,5.0506,1.4546,6.5052,0.2205,29.4976,0.7202,0.0221
1464,37.2124,0.6642,8.05,65.35,32.03,9.5754,3.3176,12.893,0.5194,24.8238,0.3416,0.113
1465,22.504,0.5404,73.48,86.14,37.95,6.3257,2.6806,9.0063,0.4208,21.4006,0.4667,0.1759
1466,23.4772,0.5035,30.4,89.07,21.27,6.5937,2.557,9.1507,0.3856,23.7332,0.5116,0.1626
1467,42.9338,0.4515,62.93,19.28,39.26,11.9679,2.4302,14.398,0.3518,40.925,0.5542,0.0939
1468,42.0566,0.4825,87.89,64.49,86.86,11.8359,2.5675,14.4034,0.3789,38.0187,0.5199,0.0967
1469,24.8118,0.6481,30.61,71.29,80.03,6.3846,3.279,9.6636,0.5208,18.557,0.3401,0.1565
1470,34.8925,0.4203,86.05,3.24,9.54,9.4599,1.9472,11.4071,0.31,36.7958,0.6072,0.0205
1471,20.4603,0.3255,71.11,79.95,60.74,4.9441,1.601,6.5451,0.2355,27.7954,0.7014,0.0174
1472,46.3123,0.612,23.16,11.83,57.56,12.4458,3.0981,15.5438,0.4801,32.3746,0.3916,0.0865
1473,40.1494,0.521,38.96,22.72,61.32,11.3428,2.5455,13.8883,0.4071,34.1159,0.4841,0.1022
1474,19.0032,0.591,25.14,64.07,60.97,5.1382,2.8327,7.971,0.4494,17.7352,0.4304,0.2102
1475,25.7607,0.3205,32.27,25.78,52.26,6.4135,1.5611,7.9746,0.2449,32.5599,0.6896,0.0171
1476,26.3692,0.32,2.59,86.18,71.01,6.8242,1.4807,8.3049,0.2664,31.1722,0.6625,0.0236
1477,20.4678,0.598,44.26,33.09,46.13,5.5788,2.9817,8.5605,0.4649,18.414,0.4109,0.1671
1478,42.9143,0.3394,34.68,5.45,83.36,10.8657,1.831,12.6966,0.2573,49.3505,0.6738,0.018
1479,17.4197,0.4148,57.26,82.61,73.25,4.8159,2.0468,6.8627,0.313,21.9287,0.6034,0.0199
1480,32.1883,0.3263,47.45,45.93,45.21,8.0105,1.6736,9.6841,0.2489,38.9137,0.6845,0.0157
1481,43.3715,0.5421,8.07,86.23,13.37,12.1177,2.825,14.9427,0.4276,34.945,0.4579,0.1076
1482,29.3902,0.3095,37.99,14.17,51.17,7.3772,1.6534,9.0306,0.247,36.5645,0.6866,0.0197
1483,33.5465,0.5372,30.23,11.14,16.49,9.3556,2.6495,12.0051,0.4219,28.458,0.4657,0.1189
1484,21.2654,0.4618,21.27,36.22,9.56,5.8234,2.1143,7.9377,0.3499,22.6845,0.5567,0.1937
1485,17.7436,0.3118,47.14,43.73,56.54,4.2855,1.5336,5.8191,0.2324,25.0348,0.7054,0.0195
1486,45.7314,0.6508,70.0,23.69,19.79,11.8905,3.3816,15.2721,0.5129,29.777,0.3503,0.0881
1487,34.5134,0.6539,6.3,84.13,49.89,9.105,3.3127,12.4178,0.5054,24.5686,0.3599,0.1071
1488,26.2774,0.3909,61.62,58.19,13.71,7.0642,1.8102,8.8743,0.3012,29.4673,0.6184,0.0184
1489,34.6851,0.4843,27.63,43.25,18.46,9.7993,2.4984,12.2977,0.3741,32.8727,0.5259,0.1259
1490,20.127,0.5969,87.75,13.11,7.07,5.5761,2.7839,8.3599,0.463,18.056,0.4133,0.1866
1491,31.729,0.4354,5.1,74.46,13.83,8.7415,2.3713,11.1128,0.3461,32.1114,0.5615,0.1325
1492,15.8845,0.5023,70.33,30.51,17.91,4.5027,2.3402,6.8429,0.3786,18.075,0.5202,0.2909
1493,33.9714,0.476,38.5,12.27,24.56,9.5175,2.3848,11.9023,0.3716,32.0329,0.5292,0.134
1494,46.031,0.4324,30.31,72.76,49.96,12.7554,2.2481,15.0035,0.3363,44.611,0.5737,0.0899
1495,40.7224,0.3938,44.99,80.44,84.96,11.1048,2.0896,13.1944,0.3076,42.8953,0.6103,0.0164
1496,21.5824,0.6819,57.12,78.37,21.01,5.4617,3.3698,8.8315,0.5358,16.4835,0.3212,0.1866
1497,16.1901,0.3196,3.9,59.31,41.4,3.9925,1.3928,5.3854,0.2428,22.1798,0.6922,0.0246
1498,26.5024,0.4571,4.18,60.22,42.91,7.3641,2.0664,9.4305,0.3639,25.9137,0.5388,0.1711
1499,20.7312,0.5989,74.02,13.91,55.85,5.6468,2.8723,8.5192,0.4699,18.13,0.4046,0.1826
1500,39.2236,0.677,42.24,61.77,6.85,9.8764,3.2491,13.1256,0.5396,24.3258,0.3163,0.1043
1501,31.3235,0.3976,20.2,52.46,76.09,8.5679,2.0768,10.6447,0.3096,34.3812,0.6076,0.0167
1502,43.4688,0.5663,18.06,48.3,2.67,12.1488,3.0901,15.2389,0.4494,33.9069,0.4305,0.0994
1503,26.824,0.6494,69.34,70.55,39.55,7.1103,3.0622,10.1725,0.5038,20.1923,0.362,0.1406
1504,29.5494,0.6316,76.32,52.2,30.4,7.9091,3.2484,11.1575,0.4953,22.5273,0.3723,0.1267
1505,44.1262,0.4005,54.47,44.49,21.74,12.0253,2.0952,14.1205,0.3119,45.2737,0.6048,0.0909
1506,24.2008,0.3624,4.72,69.07,19.94,6.5118,1.8581,8.37,0.3007,27.835,0.6185,0.0245
1507,25.9643,0.4215,67.4,21.37,55.97,7.1204,1.9577,9.0781,0.3271,27.7552,0.5856,0.0181
1508,31.6907,0.6351,53.87,1.25,9.0,8.219,3.1912,11.4102,0.5219,21.8631,0.3388,0.122
1509,45.4607,0.3852,2.47,64.22,73.52,12.3019,2.2396,14.5415,0.3122,46.5701,0.6044,0.1016
1510,38.4445,0.3087,8.24,3.33,25.79,9.1221,1.5506,10.6727,0.2209,48.3083,0.72,0.0209
1511,30.5763,0.4036,64.18,64.13,70.53,8.2762,2.1114,10.3876,0.3106,33.4437,0.6066,0.0158
1512,22.9535,0.6071,85.79,77.09,20.19,6.2111,3.0223,9.2334,0.4705,19.6228,0.4037,0.1602
1513,33.0952,0.6505,77.05,19.04,21.64,8.5125,3.2935,11.806,0.515,22.9232,0.3473,0.1264
1514,35.8405,0.6138,58.56,86.26,46.93,9.6086,3.1052,12.7138,0.4829,26.3276,0.3881,0.1157
1515,37.7952,0.5748,38.48,77.37,60.04,10.3918,2.9201,13.3118,0.4583,29.0458,0.4192,0.1005
1516,20.036,0.3485,70.9,78.41,85.71,5.0751,1.6499,6.725,0.2589,25.9742,0.6719,0.0175
1517,44.4496,0.5191,19.55,30.25,4.62,12.575,2.6805,15.2555,0.4072,37.4602,0.4839,0.101
1518,42.5248,0.6878,20.52,9.55,60.35,10.5677,3.4099,13.9776,0.5403,25.8704,0.3154,0.0844
1519,44.9439,0.6997,78.01,46.22,6.49,10.6846,3.5968,14.2814,0.5669,25.1925,0.2817,0.0908
1520,30.642,0.6552,35.39,2.67,50.53,7.5868,3.3329,10.9197,0.5395,20.2415,0.3163,0.1325
1521,26.3029,0.3486,20.75,35.1,0.52,6.8518,1.399,8.2508,0.2607,31.6474,0.6695,0.0162
1522,26.9882,0.675,85.82,77.2,15.33,6.8948,3.254,10.1488,0.526,19.2957,0.3336,0.1417
1523,21.9609,0.3349,5.8,78.32,14.81,5.7599,1.83,7.5899,0.2758,27.5175,0.65,0.0224
1524,32.9339,0.6256,34.75,76.36,35.71,8.6889,3.0874,11.7763,0.495,23.7914,0.373,0.1294
1525,43.682,0.3911,21.41,73.81,33.31,11.7354,2.0562,13.7917,0.299,46.1308,0.6211,0.0153
1526,38.7572,0.5264,14.68,9.28,38.88,10.796,2.6747,13.4706,0.4113,32.7526,0.4788,0.1071
1527,30.7846,0.4809,11.06,69.21,76.17,8.6376,2.498,11.1356,0.3803,29.2812,0.518,0.1446
1528,38.9803,0.5633,45.81,69.5,47.89,10.9227,2.7938,13.7164,0.4393,31.2228,0.4433,0.1046
1529,33.7536,0.5116,51.58,75.21,0.21,9.4728,2.4967,11.9695,0.3931,30.4502,0.5021,0.1326
1530,39.0479,0.3524,19.3,57.68,38.34,10.1574,1.7442,11.9015,0.2667,44.6235,0.662,0.0165
1531,34.8559,0.4518,21.11,41.2,4.9,9.6967,2.2473,11.944,0.341,35.0262,0.5678,0.1186
1532,40.5447,0.5791,66.62,63.17,38.63,11.1493,3.0048,14.1541,0.4521,31.3071,0.4271,0.0937
1533,35.5986,0.6926,80.9,30.76,35.84,8.8597,3.4034,12.2631,0.5369,22.8386,0.3197,0.1033
1534,46.6269,0.381,77.26,1.87,83.51,12.3364,1.8278,14.1642,0.2793,50.7126,0.6461,0.0194
1535,24.1727,0.4902,81.1,69.42,83.83,6.7611,2.5415,9.3025,0.3938,23.6209,0.5011,0.1736
1536,41.6092,0.4713,60.41,34.05,71.03,11.6959,2.4852,14.1811,0.3718,38.1407,0.5288,0.1032
1537,34.1629,0.4921,69.02,19.33,72.4,9.582,2.4618,12.0438,0.3852,31.2704,0.512,0.1186
1538,37.4195,0.676,20.72,43.96,85.83,9.2599,3.3564,12.6163,0.5439,23.1965,0.3108,0.1162
1539,34.9739,0.4853,32.63,25.73,2.56,9.8651,2.5996,12.4647,0.3754,33.2019,0.5243,0.1241
1540,42.8042,0.5721,39.23,47.46,5.44,11.9428,3.0531,14.9958,0.4493,33.3736,0.4307,0.0963
1541,31.2897,0.45,35.9,27.86,77.96,8.6556,2.3506,11.0062,0.3473,31.6938,0.5599,0.134
1542,23.8871,0.6746,8.08,79.79,68.43,6.1097,3.355,9.4647,0.5207,18.1774,0.3401,0.1731
1543,34.835,0.4244,2.14,4.79,25.99,9.7128,2.2187,11.9315,0.3333,35.8022,0.5773,0.14
1544,17.8699,0.5497,46.87,49.77,58.27,4.9913,2.7298,7.7211,0.4214,18.3235,0.466,0.2096
1545,42.3471,0.3962,35.17,35.56,34.37,11.4504,2.0586,13.509,0.3036,44.494,0.6152,0.0154
1546,45.7291,0.3481,22.83,58.83,35.52,11.8498,1.9323,13.7821,0.2662,51.7727,0.6626,0.0152
1547,41.2412,0.5421,48.94,52.39,22.8,11.6497,2.793,14.4428,0.4252,33.9632,0.4613,0.1
1548,20.2924,0.4066,49.53,48.39,40.75,5.4545,2.0744,7.5289,0.3065,24.5651,0.6118,0.0203
1549,39.6629,0.5552,10.33,73.13,20.15,11.0961,2.8386,13.9348,0.4373,31.8677,0.446,0.1075
1550,39.8517,0.6752,11.37,84.36,12.59,9.891,3.4052,13.2963,0.5426,24.5033,0.3127,0.0977
1551,30.028,0.5845,56.49,79.88,14.93,8.1853,2.9542,11.1394,0.4627,24.0736,0.4136,0.1354
1552,34.3849,0.5672,45.2,88.49,16.54,9.575,2.7997,12.3747,0.4448,27.8233,0.4365,0.1211
1553,35.8627,0.3874,61.11,44.88,37.36,9.6373,1.9352,11.5725,0.2989,38.7151,0.6212,0.0154
1554,18.8141,0.5871,7.31,44.31,38.88,5.0965,3.0346,8.1312,0.4452,18.2659,0.4359,0.2313
1555,26.2432,0.5789,22.93,66.88,50.7,7.1732,2.8292,10.0024,0.4555,21.9609,0.4228,0.1638
1556,44.0441,0.4317,2.53,58.39,63.26,12.166,2.4152,14.5813,0.3426,42.5628,0.5659,0.082
1557,25.7395,0.3287,2.93,86.68,24.12,6.6747,1.5382,8.2129,0.2722,30.1673,0.6545,0.0221
1558,46.1892,0.6751,18.85,29.98,60.69,11.6006,3.4327,15.0333,0.5347,28.1134,0.3224,0.0845
1559,25.0121,0.3324,40.59,64.39,62.16,6.3333,1.5834,7.9166,0.2581,30.6728,0.6729,0.0175
1560,32.9112,0.6326,71.8,50.48,38.84,8.7043,3.1132,11.8175,0.4972,23.7702,0.3701,0.1212
1561,34.0834,0.3179,21.83,79.79,52.24,8.3796,1.6084,9.9879,0.2363,42.2746,0.7006,0.016
1562,28.8672,0.578,46.23,35.07,84.11,7.9537,2.747,10.7008,0.45,23.7772,0.4296,0.1239
1563,28.6386,0.6791,16.09,48.98,3.85,7.3681,3.4594,10.8275,0.5304,20.4131,0.3278,0.1379
1564,36.0109,0.5881,11.34,75.67,20.33,9.9151,2.9745,12.8896,0.4661,27.6514,0.4096,0.1123
1565,42.8481,0.3555,38.39,58.62,70.01,11.2655,1.8872,13.1527,0.276,47.6583,0.6503,0.0157
1566,28.8277,0.3236,76.44,83.59,43.53,7.0829,1.6895,8.7724,0.2436,36.0101,0.6913,0.0162
1567,16.5134,0.5895,16.94,17.27,68.52,4.5004,2.9081,7.4085,0.4406,16.8145,0.4417,0.202
1568,40.5843,0.4009,28.02,85.67,30.17,10.9627,2.0872,13.0498,0.3091,42.2138,0.6084,0.0159
1569,39.1102,0.6238,51.34,1.71,86.49,10.2901,3.2128,13.5029,0.5063,26.6687,0.3584,0.095
1570,29.2158,0.3354,77.14,37.81,39.53,7.5017,1.7471,9.2488,0.267,34.6441,0.6616,0.0174
1571,38.7109,0.4156,69.87,11.77,74.55,10.542,2.1156,12.6576,0.3242,39.0406,0.5892,0.1049
1572,37.6939,0.5071,73.58,35.77,61.6,10.5612,2.5115,13.0728,0.398,32.8495,0.4957,0.1023
1573,44.2339,0.6192,75.37,66.71,69.62,11.93,3.1397,15.0696,0.4877,30.901,0.3822,0.0947
1574,32.5553,0.6343,39.98,84.17,61.42,8.6183,3.1489,11.7672,0.5021,23.438,0.3637,0.1173
1575,18.5316,0.4859,88.33,25.19,71.41,5.0627,2.3693,7.432,0.3735,19.8991,0.5268,0.211
1576,37.7591,0.684,20.25,17.33,59.4,9.1564,3.3577,12.5142,0.5517,22.6822,0.301,0.098
1577,46.8062,0.3992,72.38,22.17,86.1,12.7453,2.1175,14.8627,0.3117,47.6855,0.605,0.0146
1578,33.5483,0.4311,29.29,55.99,11.79,9.2406,2.1564,11.3969,0.328,34.7518,0.5843,0.0172
1579,26.4908,0.6424,27.33,0.38,29.79,6.6602,3.2709,9.9311,0.5315,18.685,0.3269,0.1605
1580,30.4322,0.5906,48.28,80.8,22.81,8.3313,3.0004,11.3317,0.4633,24.4602,0.4131,0.1318
1581,21.7677,0.4458,72.31,74.49,70.75,5.994,2.1345,8.1285,0.3401,23.9027,0.5689,0.0195
1582,39.02,0.656,30.21,6.41,30.64,10.0653,3.2614,13.3267,0.521,25.578,0.3398,0.1018
1583,33.0654,0.5576,59.57,69.54,47.26,9.2323,2.8,12.0323,0.4362,27.5854,0.4472,0.1153
1584,18.1875,0.6284,32.64,4.79,66.5,4.6364,3.164,7.8004,0.5175,15.0734,0.344,0.2209
1585,37.7095,0.3509,78.83,25.57,46.63,9.8164,1.8117,11.6281,0.2772,41.9452,0.6486,0.0157
1586,36.8762,0.5602,86.88,40.33,2.45,10.1281,3.1612,13.2893,0.4471,29.7234,0.4334,0.1147
1587,32.4835,0.4884,28.37,5.62,26.23,9.1846,2.3794,11.564,0.3812,30.334,0.517,0.1281
1588,46.0295,0.6945,30.47,40.69,27.91,11.4174,3.4561,14.8735,0.5477,27.1546,0.306,0.0798
1589,16.8699,0.4942,50.85,83.93,36.29,4.6701,2.3349,7.005,0.365,19.1916,0.5373,0.2313
1590,38.2093,0.3371,46.08,69.99,13.4,9.7159,1.7065,11.4224,0.2535,45.0535,0.6787,0.0161
1591,34.1479,0.6613,42.82,44.2,72.9,8.7897,3.2947,12.0844,0.525,23.0167,0.3345,0.1201
1592,37.4167,0.3759,4.16,65.39,0.15,10.0722,1.9966,12.0688,0.3048,39.6012,0.6137,0.0226
1593,44.3251,0.6602,38.46,7.53,79.23,11.3058,3.3656,14.6713,0.5193,28.2499,0.3419,0.0875
1594,29.5953,0.4001,62.38,30.74,28.18,7.9368,2.0706,10.0074,0.3063,32.6758,0.612,0.0166
1595,29.3163,0.3374,48.02,63.07,47.89,7.4105,1.7556,9.1661,0.262,34.9844,0.6679,0.0144
1596,16.6764,0.3723,42.51,86.61,6.87,4.2136,1.8603,6.0739,0.2622,23.1667,0.6677,0.0175
1597,32.7386,0.4937,74.77,41.89,75.17,9.2324,2.4903,11.7228,0.3951,29.6678,0.4994,0.1193
1598,35.9792,0.451,9.12,8.61,57.58,9.9144,2.3832,12.2976,0.3555,34.5939,0.5492,0.1105
1599,40.3639,0.4055,87.79,14.1,7.45,10.8707,1.9613,12.832,0.3072,41.7764,0.6108,0.0165
1600,30.2344,0.5514,0.4,60.17,23.29,8.5961,2.8523,11.4484,0.4278,26.7611,0.458,0.1566
1601,43.6874,0.4467,18.78,79.7,7.56,12.1515,2.3453,14.4968,0.3454,41.9664,0.5624,0.0958
1602,23.8024,0.5142,56.06,58.01,3.44,6.7279,2.7358,9.4637,0.4043,23.4078,0.4874,0.1577
1603,16.0398,0.6076,33.14,26.74,32.27,4.5468,2.8818,7.4286,0.4703,15.7947,0.4041,0.2362
1604,33.0317,0.342,52.85,0.01,20.36,8.2303,1.5191,9.7494,0.2443,39.9,0.6903,0.016
1605,23.2377,0.4369,72.34,10.27,77.21,6.4368,2.1619,8.5987,0.3404,25.26,0.5687,0.0244
1606,23.6723,0.4578,8.62,0.95,40.61,6.4983,2.3859,8.8843,0.3627,24.4927,0.5402,0.1809
1607,19.1064,0.5335,11.71,81.11,47.01,5.2566,2.815,8.0716,0.4094,19.7139,0.4813,0.209
1608,22.9813,0.6174,29.22,32.96,19.52,6.197,3.0931,9.2901,0.4879,19.0395,0.3816,0.1923
1609,23.6321,0.6099,75.77,67.72,9.87,6.4006,3.101,9.5017,0.4743,20.031,0.3988,0.1706
1610,17.457,0.4249,45.84,47.68,42.95,4.6276,2.0311,6.6587,0.3062,21.7476,0.6119,0.0196
1611,24.1107,0.5279,20.01,69.37,36.43,6.821,2.6128,9.4338,0.4111,22.9481,0.4794,0.17
1612,37.9718,0.5285,46.05,67.59,21.3,10.7082,2.5953,13.3036,0.4133,32.1903,0.4764,0.108
1613,38.1596,0.3299,12.03,59.42,75.66,9.7219,1.6978,11.4198,0.252,45.3165,0.6805,0.0154
1614,41.1275,0.479,81.91,57.37,37.61,11.5164,2.4901,14.0066,0.3726,37.5888,0.5279,0.1003
1615,15.9956,0.3478,60.4,26.63,19.78,3.9955,1.5333,5.5288,0.2417,22.8755,0.6923,0.0209
1616,20.7553,0.4258,44.41,46.24,69.47,5.6192,2.1592,7.7784,0.3418,22.7564,0.5668,0.02
1617,26.668,0.4515,89.07,67.19,45.62,7.4592,2.1836,9.6427,0.3529,27.3274,0.5528,0.1597
1618,24.157,0.4604,46.68,50.39,11.12,6.715,2.3912,9.1062,0.3604,25.2672,0.5434,0.1759
1619,19.1099,0.4876,70.52,64.92,55.27,5.3087,2.5006,7.8093,0.3703,21.0876,0.531,0.2083
1620,34.0178,0.5347,59.68,65.26,68.24,9.5878,2.6555,12.2433,0.4178,29.3067,0.4708,0.1292
1621,41.1758,0.5164,9.54,39.05,72.14,11.6195,2.717,14.3366,0.4048,35.4171,0.4871,0.1011
1622,37.95,0.4676,79.23,78.4,25.23,10.5812,2.3884,12.9696,0.3632,35.7043,0.5396,0.1053
1623,41.9195,0.3123,38.96,76.37,75.56,10.324,1.6354,11.9595,0.2353,50.8289,0.7018,0.0147
1624,20.7487,0.3947,86.04,73.08,61.72,5.4468,1.9606,7.4074,0.2908,25.469,0.6313,0.0168
1625,27.5264,0.5843,30.01,55.39,5.91,7.5448,2.8003,10.345,0.4563,22.6693,0.4218,0.1455
1626,41.6444,0.4858,53.24,11.01,22.8,11.7534,2.5706,14.324,0.3781,37.8817,0.5209,0.0951
1627,37.5087,0.5144,73.76,11.48,41.74,10.4647,2.6318,13.0965,0.401,32.6617,0.4919,0.107
1628,32.001,0.4424,74.3,47.43,10.11,8.9812,2.1823,11.1635,0.3456,32.3004,0.5619,0.119
1629,19.4122,0.6422,43.09,85.25,86.53,5.108,3.1827,8.2907,0.5043,16.44,0.361,0.2021
1630,32.5054,0.4114,14.6,37.49,39.08,8.8961,2.1447,11.0408,0.3194,34.5687,0.5953,0.016
1631,19.1145,0.48,56.55,45.62,38.86,5.364,2.4036,7.7676,0.3629,21.4032,0.5403,0.2375
1632,30.5064,0.5466,82.3,7.25,64.31,8.4768,2.7465,11.2233,0.4337,25.8769,0.4502,0.1383
1633,45.0834,0.39,19.5,77.23,54.96,12.1599,2.0261,14.1861,0.2991,47.4348,0.6211,0.0145
1634,17.2204,0.4088,56.44,77.87,61.03,4.5218,1.9384,6.4601,0.2977,21.7031,0.6227,0.0204
1635,30.9181,0.555,75.55,26.86,52.28,8.5783,2.8083,11.3867,0.4364,26.0952,0.4471,0.1196
1636,21.8073,0.5121,60.83,82.64,23.78,6.243,2.4617,8.7047,0.3933,22.1298,0.5016,0.1898
1637,38.178,0.632,60.05,45.16,15.47,10.2426,3.1863,13.4289,0.4995,26.8843,0.3671,0.1068
1638,38.0191,0.3391,2.94,59.52,83.76,9.9903,1.6192,11.6095,0.2816,41.2332,0.643,0.016
1639,32.1403,0.44,76.45,29.83,75.95,8.977,2.2751,11.2522,0.3484,32.2978,0.5585,0.1292
1640,21.9837,0.5888,82.94,52.43,49.79,6.024,2.9676,8.9916,0.4612,19.498,0.4158,0.1798
1641,43.6894,0.407,88.17,67.99,28.22,11.8397,2.2095,14.0492,0.3222,43.5979,0.5917,0.0952
1642,34.5677,0.3554,56.64,30.09,78.86,9.0828,1.9379,11.0207,0.2821,39.071,0.6425,0.0155
1643,24.6294,0.5175,36.95,31.6,88.3,6.9127,2.627,9.5398,0.4108,23.222,0.4795,0.1628
1644,28.9224,0.4174,1.83,33.41,44.79,7.985,2.0237,10.0088,0.3191,31.3667,0.5955,0.0209
1645,18.2762,0.5554,37.62,54.01,43.49,5.0277,2.677,7.7047,0.4298,17.9254,0.4555,0.2344
1646,34.4408,0.5199,16.52,5.52,9.8,9.7151,2.5429,12.258,0.405,30.2665,0.4869,0.1375
1647,46.2111,0.6772,17.83,38.16,64.04,11.4947,3.4212,14.9159,0.5411,27.564,0.3141,0.0878
1648,40.9126,0.3526,39.63,7.61,82.91,10.5843,1.9056,12.4899,0.273,45.7438,0.6539,0.0184
1649,34.6759,0.6305,77.2,2.54,85.55,9.1586,3.1051,12.2637,0.5087,24.1098,0.3557,0.1083
1650,43.1205,0.5009,82.78,2.27,6.69,12.1219,2.6916,14.8135,0.3935,37.6496,0.5016,0.0903
1651,20.1503,0.4962,79.61,14.45,73.83,5.5846,2.3789,7.9635,0.3814,20.8771,0.5166,0.1873
1652,32.4381,0.3981,0.05,35.18,16.78,8.9358,2.2054,11.1412,0.3054,36.4764,0.6128,0.0192
1653,42.4311,0.3635,58.2,55.81,76.19,11.3084,1.957,13.2654,0.2848,46.579,0.6391,0.0142
1654,36.9122,0.3134,19.01,43.22,81.13,9.1797,1.6936,10.8733,0.2418,44.9762,0.6936,0.0159
1655,36.2018,0.3324,74.76,31.13,87.42,9.2831,1.7655,11.0486,0.2636,41.9158,0.6661,0.0156
1656,24.475,0.4523,36.04,54.04,68.55,6.7461,2.239,8.9851,0.3574,25.1425,0.5471,0.1673
1657,30.0627,0.4014,75.59,12.93,15.94,8.1319,2.104,10.2359,0.312,32.8046,0.6047,0.0167
1658,46.3551,0.6134,59.12,58.85,56.37,12.5651,3.0683,15.6334,0.4817,32.4563,0.3895,0.0897
1659,34.248,0.4498,77.56,89.61,50.43,9.5192,2.3133,11.8325,0.3526,33.5588,0.5533,0.1114
1660,27.7561,0.5069,73.76,7.68,22.9,7.8175,2.5688,10.3862,0.3932,26.418,0.5017,0.1373
1661,36.1969,0.626,77.84,26.35,83.76,9.6592,3.109,12.7681,0.488,26.1667,0.3815,0.1082
1662,26.527,0.3359,79.12,74.71,72.13,6.7263,1.696,8.4223,0.256,32.8938,0.6755,0.0157
1663,29.4709,0.5602,85.16,12.88,30.11,8.1464,2.9178,11.0642,0.438,25.2585,0.445,0.1445
1664,21.9711,0.3306,7.06,58.43,65.74,5.7217,1.8842,7.6059,0.2771,27.452,0.6489,0.0198
1665,34.8341,0.5405,13.12,51.67,25.17,9.8797,2.7631,12.6428,0.4206,30.0556,0.4671,0.1244
1666,32.0639,0.6003,78.64,9.15,24.09,8.6884,3.0104,11.6988,0.4709,24.8411,0.4032,0.1177
1667,41.0159,0.6548,43.34,19.84,6.25,10.7045,3.3069,14.0114,0.5132,27.3022,0.3498,0.1036
1668,23.3171,0.3451,7.88,13.5,13.58,6.0752,1.7111,7.7863,0.2826,27.5523,0.6418,0.0209
1669,29.2055,0.5441,32.73,21.47,47.97,8.1218,2.7155,10.8372,0.425,25.5014,0.4614,0.1379
1670,35.5431,0.3288,49.47,52.68,30.43,9.0249,1.7599,10.7848,0.2555,42.2032,0.6762,0.0155
1671,16.4391,0.6841,8.28,19.5,50.1,4.3549,3.176,7.531,0.501,15.0308,0.3647,0.1993
1672,24.5503,0.3253,67.05,10.82,87.21,6.0888,1.578,7.6668,0.2513,30.5049,0.6813,0.0164
1673,37.3258,0.5001,41.73,86.06,29.93,10.4573,2.5333,12.9906,0.3957,32.8312,0.4987,0.1024
1674,47.0512,0.6538,32.5,78.08,66.16,12.2879,3.3029,15.5909,0.5137,30.3515,0.3492,0.0822
1675,23.9604,0.4184,75.3,42.43,68.32,6.6311,2.171,8.8022,0.3431,25.6522,0.5651,0.0175
1676,41.9706,0.5856,60.81,85.4,56.76,11.5316,3.0097,14.5413,0.4623,31.4563,0.414,0.1017
1677,30.912,0.5872,81.9,81.94,67.91,8.4312,3.041,11.4722,0.4613,24.8693,0.4155,0.1386
1678,28.7674,0.55,7.79,75.17,22.23,8.0666,2.7415,10.8081,0.4275,25.284,0.4584,0.1456
1679,36.3112,0.4914,12.69,79.96,88.91,10.1698,2.5634,12.7332,0.3856,33.0198,0.5114,0.1146
1680,16.6723,0.6652,33.96,12.46,28.89,4.1217,3.2837,7.4054,0.5404,13.7029,0.3153,0.2179
1681,20.4941,0.3913,73.42,44.1,58.69,5.546,2.0262,7.5722,0.3045,24.8672,0.6141,0.0165
1682,36.0391,0.3939,14.59,37.94,47.7,9.8017,2.1599,11.9616,0.3078,38.8667,0.61,0.0164
1683,26.3698,0.5433,37.64,73.09,6.43,7.3218,2.5688,9.8906,0.4265,23.1879,0.4594,0.1642
1684,31.3722,0.4414,54.81,27.79,87.09,8.6332,2.2443,10.8775,0.3404,31.9532,0.5688,0.1299
1685,36.445,0.3326,62.6,31.96,70.57,9.437,1.7322,11.1691,0.2645,42.2293,0.6649,0.0144
1686,46.9106,0.3748,42.91,0.63,11.98,12.2527,1.7636,14.0162,0.2682,52.2658,0.6603,0.0152
1687,27.5044,0.659,30.29,86.46,83.75,6.9361,3.2491,10.1853,0.5303,19.2057,0.3279,0.1487
1688,43.9736,0.3911,85.63,8.85,49.99,11.756,2.0552,13.8112,0.3061,45.1262,0.6122,0.0162
1689,39.643,0.6981,21.96,24.78,24.38,9.6038,3.3445,12.9483,0.5565,23.2682,0.2949,0.0949
1690,34.0989,0.5783,53.02,6.07,48.26,9.4141,2.8932,12.3074,0.4573,26.913,0.4205,0.1175
1691,46.9849,0.6378,19.3,10.85,1.22,12.3441,3.3277,15.6718,0.5079,30.8541,0.3566,0.0981
1692,24.5806,0.3913,53.72,85.35,22.98,6.5541,2.0122,8.5663,0.3001,28.5402,0.6197,0.0193
1693,22.5933,0.5922,17.8,58.96,79.07,6.2069,2.958,9.165,0.458,20.0092,0.4196,0.1844
1694,36.1793,0.6449,60.09,27.71,4.19,9.4622,3.4072,12.8694,0.5083,25.3206,0.3561,0.1112
1695,25.5798,0.4431,71.34,88.36,44.73,7.0241,2.2428,9.2669,0.344,26.9376,0.5642,0.0183
1696,21.7678,0.5166,51.23,58.61,14.39,6.1438,2.5137,8.6575,0.4031,21.479,0.4893,0.1818
1697,18.8577,0.3693,7.52,17.36,68.03,4.9406,2.0153,6.9559,0.2931,23.7316,0.6285,0.0184
1698,20.8237,0.4362,53.04,79.95,28.98,5.7097,2.1177,7.8275,0.3276,23.895,0.5848,0.0191
1699,26.3984,0.6312,14.37,25.48,25.41,6.9967,3.1098,10.1065,0.5048,20.02,0.3604,0.1775
1700,21.5912,0.6838,72.61,50.14,2.55,5.2533,3.3965,8.6497,0.5414,15.9766,0.3141,0.1906
1701,33.6451,0.601,60.06,12.06,12.64,9.1658,2.9554,12.1211,0.4748,25.5263,0.3981,0.1186
1702,17.8076,0.5623,30.65,54.39,79.52,4.9984,2.671,7.6694,0.4369,17.556,0.4464,0.2229
1703,33.3139,0.4932,88.55,30.85,60.69,9.3543,2.4561,11.8105,0.3819,30.9286,0.5163,0.1318
1704,29.9057,0.4891,17.35,33.94,40.79,8.3789,2.4547,10.8335,0.379,28.583,0.5196,0.1403
1705,33.9773,0.4694,34.53,32.92,14.07,9.5351,2.3483,11.8834,0.362,32.8296,0.5415,0.1205
1706,25.6551,0.5312,50.55,61.84,2.82,7.1649,2.5959,9.7609,0.4266,22.8791,0.4596,0.1587
1707,39.0395,0.3208,42.4,8.24,12.68,9.5475,1.5571,11.1045,0.2402,46.2381,0.6958,0.0188
1708,37.4373,0.5733,52.83,76.77,65.66,10.4128,2.8829,13.2957,0.4494,29.5879,0.4305,0.1065
1709,38.3294,0.512,67.46,57.38,26.42,10.8835,2.6146,13.4981,0.3984,33.8766,0.4951,0.0942
1710,19.6466,0.4699,82.87,61.49,48.08,5.4872,2.4009,7.8881,0.3608,21.8638,0.5427,0.2052
1711,24.4735,0.3001,89.84,31.68,64.91,5.9533,1.6334,7.5867,0.2397,31.6554,0.6962,0.0174
1712,21.2195,0.3568,74.2,74.05,24.92,5.3423,1.8001,7.1424,0.2675,26.7008,0.6609,0.0162
1713,46.1105,0.3724,6.04,37.24,33.81,12.3807,1.9875,14.3682,0.2897,49.6032,0.633,0.0177
1714,34.468,0.582,54.64,7.23,17.34,9.5223,2.87,12.3923,0.46,26.9413,0.4173,0.1248
1715,41.9448,0.4418,3.64,11.53,18.58,11.729,2.3442,14.0731,0.3478,40.4672,0.5593,0.1088
1716,33.7257,0.6188,19.1,33.42,12.96,9.0483,3.109,12.1573,0.4905,24.7872,0.3784,0.1291
1717,45.7654,0.4191,42.7,78.11,18.62,12.5649,2.1641,14.729,0.326,45.1829,0.5871,0.0908
1718,36.3131,0.5648,30.54,61.99,86.72,10.0574,2.9206,12.978,0.449,28.9074,0.4312,0.1092
1719,35.6162,0.4324,81.61,4.09,9.67,9.7748,2.159,11.9339,0.3225,36.9997,0.5914,0.111
1720,24.8012,0.5748,81.93,68.76,31.27,6.8057,2.8512,9.6569,0.4476,21.5754,0.433,0.1425
1721,26.6039,0.5541,53.23,55.45,85.19,7.3189,2.6796,9.9985,0.4418,22.6328,0.4403,0.1574
1722,19.9438,0.5089,12.24,41.53,64.44,5.4794,2.6181,8.0976,0.4031,20.0876,0.4891,0.197
1723,28.3814,0.304,11.42,26.65,70.48,6.7549,1.4974,8.2523,0.2252,36.6444,0.7146,0.0185
1724,29.5003,0.3451,63.07,30.16,28.68,7.5068,1.7846,9.2915,0.2651,35.055,0.6642,0.016
1725,33.0121,0.4897,68.45,86.71,76.19,9.2899,2.3543,11.6442,0.3812,30.5438,0.5168,0.1271
1726,35.5223,0.4562,70.81,65.0,89.84,9.8982,2.3161,12.2142,0.3568,34.2371,0.5478,0.119
1727,33.7052,0.5407,65.13,4.28,68.97,9.4804,2.6401,12.1205,0.4277,28.3402,0.4579,0.1321
1728,28.7402,0.61,76.28,84.25,46.58,7.7184,3.068,10.7864,0.4752,22.7003,0.3979,0.1306
1729,18.7972,0.3636,42.12,11.26,86.33,4.847,1.7424,6.5894,0.2749,23.9692,0.6516,0.0211
1730,28.7633,0.407,9.66,87.59,36.96,7.7621,2.0837,9.8457,0.3127,31.4813,0.6037,0.0176
1731,24.1483,0.6578,15.42,79.39,6.33,6.2808,3.4619,9.7427,0.5121,19.0248,0.3512,0.1761
1732,26.7647,0.3763,77.05,14.97,18.51,7.0734,1.7897,8.8631,0.2881,30.7587,0.6347,0.0167
1733,31.7687,0.6508,79.98,10.0,67.19,8.1642,3.2491,11.4132,0.5123,22.2783,0.3508,0.1189
1734,37.9693,0.4391,4.35,28.3,60.91,10.5494,2.1387,12.6881,0.3523,36.0168,0.5534,0.1169
1735,36.2232,0.6889,59.63,86.14,7.59,8.936,3.5884,12.5244,0.5474,22.8787,0.3063,0.1076
1736,18.805,0.3506,0.02,9.29,11.86,4.6513,1.7294,6.3807,0.24,26.5867,0.6959,0.0241
1737,33.1833,0.3999,38.31,46.47,89.65,9.0009,1.98,10.981,0.312,35.1908,0.6044,0.0169
1738,27.3582,0.5546,75.29,60.6,8.6,7.6422,2.6259,10.2682,0.4245,24.1887,0.4621,0.1443
1739,32.2789,0.4642,16.01,82.51,45.35,9.0085,2.349,11.3575,0.3628,31.3063,0.5403,0.134
1740,24.9924,0.633,72.61,48.77,65.29,6.6437,2.978,9.6217,0.4952,19.4318,0.3727,0.1524
1741,32.2708,0.5342,16.88,9.05,43.29,8.9334,2.7066,11.64,0.4201,27.7084,0.4676,0.1168
1742,43.7719,0.6576,47.43,69.38,8.74,11.3015,3.371,14.6725,0.524,28.002,0.3359,0.089
1743,37.3372,0.6214,8.55,69.26,68.72,9.9453,3.1767,13.122,0.4889,26.8375,0.3806,0.1107
1744,40.2074,0.4247,35.36,73.61,84.18,11.0653,2.1699,13.2352,0.3282,40.3262,0.584,0.1048
1745,45.7673,0.6009,0.83,28.9,46.98,12.7046,3.1877,15.8923,0.4671,34.0201,0.4079,0.0935
1746,17.7543,0.6347,89.7,3.84,20.78,4.4478,3.1965,7.6442,0.5193,14.72,0.342,0.2132
1747,31.9549,0.6844,13.13,81.98,70.41,7.9094,3.3833,11.2926,0.5412,20.8672,0.3142,0.1206
1748,18.2838,0.4121,2.38,73.92,82.64,4.884,2.1722,7.0562,0.3065,23.0231,0.6116,0.022
1749,16.0688,0.3152,8.52,60.91,46.78,3.9772,1.4709,5.4481,0.2506,21.7382,0.6824,0.0233
1750,43.824,0.4144,10.52,41.91,51.24,12.0805,2.1795,14.26,0.3214,44.3651,0.5927,0.0926
1751,43.3908,0.5648,49.13,24.66,41.19,12.066,3.0002,15.0662,0.4417,34.1059,0.4401,0.0954
1752,39.5953,0.3191,58.82,25.24,76.49,9.9797,1.6752,11.6549,0.249,46.8018,0.6844,0.014
1753,23.8216,0.5221,11.03,24.6,21.64,6.7077,2.6147,9.3225,0.4069,22.912,0.4841,0.1698
1754,31.4169,0.5776,57.86,0.72,88.09,8.5802,2.8529,11.4332,0.4644,24.6191,0.4115,0.1384
1755,39.2191,0.4317,85.22,57.61,66.79,10.8976,2.1952,13.0928,0.3351,39.0672,0.5753,0.1103
1756,30.4341,0.4936,28.63,59.76,60.18,8.5863,2.5056,11.0919,0.3826,28.9872,0.5149,0.1402
1757,25.5237,0.322,47.19,63.15,5.93,6.4205,1.5232,7.9437,0.2461,32.2807,0.6881,0.0158
1758,20.9291,0.3242,41.09,15.73,35.38,5.1415,1.4656,6.6071,0.2434,27.1461,0.6913,0.0185
1759,29.1075,0.3654,29.12,2.73,21.3,7.4681,1.7554,9.2235,0.2568,35.9202,0.6746,0.021
1760,30.3269,0.6798,15.62,15.43,24.21,7.4564,3.4726,10.929,0.5453,20.0419,0.3089,0.1422
1761,31.2397,0.4639,8.67,16.66,89.01,8.5014,2.3435,10.8449,0.3613,30.0176,0.542,0.1423
1762,17.0305,0.5364,51.87,89.01,70.98,4.7643,2.6083,7.3726,0.4164,17.7063,0.4723,0.2442
1763,23.479,0.3213,62.58,59.1,34.45,5.8587,1.643,7.5017,0.247,30.3754,0.687,0.0168
1764,46.0363,0.4321,87.26,27.79,43.31,12.6851,2.3316,15.0168,0.3365,44.6312,0.5737,0.093
1765,42.5315,0.4649,25.1,82.24,45.12,11.9133,2.468,14.3813,0.3659,39.3062,0.5364,0.0943
1766,38.6426,0.3613,15.16,44.12,16.12,9.9243,1.701,11.6253,0.2641,44.0237,0.6653,0.0155
1767,24.4849,0.395,57.75,1.08,15.95,6.485,1.9424,8.4274,0.2823,29.8481,0.6422,0.0164
1768,37.9816,0.5321,40.43,57.46,17.34,10.7866,2.6476,13.4341,0.4195,32.0273,0.4683,0.1163
1769,21.3234,0.5768,3.53,50.21,40.43,5.79,3.0398,8.8298,0.4542,19.4421,0.4244,0.2242
1770,34.362,0.6228,69.67,82.84,23.89,9.2339,3.1266,12.3605,0.4861,25.4299,0.3839,0.111
1771,23.842,0.4753,43.47,79.44,79.38,6.6368,2.4342,9.0709,0.37,24.5128,0.531,0.1762
1772,32.7371,0.511,56.67,42.93,16.54,9.2392,2.5478,11.787,0.3968,29.7017,0.4972,0.1251
1773,40.395,0.6032,16.95,49.88,26.29,11.0667,3.0424,14.1091,0.475,29.7043,0.3982,0.0963
1774,38.3255,0.5986,12.98,69.02,58.75,10.3711,2.9878,13.3589,0.4769,28.012,0.3958,0.112
1775,38.483,0.5394,37.47,23.5,30.51,10.7764,2.6465,13.4229,0.4261,31.5009,0.4602,0.1116
1776,31.3633,0.6781,31.19,10.79,67.22,7.8791,3.3174,11.1964,0.5304,21.1088,0.3279,0.1176
1777,32.8289,0.3547,11.54,79.92,26.67,8.5613,1.7377,10.299,0.2735,37.6525,0.6535,0.016
1778,37.5678,0.6348,36.31,26.97,45.14,9.9316,3.1517,13.0833,0.5015,26.0904,0.3646,0.1078
1779,17.7683,0.4807,36.28,3.78,73.75,4.9666,2.3297,7.2963,0.3776,19.3242,0.5214,0.1971
1780,26.7305,0.6419,48.45,88.34,31.44,7.0047,2.9801,9.9848,0.5082,19.6465,0.3561,0.1413
1781,18.8426,0.6676,20.88,59.69,3.04,4.8445,3.3723,8.2168,0.5252,15.6447,0.3344,0.2349
1782,25.6825,0.6679,14.73,50.9,19.65,6.5402,3.2795,9.8197,0.5334,18.4104,0.324,0.1731
1783,27.8194,0.5267,14.1,43.12,57.84,7.7553,2.5963,10.3516,0.4078,25.3837,0.4832,0.1533
1784,23.0507,0.3528,66.35,55.06,45.58,6.0577,1.793,7.8507,0.2757,28.4764,0.6506,0.0169
1785,29.1353,0.3736,22.89,7.33,78.8,7.6348,1.8943,9.5291,0.2862,33.3003,0.6373,0.0199
1786,38.2,0.6888,43.03,61.31,6.68,9.4172,3.429,12.8462,0.552,23.27,0.3004,0.1091
1787,30.3103,0.5422,16.05,82.88,72.1,8.3935,2.803,11.1965,0.4273,26.2026,0.4586,0.1303
1788,18.0732,0.4198,46.28,5.7,11.98,4.9358,2.1573,7.0932,0.3174,22.3459,0.5976,0.0171
1789,16.0541,0.4747,86.13,70.07,33.51,4.536,2.1396,6.6756,0.3419,19.5232,0.5668,0.2632
1790,36.9227,0.4417,74.34,71.56,62.83,10.2523,2.2679,12.5201,0.34,36.828,0.569,0.1087
1791,41.4822,0.5111,55.94,66.43,6.8,11.7324,2.6868,14.4192,0.3953,36.4784,0.4992,0.0961
1792,36.4878,0.3794,22.75,6.41,69.14,9.6032,1.9987,11.6019,0.2933,39.5547,0.6283,0.0204
1793,28.5514,0.4702,27.53,57.64,77.62,7.9991,2.3545,10.3536,0.3667,28.2354,0.5355,0.1559
1794,29.6254,0.4882,67.01,51.05,28.86,8.3597,2.4656,10.8254,0.3754,28.8339,0.5243,0.1364
1795,25.4661,0.336,5.84,25.24,81.11,6.6929,1.545,8.2379,0.2815,29.265,0.6427,0.0211
1796,36.3168,0.5167,16.54,7.66,51.27,10.1228,2.6531,12.776,0.4048,31.5577,0.487,0.1203
1797,40.1126,0.3579,10.71,82.28,59.05,10.4746,1.7929,12.2675,0.2743,44.7203,0.6523,0.0163
1798,37.8188,0.3514,35.71,73.28,61.58,9.8092,1.7728,11.5819,0.2663,43.4947,0.6627,0.015
1799,24.1767,0.4097,0.37,2.73,31.57,6.6277,2.0342,8.6619,0.3129,27.6852,0.6031,0.0216
1800,32.7307,0.5321,70.2,79.35,28.99,9.1686,2.5907,11.7593,0.4136,28.4299,0.476,0.113
1801,45.2293,0.5619,74.31,53.08,46.5,12.5891,2.87,15.4591,0.4418,34.9916,0.4403,0.0908
1802,21.4483,0.4897,50.26,18.54,65.62,6.0167,2.3668,8.3836,0.3819,21.951,0.5161,0.1989
1803,16.2264,0.5513,51.35,45.77,50.85,4.5662,2.5719,7.1381,0.4114,17.3508,0.4787,0.2302
1804,42.3617,0.4849,84.63,84.77,65.69,11.9337,2.5742,14.5079,0.3776,38.4206,0.5217,0.0975
1805,28.3386,0.3216,2.17,8.97,8.57,6.9671,1.2502,8.2172,0.2391,34.3606,0.6953,0.0233
1806,20.5749,0.6972,42.9,32.09,6.44,5.0299,3.4002,8.4301,0.5577,15.1148,0.2934,0.2062
1807,31.4214,0.3278,27.74,52.49,41.97,7.8969,1.6068,9.5037,0.251,37.8647,0.6819,0.0165
1808,44.5766,0.5259,62.69,5.7,5.27,12.4915,2.7237,15.2152,0.4146,36.695,0.4743,0.1015
1809,25.3335,0.6086,38.42,89.61,28.73,6.7661,3.0169,9.7831,0.4864,20.1126,0.3837,0.1361
1810,32.4976,0.4497,74.79,20.09,61.89,9.0329,2.2544,11.2874,0.3511,32.1462,0.555,0.121
1811,34.9178,0.5771,52.79,60.65,16.26,9.7188,2.868,12.5868,0.4523,27.8306,0.4271,0.1115
1812,46.9845,0.4913,45.13,19.81,89.28,13.1528,2.6218,15.7746,0.3866,40.8076,0.5102,0.0894
1813,39.6145,0.5269,35.87,44.11,17.87,11.2515,2.6573,13.9089,0.4133,33.6572,0.4763,0.108
1814,31.1124,0.6106,10.05,9.63,41.38,8.2987,3.1186,11.4173,0.4768,23.9447,0.3958,0.1222
1815,33.721,0.6724,82.9,74.45,35.58,8.6126,3.2661,11.8788,0.5228,22.7202,0.3373,0.1152
1816,30.3735,0.3286,6.26,18.4,85.88,7.5834,1.6411,9.2246,0.2634,35.0243,0.6662,0.0181
1817,21.1562,0.4479,23.45,75.05,27.26,5.8519,2.1579,8.0098,0.345,23.2162,0.5626,0.0191
1818,43.5626,0.5985,44.81,3.66,57.01,11.8739,3.0565,14.9304,0.4759,31.3735,0.397,0.094
1819,29.0927,0.5725,37.85,6.91,44.85,8.0348,2.8508,10.8856,0.4585,23.744,0.4192,0.1503
1820,42.192,0.3562,68.0,37.67,2.82,10.9362,1.9691,12.9053,0.267,48.3397,0.6617,0.0168
1821,17.3115,0.3241,58.2,85.42,32.79,4.0452,1.5151,5.5603,0.2209,25.1703,0.72,0.0202
1822,22.2951,0.525,81.02,65.98,76.9,6.2806,2.6462,8.9268,0.4056,22.0085,0.4861,0.2051
1823,39.4459,0.6887,32.78,53.45,59.24,9.8246,3.3031,13.1277,0.5416,24.2385,0.3138,0.0977
1824,32.9281,0.5451,60.27,25.15,29.07,9.1884,2.8002,11.9886,0.4244,28.2507,0.4621,0.1298
1825,23.7612,0.6243,86.92,9.99,87.67,6.1829,3.0698,9.2527,0.4928,18.7762,0.3753,0.1585
1826,17.6794,0.3225,12.11,75.83,62.72,4.4138,1.6048,6.0187,0.2438,24.6824,0.6908,0.0221
1827,18.3399,0.6095,58.86,32.69,44.73,4.9257,3.0368,7.9625,0.4757,16.7374,0.3972,0.1885
1828,23.3774,0.3698,51.99,50.58,32.57,6.1812,1.841,8.0222,0.2934,27.3402,0.6281,0.0183
1829,35.309,0.3033,36.26,71.58,17.65,8.4799,1.5983,10.0782,0.2257,44.6601,0.714,0.0153
1830,30.4919,0.4227,15.33,85.42,10.35,8.3495,2.2719,10.6214,0.3246,32.7238,0.5885,0.0221
1831,25.0572,0.3672,27.35,76.64,0.51,6.5621,1.8291,8.3912,0.2733,30.6984,0.6536,0.0157
1832,46.9355,0.4318,18.04,46.11,6.8,13.0163,2.256,15.2723,0.3261,46.828,0.5869,0.0982
1833,30.2669,0.4355,31.81,32.34,41.91,8.3342,2.2146,10.5488,0.3323,31.7446,0.5788,0.0165
1834,46.6118,0.309,78.07,19.19,44.82,11.4958,1.6681,13.1639,0.2385,55.1877,0.6979,0.0148
1835,43.0018,0.4301,17.17,8.93,20.63,11.8243,2.2909,14.1152,0.3314,42.5872,0.5798,0.1085
1836,35.6646,0.6936,10.48,82.7,21.79,8.7972,3.4811,12.2784,0.5495,22.3448,0.3039,0.1162
1837,18.7314,0.6903,85.03,81.86,72.05,4.6862,3.4097,8.0958,0.5371,15.0743,0.3196,0.2188
1838,22.3084,0.4173,16.57,12.89,46.7,6.1072,2.0021,8.1093,0.3243,25.006,0.5889,0.0191
1839,42.6503,0.5627,14.22,59.36,20.11,11.8503,2.9492,14.7995,0.4497,32.9117,0.4301,0.0964
1840,35.1163,0.4937,5.17,3.89,12.49,9.765,2.5071,12.2721,0.3842,31.9379,0.5131,0.1214
1841,34.1527,0.3937,55.98,64.9,9.52,9.2163,1.9577,11.174,0.2957,37.7887,0.6252,0.0185
1842,24.3535,0.6619,75.14,59.52,79.27,6.3602,3.2233,9.5836,0.5203,18.4179,0.3407,0.1718
1843,29.5694,0.5964,1.82,23.21,24.89,8.1758,2.9164,11.0923,0.4557,24.3434,0.4225,0.15
1844,30.6591,0.638,4.27,20.16,41.08,8.1882,3.2265,11.4147,0.4809,23.7352,0.3905,0.1274
1845,30.9986,0.3247,62.13,60.14,21.41,7.7983,1.6868,9.4851,0.2525,37.5723,0.68,0.0152
1846,26.3141,0.6323,55.85,8.58,37.17,6.9623,3.1158,10.0781,0.5055,19.9361,0.3595,0.1595
1847,37.975,0.537,89.61,18.12,33.73,10.5384,2.6771,13.2155,0.4199,31.4738,0.4679,0.1064
1848,17.4682,0.6142,63.35,84.58,23.76,4.6439,2.9698,7.6137,0.4756,16.0093,0.3976,0.2408
1849,30.0241,0.3105,30.23,7.82,53.24,7.405,1.6531,9.0581,0.2357,38.4317,0.7012,0.0174
1850,21.0649,0.3002,23.69,56.75,18.15,4.9148,1.3211,6.2359,0.2158,28.8953,0.7265,0.0179
1851,18.1444,0.4723,58.72,15.86,39.49,4.9637,2.3143,7.278,0.3582,20.317,0.5458,0.2403
1852,36.9746,0.4144,9.98,76.68,52.81,10.0765,2.1322,12.2087,0.3218,37.9369,0.5921,0.1195
1853,23.7113,0.4166,23.98,31.57,87.47,6.3654,2.1875,8.5529,0.3151,27.1404,0.6006,0.0175
1854,23.5027,0.373,20.95,25.95,45.93,6.1079,1.9324,8.0403,0.2806,28.6509,0.6445,0.0211
1855,28.1295,0.5581,41.9,54.48,26.97,7.8497,2.817,10.6666,0.438,24.3528,0.445,0.1407
1856,23.9428,0.6972,21.63,67.64,60.78,5.8217,3.5181,9.3399,0.5508,16.9567,0.3018,0.1746
1857,33.9434,0.3467,31.59,14.11,70.95,8.7406,1.84,10.5806,0.2721,38.8842,0.6552,0.0158
1858,38.1552,0.5811,75.34,33.94,62.94,10.4823,2.8027,13.2851,0.4532,29.3166,0.4257,0.1047
1859,33.8908,0.5693,58.31,53.65,66.77,9.3232,2.8128,12.1359,0.4451,27.2644,0.4361,0.1211
1860,17.1739,0.4195,57.0,65.65,75.5,4.7497,2.0082,6.758,0.3156,21.413,0.6,0.0216
1861,27.6974,0.6322,30.8,28.6,48.02,7.3677,2.9849,10.3526,0.4937,20.9686,0.3743,0.1539
1862,44.1158,0.3009,74.11,42.17,36.36,10.6932,1.573,12.2662,0.2315,52.9896,0.7067,0.0146
1863,17.3212,0.4556,9.65,73.45,57.91,4.6958,2.2478,6.9436,0.3365,20.637,0.5734,0.2092
1864,26.1085,0.673,20.73,34.69,24.4,6.5085,3.2438,9.7523,0.5425,17.9755,0.3126,0.1557
1865,34.7586,0.5899,43.78,34.24,29.13,9.6315,2.9482,12.5796,0.4625,27.2003,0.414,0.1215
1866,28.5761,0.3411,72.28,5.71,67.14,7.2267,1.7785,9.0052,0.2532,35.5591,0.679,0.02
1867,18.9172,0.5634,66.8,76.32,11.95,5.2397,2.8301,8.0698,0.4342,18.5874,0.4499,0.2024
1868,21.7013,0.6071,70.63,24.37,36.6,5.899,3.0149,8.9139,0.477,18.6873,0.3957,0.1874
1869,39.065,0.351,63.47,56.82,28.92,10.1649,1.8258,11.9907,0.2708,44.2774,0.6567,0.0153
1870,45.7009,0.563,30.65,30.33,14.24,12.772,2.9694,15.7413,0.4425,35.5744,0.4394,0.0969
1871,34.6929,0.3604,57.09,34.01,74.1,9.2164,1.9353,11.1517,0.2848,39.1558,0.6392,0.0159
1872,38.4949,0.3737,13.9,84.45,78.92,10.3274,1.9655,12.293,0.2942,41.7831,0.6271,0.0162
1873,44.5182,0.6746,48.81,30.57,52.07,11.2826,3.3704,14.653,0.5312,27.5846,0.327,0.0885
1874,16.4321,0.5911,87.84,87.98,80.9,4.5836,2.8034,7.3869,0.4514,16.3633,0.4281,0.2441
1875,43.9725,0.3571,50.03,70.77,57.59,11.6118,1.8839,13.4957,0.2776,48.6162,0.6483,0.0152
1876,36.7714,0.3126,45.03,39.33,3.2,9.1183,1.8002,10.9184,0.2386,45.7597,0.6976,0.0158
1877,38.7486,0.6013,29.71,13.33,40.13,10.4438,3.0097,13.4535,0.4721,28.4961,0.4018,0.0932
1878,32.3735,0.5233,68.29,75.65,75.1,9.0511,2.5751,11.6263,0.4112,28.277,0.4791,0.1277
1879,33.1605,0.3763,50.84,50.28,9.12,8.8602,1.8331,10.6933,0.2867,37.2957,0.6367,0.0192
1880,26.5468,0.3849,66.51,33.34,66.01,7.1848,1.8491,9.0339,0.3112,29.0326,0.6056,0.0169
1881,38.1723,0.5756,39.9,8.6,10.11,10.4849,2.864,13.3489,0.4587,29.1005,0.4188,0.1096
1882,16.1333,0.4817,52.74,20.53,28.86,4.5814,2.2302,6.8115,0.3566,19.1035,0.5481,0.2478
1883,19.1855,0.3558,9.02,50.76,50.8,5.138,1.9968,7.1348,0.2953,24.1638,0.6258,0.0168
1884,44.1491,0.3547,78.58,3.97,86.43,11.4206,1.787,13.2076,0.2665,49.5568,0.6623,0.0163
1885,16.377,0.5592,82.81,48.98,50.82,4.672,2.6998,7.3717,0.4122,17.8854,0.4776,0.2559
1886,27.5734,0.5748,14.81,44.65,80.61,7.7467,2.8199,10.5666,0.448,23.5886,0.4323,0.1619
1887,18.4239,0.4224,50.2,6.45,40.82,5.0151,1.9854,7.0005,0.3156,22.1845,0.6001,0.0204
1888,41.4205,0.6377,25.58,19.25,77.54,10.7986,3.1266,13.9252,0.5033,27.6673,0.3622,0.0985
1889,15.8084,0.3825,41.05,61.36,87.63,4.0823,1.7757,5.858,0.2801,20.9107,0.6449,0.0207
1890,26.878,0.4766,12.32,1.93,74.49,7.3812,2.5068,9.888,0.3619,27.3217,0.5414,0.1597
1891,35.6698,0.384,31.43,40.69,53.41,9.6196,2.0564,11.6759,0.2986,39.0983,0.6215,0.0151
1892,28.7171,0.4021,78.19,76.47,77.43,7.7605,2.0854,9.846,0.3142,31.3364,0.6021,0.017
1893,22.542,0.5271,63.42,27.67,23.8,6.378,2.5641,8.9421,0.4056,22.0449,0.4858,0.1687
1894,17.0419,0.3605,22.44,67.4,25.77,4.2984,1.6141,5.9125,0.2569,23.0116,0.6745,0.019
1895,42.5509,0.6272,31.62,62.64,32.58,11.3806,3.1669,14.5475,0.4911,29.6231,0.3776,0.1004
1896,18.5277,0.5411,54.06,65.1,48.65,5.0551,2.7205,7.7756,0.4137,18.7947,0.476,0.2107
1897,30.3933,0.579,53.02,82.11,1.62,8.3339,3.1137,11.4476,0.4563,25.0891,0.4217,0.1427
1898,23.7981,0.4876,83.72,48.37,35.89,6.6016,2.512,9.1136,0.3863,23.5934,0.5103,0.158
1899,24.7392,0.438,84.25,77.16,68.82,6.8013,2.1599,8.9612,0.333,26.9084,0.5781,0.0214
1900,22.1934,0.3146,59.81,16.39,28.71,5.4235,1.5039,6.9274,0.2352,29.4561,0.7018,0.0169
1901,15.811,0.5079,36.61,34.97,51.85,4.3821,2.3927,6.7747,0.381,17.7809,0.5171,0.2375
1902,28.8214,0.3605,47.92,30.27,3.22,7.3741,1.7894,9.1635,0.2604,35.1914,0.6701,0.0189
1903,43.9318,0.4515,58.99,19.95,87.22,12.2304,2.39,14.6204,0.3556,41.1154,0.5495,0.0893
1904,38.7757,0.3477,76.77,53.63,86.56,10.057,1.7931,11.8501,0.2662,44.523,0.6626,0.0159
1905,21.7675,0.5078,24.59,34.86,12.1,6.0461,2.4557,8.5018,0.3842,22.1291,0.5129,0.1947
1906,26.5953,0.5429,1.13,31.13,3.02,7.5811,2.266,9.8471,0.4194,23.4772,0.4682,0.1916
1907,25.7932,0.3141,63.46,22.53,80.53,6.2501,1.4718,7.7219,0.2379,32.452,0.6984,0.0193
1908,32.0411,0.3765,15.78,14.1,65.85,8.3201,1.8296,10.1497,0.2884,35.1976,0.6346,0.0166
1909,26.5245,0.3098,75.33,81.66,60.12,6.3533,1.5097,7.863,0.2275,34.5624,0.7116,0.0166
1910,46.3516,0.4995,53.5,24.22,5.17,13.0018,2.4976,15.4993,0.3879,39.9528,0.5083,0.0861
1911,22.4243,0.5185,68.78,40.21,72.21,6.237,2.6244,8.8615,0.4111,21.5549,0.4791,0.1847
1912,33.3054,0.6838,84.98,40.47,36.01,8.3138,3.3623,11.676,0.533,21.9048,0.3246,0.1197
1913,32.1494,0.6837,61.39,82.45,71.08,8.0376,3.3387,11.3764,0.5438,20.9192,0.3108,0.1265
1914,32.4984,0.429,84.49,48.41,67.48,8.9762,2.1235,11.0997,0.3424,32.4181,0.5659,0.1315
1915,43.6946,0.497,65.96,0.26,53.42,12.3502,2.5189,14.8691,0.3938,37.7577,0.5008,0.0903
1916,46.274,0.4721,12.66,0.01,88.31,12.9161,2.3435,15.2596,0.3628,42.0582,0.5404,0.0902
1917,43.4007,0.4232,27.28,79.18,85.29,11.998,2.2298,14.2278,0.3303,43.0815,0.5814,0.0916
1918,26.3288,0.4916,16.51,53.54,39.13,7.4232,2.3547,9.7779,0.3893,25.1136,0.5065,0.1746
1919,22.7407,0.6666,57.03,29.49,31.83,5.9212,3.219,9.1402,0.5237,17.4535,0.3363,0.1782
1920,37.7509,0.3563,47.09,56.65,33.84,9.915,1.8191,11.734,0.279,42.0564,0.6465,0.0156
1921,26.758,0.309,67.62,50.81,88.53,6.6281,1.5195,8.1476,0.2378,34.262,0.6986,0.0157
1922,38.4427,0.5588,68.58,51.89,73.42,10.6942,2.7972,13.4914,0.4387,30.7503,0.4439,0.1065
1923,18.299,0.5092,17.6,19.29,36.39,4.9976,2.5228,7.5203,0.393,19.1351,0.5019,0.2025
1924,25.0803,0.6826,54.99,34.5,66.09,6.2721,3.3237,9.5958,0.5369,17.8716,0.32,0.1655
1925,20.2512,0.4192,4.79,21.51,3.22,5.527,2.204,7.731,0.3261,23.711,0.5866,0.0226
1926,34.433,0.5072,56.29,6.19,85.54,9.6501,2.5582,12.2083,0.3977,30.696,0.496,0.1224
1927,30.3049,0.3529,63.78,39.2,82.63,7.9108,1.7984,9.7092,0.275,35.3034,0.6514,0.0153
1928,36.0412,0.4108,80.35,24.48,49.95,9.8794,2.1763,12.0557,0.3247,37.1247,0.5886,0.0163
1929,43.0353,0.4068,13.68,0.26,5.72,11.5848,2.1381,13.7229,0.2958,46.398,0.6252,0.0176
1930,18.9563,0.6374,15.98,10.15,74.57,4.996,3.1402,8.1363,0.4998,16.2777,0.3667,0.1982
1931,35.5231,0.4139,48.74,89.83,41.45,9.7206,2.1553,11.8759,0.3212,36.9722,0.593,0.0174
1932,41.0762,0.3437,41.43,25.93,3.15,10.4689,1.7179,12.1868,0.2548,47.8361,0.6772,0.0166
1933,36.0898,0.6767,81.8,69.43,52.58,9.0796,3.4184,12.498,0.5337,23.4156,0.3237,0.1079
1934,40.5816,0.3144,6.26,15.85,46.71,9.8942,1.5689,11.4631,0.2365,48.4674,0.7002,0.0181
1935,43.0922,0.3133,86.29,34.0,59.29,10.6845,1.7223,12.4069,0.2429,51.0769,0.6921,0.0149
1936,35.2154,0.5855,63.2,75.83,20.53,9.7011,2.9511,12.6522,0.4633,27.3108,0.4129,0.1081
1937,42.8282,0.5493,61.28,16.29,46.44,12.0346,2.8239,14.8585,0.4316,34.4279,0.4533,0.0969
1938,19.1332,0.4918,3.28,65.5,68.82,5.3185,2.585,7.9035,0.3662,21.5796,0.5359,0.2095
1939,38.3713,0.4967,71.48,58.92,53.73,10.8107,2.5791,13.3898,0.3895,34.374,0.5065,0.1096
1940,40.7762,0.5402,83.47,88.05,46.58,11.3897,2.7907,14.1804,0.422,33.6002,0.4652,0.092
1941,34.9506,0.3487,24.88,40.12,20.67,9.0188,1.8545,10.8732,0.2632,41.3167,0.6666,0.0169
1942,19.6332,0.433,60.96,30.5,65.53,5.3993,2.1798,7.5792,0.3442,22.0217,0.564,0.0205
1943,34.8302,0.3894,52.98,28.47,62.52,9.4803,2.1631,11.6433,0.312,37.3164,0.6046,0.0153
1944,33.0224,0.3732,81.0,48.44,16.19,8.614,1.7732,10.3872,0.2815,36.901,0.6432,0.0169
1945,22.5481,0.6406,40.18,15.67,48.14,5.8884,3.0966,8.985,0.5083,17.676,0.356,0.1775
1946,30.0027,0.6658,36.51,48.47,83.58,7.7043,3.3245,11.0288,0.523,21.0862,0.3373,0.1188
1947,31.3155,0.6928,72.76,58.94,19.93,7.7003,3.4577,11.1579,0.5492,20.316,0.3041,0.136
1948,19.4523,0.3504,83.38,72.47,27.09,4.8502,1.8094,6.6596,0.2588,25.7369,0.6722,0.0162
1949,23.7477,0.5728,76.3,30.88,25.47,6.6472,2.8186,9.4658,0.4486,21.1011,0.4318,0.173
1950,45.5552,0.3325,22.59,65.42,26.23,11.5938,1.7984,13.3921,0.2547,52.5877,0.6772,0.0173
1951,32.2388,0.6353,5.94,57.98,0.26,8.6695,3.2321,11.9015,0.4934,24.1194,0.3749,0.127
1952,21.7554,0.68,36.17,6.81,42.65,5.154,3.3896,8.5436,0.5628,15.1794,0.2867,0.1929
1953,26.2134,0.3763,8.03,49.02,64.83,7.042,1.6249,8.6669,0.3056,28.3604,0.6126,0.0161
1954,26.9923,0.4479,54.72,89.81,25.86,7.4236,2.1451,9.5687,0.3438,27.8326,0.5641,0.1501
1955,38.5918,0.445,6.39,40.71,71.18,10.7813,2.1737,12.955,0.3481,37.2128,0.559,0.1103
1956,39.0108,0.582,8.05,51.13,34.13,10.7674,2.9601,13.7275,0.4563,30.084,0.4217,0.1044
1957,36.3647,0.3807,4.73,16.1,8.9,9.8048,1.9842,11.789,0.3035,38.8418,0.6151,0.0236
1958,42.4239,0.3207,71.62,88.74,40.93,10.5441,1.7856,12.3297,0.2457,50.188,0.6886,0.0141
1959,30.975,0.6256,26.9,27.63,77.87,8.1739,3.161,11.3349,0.4944,22.9285,0.3737,0.1298
1960,27.8192,0.3933,6.3,89.76,28.98,7.4622,1.8825,9.3447,0.3086,30.2793,0.609,0.0211
1961,34.9255,0.419,12.07,77.33,30.87,9.6058,2.1155,11.7213,0.3234,36.2405,0.59,0.1221
1962,34.8512,0.5052,37.14,84.98,39.02,9.7848,2.585,12.3698,0.3954,31.2814,0.4989,0.1138
1963,42.254,0.488,29.46,10.73,25.41,11.86,2.5595,14.4195,0.3806,37.8906,0.518,0.0951
1964,23.0941,0.5935,36.39,13.95,47.86,6.2503,2.8659,9.1162,0.4696,19.4126,0.4051,0.1737
1965,18.7295,0.4564,83.69,47.37,5.24,5.1922,2.4464,7.6386,0.3577,21.3561,0.5467,0.0212
1966,24.7875,0.6048,81.5,86.71,89.57,6.6843,3.0907,9.7749,0.4803,20.3496,0.391,0.1661
1967,45.6195,0.4452,55.65,69.13,40.63,12.7579,2.2907,15.0485,0.3468,43.391,0.5605,0.0956
1968,16.6513,0.3336,8.07,41.09,77.85,4.2495,1.694,5.9434,0.2611,22.7648,0.6689,0.0211
1969,32.5162,0.5238,13.93,52.57,41.42,9.1373,2.5979,11.7352,0.4159,28.2138,0.4728,0.1256
1970,35.2468,0.3998,16.13,8.08,87.87,9.4341,2.1013,11.5354,0.3075,37.5187,0.61,0.0219
1971,20.1529,0.6987,82.74,81.42,81.2,4.9468,3.3754,8.3223,0.547,15.214,0.3071,0.2109
1972,25.8419,0.3175,82.05,56.07,2.04,6.3218,1.3923,7.7142,0.235,32.8299,0.7021,0.0172
1973,19.3651,0.4879,5.42,33.67,70.13,5.3152,2.5394,7.8546,0.3748,20.9574,0.5251,0.214
1974,24.5013,0.5059,85.8,47.44,48.66,6.857,2.5508,9.4078,0.404,23.2854,0.4877,0.1686
1975,41.6592,0.647,47.81,73.24,29.02,11.0052,3.2098,14.215,0.503,28.2577,0.3626,0.098
1976,23.8676,0.4765,85.31,24.99,66.87,6.5526,2.3901,8.9427,0.3643,24.5502,0.5383,0.1775
1977,34.5765,0.6299,1.87,44.75,27.58,9.3674,3.2652,12.6325,0.4892,25.8208,0.3801,0.1402
1978,34.3364,0.3726,53.57,10.87,17.55,9.1015,1.923,11.0246,0.2822,39.0653,0.6424,0.0189
1979,35.9155,0.5541,72.79,35.3,21.11,10.0412,2.8144,12.8557,0.4353,29.5343,0.4483,0.1121
1980,24.7559,0.4154,73.6,9.21,13.03,6.6963,2.1181,8.8144,0.3152,27.9623,0.6006,0.0183
1981,42.8393,0.5234,20.01,59.5,48.16,12.0808,2.7072,14.788,0.413,35.8063,0.4768,0.0947
1982,40.1347,0.422,28.59,72.06,8.76,10.985,2.0345,13.0194,0.3199,40.6997,0.5947,0.1036
1983,30.0192,0.5598,30.93,50.34,72.1,8.2676,2.8281,11.0957,0.4414,25.1352,0.4406,0.1321
1984,30.7834,0.4966,68.04,28.83,81.77,8.6503,2.4871,11.1374,0.3882,28.6878,0.5081,0.133
1985,29.2599,0.4103,10.99,17.31,82.17,7.9029,2.0462,9.9491,0.3182,31.2655,0.5967,0.0207
1986,18.6275,0.4728,8.59,36.28,86.52,4.9469,2.2486,7.1955,0.3611,19.9277,0.5423,0.1891
1987,44.4548,0.3888,1.84,81.06,16.21,12.0881,2.2044,14.2925,0.3105,46.0363,0.6066,0.0979
1988,40.1122,0.6931,20.13,6.2,15.86,9.66,3.5192,13.1793,0.5624,23.4359,0.2873,0.1031
1989,22.609,0.4617,73.17,57.31,62.49,6.2182,2.2808,8.4989,0.35,24.2831,0.5565,0.167
1990,18.5697,0.6616,74.25,32.3,49.64,4.7726,3.3422,8.1147,0.5183,15.6564,0.3435,0.2057
1991,40.5889,0.5268,67.67,61.15,57.75,11.4152,2.7459,14.1612,0.4124,34.3413,0.4777,0.0996
1992,19.4169,0.4791,84.11,71.47,85.65,5.4586,2.4149,7.8735,0.3767,20.8989,0.5226,0.1884
1993,36.0186,0.6576,86.2,30.0,66.75,9.3769,3.2742,12.6512,0.5135,24.6373,0.3494,0.1153
1994,39.1508,0.593,43.07,39.53,55.48,10.7455,2.905,13.6506,0.4647,29.3738,0.411,0.1107
1995,38.7167,0.4272,7.58,39.24,61.22,10.7327,2.1168,12.8495,0.3318,38.7246,0.5796,0.1049
1996,34.8138,0.6884,4.01,61.66,87.67,8.9038,3.4033,12.3071,0.5238,23.4969,0.3362,0.1228
1997,34.0781,0.6974,64.93,55.19,71.38,8.4442,3.4133,11.8575,0.5441,21.7932,0.3104,0.1211
1998,19.1445,0.464,5.96,69.15,35.13,5.2927,2.4838,7.7765,0.358,21.7202,0.5463,0.2466
1999,43.8087,0.6945,55.34,8.01,46.18,10.79,3.4666,14.2565,0.5428,26.2667,0.3123,0.0867
2000,18.0926,0.5048,40.17,75.41,62.58,4.9834,2.4869,7.4703,0.381,19.6069,0.517,0.2132
2001,43.9061,0.3611,29.47,66.48,54.35,11.6043,1.9291,13.5334,0.2786,48.5844,0.6471,0.0148
2002,20.5668,0.3075,55.69,30.96,62.85,5.1998,1.6207,6.8205,0.2471,27.5981,0.6868,0.0199
2003,41.7847,0.5073,28.34,53.18,51.58,11.7691,2.6488,14.4179,0.3963,36.3776,0.4977,0.0971
2004,20.8053,0.346,59.71,23.51,73.47,5.3652,1.6097,6.9749,0.2659,26.2339,0.663,0.0177
2005,38.718,0.5068,49.11,27.06,66.95,10.9089,2.4568,13.3657,0.399,33.4993,0.4945,0.1067
2006,18.8024,0.5946,47.55,82.22,65.55,5.1827,2.948,8.1307,0.4653,17.4727,0.4106,0.2207
2007,44.6641,0.5592,37.24,22.74,60.68,12.4456,2.9055,15.3511,0.4407,34.8371,0.4417,0.0889
2008,18.4203,0.3311,79.08,38.17,0.78,4.5307,1.5729,6.1037,0.243,25.1213,0.692,0.0185
2009,16.3021,0.3285,6.91,34.94,23.06,4.2686,1.6378,5.9064,0.2507,23.5642,0.6822,0.0229
2010,17.8065,0.4549,21.67,15.35,8.04,4.7888,2.254,7.0428,0.343,20.5343,0.5654,0.0247
2011,27.3972,0.6926,74.55,68.45,19.1,6.8206,3.3884,10.209,0.5455,18.7135,0.3089,0.1499
2012,28.8001,0.6344,3.74,4.99,17.49,7.768,3.0937,10.8618,0.4851,22.3893,0.3852,0.1582
2013,32.8021,0.5652,84.88,45.67,46.81,9.088,2.812,11.9001,0.4442,26.7877,0.4372,0.1305
2014,33.2828,0.3849,87.16,0.45,63.74,8.8751,1.6595,10.5346,0.2857,36.8769,0.638,0.0154
2015,29.5762,0.5532,53.15,88.87,65.5,8.321,2.8868,11.2078,0.4308,26.0143,0.4541,0.1429
2016,17.085,0.6212,9.4,3.47,60.35,4.5133,3.0091,7.5224,0.4617,16.2925,0.4149,0.2168
2017,17.5243,0.3381,86.61,2.44,50.23,4.3959,1.5216,5.9175,0.2492,23.7464,0.6843,0.0168
2018,37.1479,0.3581,54.33,59.97,79.22,9.8112,1.8546,11.6658,0.2795,41.7431,0.6459,0.0147
2019,18.6124,0.6952,53.7,62.48,3.13,4.4719,3.5051,7.977,0.5496,14.5149,0.3036,0.2154
2020,29.7786,0.6756,33.53,78.63,17.28,7.4368,3.3496,10.7864,0.5385,20.0313,0.3175,0.1315
2021,25.5292,0.3781,69.32,36.14,21.91,6.8663,1.8415,8.7078,0.2998,29.0499,0.6201,0.0159
2022,27.5016,0.3318,11.91,31.56,41.23,6.949,1.4991,8.4481,0.2557,33.0367,0.6759,0.0194
2023,32.323,0.3753,21.39,7.67,18.29,8.4747,1.7789,10.2535,0.2801,36.6002,0.6449,0.0217
2024,43.053,0.382,20.88,68.75,17.09,11.5782,2.0196,13.5978,0.2912,46.7026,0.6309,0.0166
2025,38.6806,0.3986,24.84,14.62,39.58,10.4629,1.9766,12.4395,0.3105,40.0688,0.6064,0.016
2026,21.3384,0.5337,69.39,49.44,35.22,6.0176,2.6843,8.7018,0.4173,20.8545,0.4712,0.1866
2027,41.3595,0.6601,59.86,31.2,0.13,10.7718,3.4915,14.2633,0.5179,27.5416,0.3436,0.0984
2028,26.218,0.572,35.81,80.34,87.85,7.2342,2.8571,10.0913,0.4497,22.4406,0.43,0.1482
2029,18.8823,0.6376,60.82,7.04,8.05,4.768,3.1989,7.967,0.5269,15.1192,0.3324,0.2204
2030,17.5049,0.3465,44.15,42.0,88.79,4.4037,1.7472,6.1509,0.2524,24.3722,0.6801,0.0185
2031,18.5988,0.6407,18.28,45.16,73.03,4.9153,3.0737,7.989,0.4974,16.0604,0.3697,0.229
2032,24.8327,0.3397,21.93,48.88,36.88,6.382,1.6229,8.0049,0.2612,30.6515,0.6691,0.018
2033,29.0857,0.5607,29.13,18.32,16.5,8.066,2.773,10.839,0.4418,24.5319,0.4398,0.1588
2034,22.3172,0.4287,45.1,41.27,79.64,6.0189,2.2094,8.2283,0.3292,24.9927,0.5828,0.0191
2035,19.3904,0.39,16.62,28.53,70.07,5.2385,1.9699,7.2085,0.3079,23.4081,0.6096,0.0161
2036,37.6711,0.5455,24.43,28.05,31.46,10.4919,2.6682,13.1601,0.4329,30.3964,0.4514,0.1112
2037,32.3409,0.6044,19.01,51.19,9.28,8.7767,2.9638,11.7406,0.4816,24.3798,0.3897,0.1229
2038,40.8602,0.6713,65.9,82.7,46.54,10.4192,3.4056,13.8248,0.5262,26.2712,0.3333,0.0973
2039,43.9612,0.4896,24.31,5.87,38.13,12.2956,2.5741,14.8697,0.3817,38.9523,0.5162,0.0996
2040,26.0083,0.6574,68.5,25.31,38.19,6.7161,3.1982,9.9143,0.5198,19.0746,0.3412,0.1559
2041,37.9047,0.3427,36.81,17.82,11.06,9.6181,1.7001,11.3181,0.2554,44.3136,0.6762,0.0178
2042,18.1214,0.5576,5.3,77.55,11.78,5.0632,2.9074,7.9706,0.4112,19.3832,0.4789,0.2276
2043,29.7124,0.4128,68.73,16.26,33.8,8.1288,2.1265,10.2553,0.3186,32.1856,0.5964,0.0203
2044,16.7424,0.5297,60.84,23.38,85.82,4.6169,2.604,7.2209,0.4076,17.7178,0.4832,0.2236
2045,17.0218,0.3587,39.66,78.95,89.89,4.3331,1.7037,6.0368,0.2625,22.9931,0.6671,0.016
2046,40.023,0.6653,67.45,22.25,14.31,10.1936,3.355,13.5486,0.5275,25.6833,0.3314,0.1068
2047,21.6995,0.5866,10.41,25.47,61.82,5.9643,2.9505,8.9147,0.4517,19.7339,0.4276,0.1838
2048,39.838,0.3294,40.0,78.16,19.28,10.0645,1.735,11.7996,0.252,46.8252,0.6807,0.0163
2049,27.5694,0.3086,58.01,87.58,46.78,6.5377,1.4514,7.9891,0.2288,34.9228,0.7101,0.0152
2050,19.5739,0.4077,62.94,73.91,45.73,5.2813,2.0518,7.3332,0.3128,23.4407,0.6035,0.0197
2051,41.1201,0.3188,37.3,35.72,82.9,10.1712,1.7396,11.9108,0.2426,49.0893,0.6924,0.0145
2052,35.1854,0.6383,80.77,3.01,47.47,9.1722,3.2367,12.4089,0.5111,24.2808,0.3523,0.1035
2053,42.5309,0.6579,17.67,9.94,11.85,10.7611,3.421,14.182,0.5302,26.7497,0.3282,0.0928
2054,20.1039,0.5053,60.06,47.33,66.96,5.5986,2.4789,8.0775,0.3889,20.7722,0.5073,0.2061
2055,31.2249,0.4485,60.24,13.16,25.67,8.6692,2.3074,10.9765,0.3456,31.7607,0.5619,0.1335
2056,21.6389,0.6788,21.26,19.86,45.24,5.4838,3.2617,8.7456,0.5282,16.556,0.3303,0.1829
2057,40.8734,0.3388,6.24,83.12,43.08,10.5826,1.7697,12.3523,0.2657,46.4957,0.6633,0.0179
2058,18.767,0.6342,63.0,76.96,72.38,4.8527,3.1323,7.985,0.502,15.9062,0.3639,0.2281
2059,37.1727,0.695,87.89,23.3,87.82,9.0701,3.5251,12.5952,0.5525,22.7985,0.3001,0.1038
2060,18.9405,0.3926,60.06,40.38,25.73,5.0,1.9457,6.9458,0.2953,23.5248,0.6258,0.0162
2061,39.6467,0.477,61.96,68.46,73.93,11.2006,2.3781,13.5788,0.3727,36.4312,0.5276,0.1032
2062,19.674,0.6031,26.22,8.69,83.48,5.2282,2.8722,8.1004,0.4834,16.7561,0.3874,0.1895
2063,38.8308,0.4255,79.57,35.87,42.1,10.7054,2.1689,12.8743,0.3356,38.3679,0.5748,0.0999
2064,16.5734,0.3293,83.94,60.94,44.17,4.0272,1.5311,5.5583,0.2354,23.6113,0.7016,0.0196
2065,27.983,0.5839,74.48,78.47,7.73,7.6701,2.869,10.5391,0.4503,23.4034,0.4292,0.1519
2066,19.507,0.6253,34.31,78.41,46.25,5.1398,3.0761,8.216,0.4914,16.7211,0.3777,0.2009
2067,25.4762,0.5552,26.33,58.01,23.73,7.1329,2.7065,9.8394,0.4386,22.435,0.4444,0.1484
2068,47.0325,0.4166,19.18,58.71,0.76,12.8363,2.1921,15.0284,0.3086,48.6996,0.6089,0.0936
2069,40.8869,0.3838,39.75,14.86,71.72,10.9262,2.0197,12.9459,0.2981,43.4329,0.6223,0.0154
2070,16.9013,0.3829,57.04,4.63,0.76,4.4106,1.8998,6.3104,0.2665,23.6814,0.6623,0.0178
2071,28.3768,0.6233,53.67,22.57,83.72,7.5209,3.1081,10.629,0.4926,21.5761,0.3759,0.125
2072,43.3203,0.6119,66.96,23.9,85.44,11.6637,3.1514,14.8151,0.4809,30.804,0.3905,0.0894
2073,16.8053,0.6508,27.41,37.09,89.62,4.3414,3.2413,7.5827,0.5238,14.4764,0.336,0.2126
2074,36.7667,0.5141,43.59,26.27,79.09,10.3471,2.6045,12.9516,0.3997,32.4003,0.4935,0.1075
2075,25.3112,0.5688,36.2,63.88,43.17,6.9566,2.8095,9.766,0.4514,21.6345,0.4283,0.1679
2076,37.4915,0.519,28.45,49.08,83.68,10.563,2.6348,13.1978,0.4116,32.0669,0.4786,0.1011
2077,23.239,0.5316,71.3,37.17,42.99,6.5577,2.6661,9.2237,0.423,21.8031,0.4642,0.1775
2078,24.3665,0.5218,33.34,53.19,83.78,6.8644,2.635,9.4993,0.4194,22.652,0.4688,0.1561
2079,17.8632,0.4777,43.87,3.64,16.53,4.9488,2.4342,7.383,0.3718,19.8583,0.5288,0.222
2080,26.515,0.3207,13.84,68.11,31.22,6.5582,1.5192,8.0774,0.2442,33.0732,0.6905,0.0177
2081,18.1806,0.3824,20.63,25.59,86.93,4.6206,1.7473,6.3679,0.2902,21.9466,0.6314,0.0198
2082,27.9663,0.6198,31.72,64.78,19.3,7.4972,3.0017,10.4989,0.4891,21.4648,0.3803,0.1484
2083,25.9828,0.5464,40.48,78.49,48.45,7.1908,2.6698,9.8606,0.4348,22.6801,0.4491,0.1537
2084,15.8116,0.5857,46.44,54.52,55.28,4.3071,2.7404,7.0474,0.4381,16.0855,0.4447,0.2492
2085,18.086,0.6811,2.73,24.57,52.69,4.7683,3.3635,8.1317,0.5095,15.961,0.3544,0.2033
2086,43.3431,0.5856,13.96,50.66,34.33,11.8751,3.0307,14.9058,0.4648,32.0728,0.411,0.0918
2087,37.8922,0.3309,87.12,38.91,82.71,9.7652,1.6924,11.4576,0.265,43.2302,0.664,0.0152
2088,45.5692,0.6782,87.95,20.93,68.57,11.4672,3.4481,14.9153,0.5345,27.9026,0.3225,0.0909
2089,35.5775,0.5557,19.69,69.29,87.0,9.9119,2.9141,12.826,0.4406,29.1092,0.4415,0.1136
2090,20.3858,0.4437,6.43,65.64,80.76,5.5746,2.4461,8.0207,0.3538,22.6708,0.5517,0.0206
2091,45.5196,0.6706,62.37,68.98,49.77,11.7125,3.306,15.0185,0.5253,28.5882,0.3343,0.0858
2092,41.9487,0.6138,43.43,63.95,29.88,11.384,3.083,14.467,0.4783,30.2474,0.3939,0.0945
2093,28.7315,0.5996,38.54,81.99,24.98,7.8293,2.9379,10.7672,0.4694,22.9362,0.4053,0.1344
2094,22.8213,0.41,4.86,88.91,77.73,6.2728,2.2866,8.5593,0.3361,25.4636,0.574,0.0194
2095,33.1445,0.4492,15.3,87.57,28.17,9.1926,2.2071,11.3997,0.3476,32.7941,0.5595,0.1222
2096,40.604,0.4761,3.06,74.2,54.62,11.2821,2.3571,13.6393,0.3699,36.8726,0.5313,0.109
2097,36.9762,0.6665,23.06,24.59,29.74,9.2812,3.2795,12.5607,0.5358,23.4409,0.3213,0.1158
2098,29.0726,0.4153,69.17,59.86,47.94,7.9042,2.0965,10.0006,0.3223,31.0306,0.5916,0.0202
2099,33.07,0.6583,42.9,54.57,0.4,8.6254,3.1439,11.7693,0.522,22.5446,0.3387,0.1286
2100,37.1247,0.4352,60.79,11.3,67.07,10.2903,2.2009,12.4912,0.3422,36.5077,0.5664,0.11
2101,24.8556,0.4053,45.0,66.97,54.54,6.6971,1.9265,8.6235,0.3197,26.9755,0.5948,0.0182
2102,30.132,0.375,41.73,32.92,63.32,8.0217,2.0289,10.0506,0.2945,34.1221,0.6268,0.0158
2103,33.3725,0.4198,25.37,67.63,16.29,9.0801,2.0194,11.0994,0.3156,35.1673,0.6001,0.0174
2104,38.6908,0.4642,44.76,37.58,45.13,10.9062,2.3609,13.2671,0.3642,36.4277,0.5386,0.1009
2105,29.1147,0.3559,88.7,56.47,57.51,7.5892,1.8956,9.4848,0.2781,34.1034,0.6476,0.0163
2106,27.1698,0.4345,7.21,77.73,82.29,7.4384,1.9622,9.4006,0.3412,27.5537,0.5676,0.1535
2107,20.9268,0.5565,52.72,10.38,10.05,5.803,2.5316,8.3346,0.4396,18.9581,0.4428,0.2038
2108,35.5536,0.5044,63.1,68.67,40.88,10.0227,2.5435,12.5662,0.3923,32.0342,0.5029,0.1194
2109,34.8253,0.3337,16.87,82.66,13.66,8.6421,1.5676,10.2097,0.2428,42.0527,0.6922,0.0173
2110,36.5322,0.4704,20.38,46.32,53.55,10.2989,2.4859,12.7848,0.3711,34.4466,0.5297,0.1117
2111,36.5917,0.5842,62.87,37.23,41.95,10.0733,2.8988,12.9721,0.4613,28.1196,0.4153,0.1122
2112,15.7169,0.4601,27.49,89.16,56.31,4.1586,2.0251,6.1837,0.3272,18.9005,0.5856,0.0233
2113,30.2107,0.6466,40.95,78.33,4.22,7.8894,3.4212,11.3106,0.514,22.0067,0.3489,0.1377
2114,25.2753,0.4452,4.14,5.5,3.12,6.8735,2.0397,8.9132,0.3513,25.3714,0.554,0.21
2115,35.4534,0.6774,70.19,24.29,44.79,9.0465,3.3768,12.4233,0.5282,23.5204,0.3307,0.1105
2116,41.5034,0.5885,13.15,78.05,56.04,11.3276,3.1073,14.4349,0.4711,30.6408,0.403,0.0946
2117,38.131,0.598,78.29,41.88,33.93,10.4492,3.0055,13.4547,0.4693,28.6706,0.4053,0.0932
2118,18.1793,0.3409,29.92,0.31,27.29,4.3878,1.3642,5.7519,0.2361,24.3661,0.7009,0.0221
2119,36.7219,0.3677,88.48,88.01,58.5,9.7074,2.0765,11.7838,0.2804,42.0226,0.6448,0.0149
2120,36.8532,0.5205,16.1,23.79,61.7,10.291,2.7076,12.9986,0.4136,31.4258,0.4759,0.1076
2121,44.9274,0.5799,55.72,4.93,3.63,12.3663,2.9167,15.283,0.4614,33.1208,0.4151,0.0918
2122,34.4753,0.3883,87.55,42.81,77.26,9.3514,1.9552,11.3067,0.3073,36.7921,0.6106,0.0149
2123,35.02,0.6266,52.12,73.32,40.98,9.3783,3.1895,12.5678,0.492,25.5457,0.3764,0.1162
2124,40.4452,0.3797,30.88,33.39,71.84,10.925,1.993,12.918,0.3002,43.0267,0.6197,0.0158
2125,35.9573,0.5135,1.65,21.03,30.29,10.208,2.6,12.808,0.4043,31.6819,0.4877,0.1195
2126,44.3663,0.543,19.48,62.02,65.09,12.4607,2.8324,15.2931,0.428,35.7333,0.4576,0.0928
2127,18.3048,0.5249,19.61,8.1,88.23,5.0189,2.3722,7.3911,0.4127,17.9104,0.4761,0.1943
2128,44.7799,0.3988,7.28,84.11,12.01,12.1982,2.0111,14.2093,0.3107,45.7366,0.6065,0.103
2129,32.9343,0.6828,25.69,61.58,89.33,8.1649,3.3789,11.5438,0.544,21.2217,0.3106,0.1194
2130,20.7317,0.6225,6.13,66.43,2.08,5.6093,3.1015,8.7108,0.4673,18.6413,0.4079,0.198
2131,45.1833,0.5737,39.78,21.47,75.86,12.4196,2.9663,15.3859,0.4509,34.1243,0.4288,0.0861
2132,18.1697,0.57,87.46,6.17,75.27,4.9581,2.744,7.7021,0.4587,16.7908,0.4188,0.2254
2133,35.1149,0.5578,58.66,19.37,8.01,9.8088,2.8994,12.7082,0.4368,29.0968,0.4466,0.1132
2134,21.7904,0.6432,30.79,24.87,33.31,5.7013,3.2047,8.9061,0.515,17.2937,0.3475,0.2015
2135,28.8311,0.5138,5.87,4.33,76.43,7.9516,2.5121,10.4638,0.398,26.2922,0.4954,0.1341
2136,15.719,0.6166,5.08,7.21,7.64,4.2711,2.7357,7.0068,0.4481,15.6384,0.432,0.2845
2137,16.3004,0.6356,63.06,69.85,45.15,4.4452,2.945,7.3902,0.4818,15.3379,0.3896,0.2321
2138,43.4709,0.6419,62.63,49.85,8.95,11.4075,3.3411,14.7485,0.5128,28.7606,0.3504,0.0986
2139,39.1181,0.5213,88.07,3.6,35.42,10.9076,2.7305,13.6381,0.407,33.5123,0.4842,0.0989
2140,20.1109,0.6492,12.56,0.3,49.84,5.085,3.2201,8.305,0.5202,15.9647,0.3411,0.2034
2141,37.989,0.6242,39.18,8.23,59.23,10.0442,3.0582,13.1024,0.4921,26.6261,0.3765,0.0988
2142,31.6178,0.6548,82.03,8.08,14.61,8.0934,3.2483,11.3417,0.5183,21.8825,0.3434,0.1278
2143,39.5994,0.6092,0.31,63.74,32.03,10.8503,2.9056,13.756,0.4764,28.8723,0.3961,0.1113
2144,23.1483,0.4918,30.91,27.08,76.39,6.4249,2.4677,8.8926,0.3812,23.3276,0.5171,0.1558
2145,33.8649,0.4357,46.73,5.47,41.87,9.3925,2.1056,11.4981,0.334,34.4223,0.5767,0.127
2146,24.8983,0.4856,64.98,18.0,80.03,6.8431,2.4455,9.2886,0.3758,24.7143,0.5239,0.1519
2147,43.1423,0.3094,31.41,23.69,27.82,10.5978,1.7414,12.3392,0.237,52.0687,0.6997,0.0148
2148,38.2068,0.3381,58.16,79.32,76.78,9.9659,1.696,11.6619,0.2646,44.0657,0.6646,0.0155
2149,25.8187,0.3948,30.41,56.42,21.7,6.9908,1.8988,8.8896,0.306,29.0545,0.6123,0.0183
2150,39.242,0.467,86.99,4.29,18.71,10.9479,2.469,13.4169,0.36,37.271,0.544,0.1055
2151,17.722,0.6328,85.48,49.77,85.88,4.5972,3.145,7.7422,0.4961,15.6054,0.3712,0.2331
2152,28.0125,0.4911,87.8,14.42,45.24,7.8068,2.4339,10.2407,0.3808,26.8925,0.5174,0.1398
2153,20.8852,0.6633,30.38,0.92,41.94,5.2383,3.2169,8.4551,0.5456,15.4976,0.3086,0.1732
2154,37.647,0.3232,80.97,14.51,60.33,9.435,1.6317,11.0668,0.2501,44.2535,0.683,0.0173
2155,19.0098,0.334,15.32,1.19,85.1,4.5435,1.376,5.9195,0.2428,24.3815,0.6861,0.0197
2156,45.8438,0.4732,68.8,80.76,67.16,12.9272,2.3986,15.3258,0.369,41.5354,0.5326,0.0863
2157,26.3361,0.3729,14.49,28.37,72.97,6.9255,1.8585,8.784,0.2825,31.0903,0.642,0.0169
2158,15.8585,0.6246,23.38,60.75,4.73,4.411,2.954,7.365,0.465,15.8387,0.4111,0.2333
2159,39.3152,0.5341,30.78,46.37,52.63,11.0613,2.6827,13.744,0.4201,32.7129,0.4676,0.1067
2160,46.3218,0.529,29.8,64.2,46.6,13.0203,2.6767,15.697,0.4137,37.9405,0.4758,0.0885
2161,35.2488,0.433,88.16,44.96,20.21,9.7438,2.2166,11.9604,0.333,35.9141,0.5779,0.1169
2162,46.6703,0.6667,71.92,18.16,75.27,11.8426,3.4268,15.2694,0.5291,28.8597,0.3299,0.0871
2163,40.6661,0.537,11.94,3.96,64.19,11.3724,2.7691,14.1415,0.422,33.5086,0.4651,0.0944
2164,33.3629,0.5887,67.91,82.62,72.32,9.1532,2.8499,12.0032,0.46,26.0921,0.4171,0.1272
2165,27.5351,0.3739,54.13,19.89,75.66,7.2217,1.8426,9.0642,0.2844,31.8758,0.6397,0.0189
2166,43.7881,0.3357,1.52,77.27,73.17,11.3075,1.9441,13.2516,0.2692,49.2254,0.6587,0.0214
2167,46.9382,0.362,78.14,58.07,74.81,12.3786,1.8974,14.2759,0.2781,51.342,0.6477,0.0162
2168,27.9491,0.5114,82.87,30.0,69.08,7.7727,2.4996,10.2723,0.3959,25.9447,0.4984,0.1373
2169,46.8527,0.6062,5.36,59.97,65.27,12.7401,3.18,15.9202,0.4747,33.5392,0.3985,0.0851
2170,25.5622,0.6794,50.06,32.78,58.9,6.4353,3.2892,9.7244,0.5373,18.0995,0.3189,0.149
2171,19.7936,0.5474,47.46,66.8,28.75,5.5174,2.6687,8.186,0.4116,19.8902,0.4785,0.1951
2172,28.1289,0.6261,84.51,72.75,4.8,7.5182,3.112,10.6302,0.4852,21.9069,0.3852,0.151
2173,30.3612,0.3412,82.07,4.77,77.77,7.8625,1.7783,9.6408,0.2613,36.8917,0.6688,0.0182
2174,25.0538,0.4094,7.35,2.03,36.07,6.7713,2.0095,8.7807,0.3309,26.5373,0.5804,0.0191
2175,18.4714,0.4263,30.04,0.76,69.48,5.0986,1.9649,7.0635,0.337,20.9611,0.5729,0.0215
2176,18.4889,0.4472,54.77,13.92,57.32,5.0349,2.2024,7.2373,0.3468,20.8714,0.5605,0.0237
2177,36.4169,0.5354,8.23,30.67,37.44,10.1782,2.7305,12.9087,0.4223,30.5704,0.465,0.1261
2178,18.3166,0.3948,31.6,72.7,45.44,4.884,1.8887,6.7727,0.3036,22.3051,0.6151,0.0176
2179,30.8566,0.6858,84.6,2.73,41.81,7.4417,3.4572,10.8989,0.5528,19.7148,0.2998,0.1395
2180,40.5519,0.6309,58.27,71.88,61.07,10.8463,3.1908,14.0371,0.4968,28.2525,0.3701,0.1028
2181,28.8837,0.3812,79.26,53.89,77.27,7.7721,1.9847,9.7568,0.2963,32.926,0.6244,0.0153
2182,32.2225,0.3115,55.45,24.91,37.32,7.9745,1.6161,9.5906,0.2434,39.4,0.6914,0.0176
2183,33.927,0.5045,27.01,0.17,11.64,9.5542,2.3776,11.9319,0.3871,30.8251,0.5096,0.137
2184,20.7433,0.6471,59.71,65.05,0.84,5.4849,3.0491,8.534,0.5014,17.0208,0.3647,0.205
2185,20.4724,0.6984,34.1,6.62,72.79,4.7229,3.4395,8.1624,0.5715,14.2833,0.276,0.1899
2186,19.1559,0.5222,70.05,73.91,22.11,5.3395,2.5509,7.8904,0.3895,20.2575,0.5063,0.1799
2187,45.0521,0.6377,67.3,82.34,5.66,11.7801,3.1237,14.9038,0.5097,29.2375,0.3541,0.093
2188,16.3663,0.3971,88.32,72.69,32.05,4.3199,1.73,6.0499,0.281,21.5315,0.6439,0.0175
2189,26.8328,0.3713,53.17,26.9,1.29,7.1118,1.547,8.6587,0.2778,31.1634,0.6478,0.0177
2190,46.7745,0.302,29.7,0.47,5.07,10.3755,1.1915,11.567,0.1918,60.3109,0.7569,0.0169
2191,46.4574,0.6045,42.01,87.88,50.5,12.614,3.0118,15.6258,0.4725,33.0674,0.4012,0.0861
2192,33.1142,0.3807,14.68,38.31,46.92,8.9152,1.9563,10.8716,0.2946,36.8993,0.6265,0.0176
2193,45.3119,0.4282,26.04,68.36,10.36,12.5002,2.1192,14.6194,0.3256,44.9026,0.5873,0.0905
2194,39.7239,0.658,75.01,18.93,85.79,10.1509,3.2381,13.3889,0.5197,25.7607,0.3414,0.1012
2195,39.3807,0.3156,87.54,63.79,69.88,9.8652,1.6111,11.4763,0.2413,47.5671,0.6942,0.0151
2196,22.1254,0.6578,19.92,67.49,36.82,5.6673,3.2782,8.9455,0.5188,17.2438,0.3425,0.1793
2197,27.0169,0.6049,87.03,54.49,46.77,7.3055,2.8549,10.1604,0.4702,21.6097,0.4041,0.1415
2198,21.1507,0.516,35.81,17.33,58.97,5.9306,2.4973,8.4279,0.4062,20.748,0.4852,0.1804
2199,32.8709,0.5147,34.11,2.87,14.52,9.2351,2.4399,11.675,0.4046,28.8584,0.4872,0.1371
2200,16.1684,0.6641,36.26,11.31,11.71,4.0391,3.3816,7.4206,0.5324,13.9368,0.3253,0.2605
2201,30.9343,0.5391,5.48,5.05,87.33,8.3692,2.6423,11.0115,0.4134,26.6389,0.4762,0.1245
2202,16.7856,0.3462,88.19,82.11,47.73,4.0759,1.6586,5.7345,0.2439,23.5122,0.6909,0.0163
2203,20.0396,0.6596,87.82,56.1,76.47,5.1148,3.2422,8.3569,0.5197,16.08,0.3415,0.1901
2204,21.8822,0.4594,21.71,59.12,7.27,5.9953,2.0998,8.0951,0.3355,24.1264,0.5748,0.2073
2205,21.2124,0.3902,14.07,88.74,8.32,5.6525,1.7097,7.3623,0.2935,25.0838,0.628,0.017
2206,35.5275,0.4931,48.54,16.98,24.83,10.0092,2.5094,12.5186,0.3837,32.6298,0.5139,0.1117
2207,16.5326,0.6591,19.12,55.17,59.45,4.4138,3.2291,7.6429,0.5023,15.216,0.3634,0.237
2208,39.9199,0.6258,59.0,85.67,3.28,10.5899,3.0547,13.6446,0.496,27.5086,0.3716,0.1093
2209,33.2629,0.3088,28.32,80.35,74.39,8.1345,1.5383,9.6728,0.2367,40.8646,0.7,0.0152
2210,27.6323,0.354,71.74,63.28,60.3,7.1383,1.7407,8.879,0.276,32.1669,0.6502,0.0162
2211,38.5478,0.3739,25.76,71.95,88.27,10.2807,1.8654,12.1462,0.2889,42.0394,0.6339,0.017
2212,35.2192,0.5773,72.89,81.51,25.1,9.742,2.8716,12.6135,0.4489,28.0971,0.4311,0.1053
2213,46.4769,0.5179,45.82,3.23,88.12,13.129,2.6171,15.7462,0.402,39.1681,0.4904,0.0764
2214,41.4034,0.3992,29.55,61.56,58.43,11.2022,2.1026,13.3048,0.3057,43.5249,0.6126,0.015
2215,20.8669,0.3279,17.53,61.18,48.22,5.2428,1.4441,6.6869,0.2506,26.684,0.6824,0.0176
2216,17.498,0.3809,67.31,86.74,24.12,4.5287,1.8422,6.3709,0.2783,22.8881,0.6473,0.02
2217,27.4109,0.4545,66.55,59.92,39.99,7.5886,2.2338,9.8223,0.3526,27.8573,0.5531,0.1388
2218,35.0139,0.4292,10.09,10.03,66.25,9.5946,2.1887,11.7833,0.3373,34.9358,0.5728,0.1135
2219,46.8264,0.4861,88.67,44.54,13.74,13.2039,2.513,15.717,0.3774,41.65,0.5219,0.0848
2220,40.7702,0.512,1.88,87.81,71.48,11.3803,2.5073,13.8875,0.3959,35.0827,0.4982,0.1068
2221,27.2183,0.57,48.18,74.19,3.13,7.5985,2.6613,10.2598,0.4399,23.3246,0.4424,0.1496
2222,24.7771,0.4387,6.37,11.12,87.75,6.6766,2.1243,8.8009,0.3558,24.7362,0.5491,0.1793
2223,40.4899,0.3146,40.88,49.05,78.95,10.1107,1.6295,11.7403,0.2422,48.4803,0.6932,0.0143
2224,34.4816,0.6169,84.46,60.12,76.83,9.2809,3.0758,12.3568,0.484,25.5321,0.3865,0.1134
2225,35.903,0.6229,3.72,0.89,72.89,9.4633,3.1612,12.6245,0.4796,26.3215,0.3924,0.1124
2226,39.9738,0.5135,37.38,67.63,23.8,11.2301,2.5649,13.7951,0.4009,34.4072,0.492,0.1013
2227,30.4988,0.4539,58.28,83.42,79.34,8.6007,2.4104,11.0111,0.3601,30.5807,0.5439,0.1363
2228,20.2369,0.5588,76.09,24.1,17.29,5.6096,2.7116,8.3211,0.4437,18.7537,0.4378,0.1896
2229,23.4516,0.3458,14.82,0.33,67.23,5.6794,1.5484,7.2278,0.2425,29.8039,0.6926,0.0167
2230,37.5503,0.3688,67.67,67.54,8.98,9.8731,1.9463,11.8194,0.2804,42.1553,0.6447,0.017
2231,41.2641,0.4676,8.57,48.27,83.1,11.5858,2.5185,14.1043,0.3637,38.7748,0.5391,0.0979
2232,42.0167,0.5259,66.22,81.54,77.77,11.8358,2.7422,14.5779,0.4144,35.1816,0.475,0.0931
2233,35.575,0.6394,41.19,53.08,23.94,9.3484,3.216,12.5644,0.5067,24.7962,0.358,0.1174
2234,24.4751,0.5953,0.63,85.48,6.24,6.7152,3.0669,9.782,0.471,20.7682,0.4026,0.1759
2235,21.4053,0.68,48.65,82.42,12.72,5.5011,3.233,8.7341,0.5284,16.5277,0.3307,0.1831
2236,46.8592,0.5287,69.95,34.7,61.93,13.1411,2.7049,15.846,0.4124,38.4253,0.4775,0.0841
2237,42.1749,0.4908,13.33,12.27,82.12,11.7788,2.5718,14.3505,0.3825,37.5192,0.5151,0.0958
2238,38.0882,0.4535,65.92,35.13,6.58,10.6438,2.2887,12.9325,0.352,36.7415,0.554,0.1047
2239,40.0415,0.4035,21.34,82.26,61.04,10.8455,2.0048,12.8503,0.3078,41.743,0.6098,0.0169
2240,20.3044,0.5753,60.12,12.93,72.81,5.6645,2.7236,8.3881,0.4506,18.6169,0.4291,0.1955
2241,45.2938,0.5755,15.88,75.12,75.97,12.5121,2.9493,15.4614,0.4584,33.7318,0.4193,0.0891
2242,24.5494,0.4693,36.39,15.78,52.96,6.7738,2.3453,9.1191,0.3742,24.3674,0.5256,0.1719
2243,37.9443,0.6793,80.98,35.71,1.54,9.4813,3.5155,12.9967,0.5398,24.0788,0.3163,0.0993
2244,19.8526,0.335,32.28,16.14,31.78,4.9165,1.4884,6.4049,0.2484,25.7874,0.6849,0.0215
2245,38.3346,0.3967,73.09,75.74,23.27,10.2804,1.9847,12.2651,0.304,40.3435,0.6147,0.0159
2246,20.0845,0.3705,10.09,55.25,67.43,5.3125,2.0084,7.3209,0.292,25.0719,0.6299,0.0181
2247,21.1291,0.659,80.43,0.27,38.89,5.2849,3.119,8.404,0.5249,16.0119,0.3353,0.1969
2248,18.5296,0.4524,44.43,11.45,3.87,5.1889,2.2735,7.4624,0.3544,21.0573,0.5507,0.0244
2249,20.994,0.493,89.16,1.29,12.92,5.7223,2.0362,7.7585,0.3692,21.0159,0.5324,0.1862
2250,36.5164,0.3433,53.64,78.72,57.82,9.4097,1.7519,11.1616,0.265,42.1165,0.6642,0.0155
2251,40.693,0.5227,69.05,87.93,6.36,11.3826,2.6212,14.0038,0.4047,34.6003,0.4871,0.0937
2252,20.468,0.3078,24.16,72.95,23.97,4.8888,1.4389,6.3278,0.2257,28.036,0.7138,0.0179
2253,31.4143,0.4525,44.57,62.02,27.86,8.7532,2.2562,11.0094,0.35,31.457,0.5567,0.1357
2254,44.5169,0.3181,49.23,5.99,68.47,11.1859,1.6515,12.8373,0.249,51.5569,0.6843,0.0167
2255,32.7757,0.6788,36.81,43.91,69.92,8.2396,3.3271,11.5667,0.533,21.7009,0.3246,0.1223
2256,23.2567,0.5694,50.72,43.21,27.14,6.4649,2.8404,9.3053,0.4444,20.9402,0.4368,0.1502
2257,33.4266,0.3846,36.15,37.36,36.75,8.9023,1.9723,10.8747,0.2933,37.0816,0.6284,0.016
2258,37.3511,0.6527,34.55,86.68,78.83,9.7241,3.3241,13.0482,0.5192,25.1303,0.3422,0.1089
2259,23.1182,0.6116,64.77,10.85,1.46,6.2701,3.1342,9.4042,0.4775,19.6964,0.395,0.1768
2260,31.7847,0.31,16.62,61.91,64.77,7.7126,1.4456,9.1582,0.2301,39.801,0.7084,0.0163
2261,40.922,0.6396,21.35,28.2,43.96,10.8537,3.2069,14.0605,0.4992,28.1643,0.3675,0.0975
2262,28.0544,0.5818,60.13,63.52,54.4,7.7769,2.8486,10.6255,0.4478,23.7287,0.4325,0.1399
2263,16.2637,0.4925,14.02,78.48,22.19,4.4636,2.2097,6.6733,0.354,18.8488,0.5512,0.2697
2264,36.8283,0.5712,38.7,8.05,48.95,10.1457,2.92,13.0656,0.4519,28.9147,0.4274,0.1148
2265,16.6584,0.6417,79.68,76.17,67.82,4.5232,3.0273,7.5506,0.4862,15.5308,0.3839,0.254
2266,45.7449,0.5296,88.62,5.56,84.43,12.7906,2.6604,15.4511,0.4151,37.2199,0.4741,0.074
2267,26.765,0.5565,14.73,22.54,86.48,7.4184,2.7594,10.1778,0.44,23.1324,0.4425,0.1568
2268,42.5728,0.5339,70.45,17.74,74.7,11.8622,2.7978,14.66,0.4219,34.7497,0.4654,0.0977
2269,32.7506,0.6678,13.85,75.88,3.98,8.2447,3.2211,11.4659,0.5322,21.5446,0.3259,0.1284
2270,25.0816,0.4025,74.89,44.41,72.08,6.932,2.0399,8.9718,0.3293,27.2441,0.5828,0.0164
2271,25.1848,0.434,48.26,79.62,89.54,6.9309,2.1332,9.0641,0.33,27.465,0.5817,0.0174
2272,39.9623,0.5753,28.08,53.28,76.39,11.0582,2.8211,13.8793,0.4528,30.6488,0.4265,0.104
2273,34.1647,0.4708,9.38,71.34,80.11,9.6072,2.3322,11.9393,0.3677,32.4718,0.5341,0.1362
2274,30.4494,0.3935,72.45,52.82,68.39,8.2446,2.1428,10.3874,0.3063,33.9119,0.6118,0.0161
2275,19.825,0.3626,62.14,11.92,26.52,5.0378,1.5634,6.6012,0.2687,24.5702,0.6593,0.0162
2276,35.1487,0.5184,41.03,62.4,22.01,9.9767,2.6985,12.6752,0.4099,30.9195,0.4806,0.12
2277,15.86,0.569,16.36,71.8,35.09,4.4638,2.537,7.0007,0.4215,16.6084,0.4658,0.2735
2278,33.5761,0.5985,65.56,2.11,84.52,9.1582,2.8847,12.043,0.4776,25.2173,0.3947,0.1284
2279,18.4005,0.4461,20.77,7.95,87.23,4.962,1.8932,6.8552,0.3411,20.0996,0.5664,0.0223
2280,42.8524,0.4811,62.09,26.57,40.83,12.0802,2.6,14.6802,0.3756,39.0885,0.5241,0.0981
2281,41.1944,0.607,61.4,41.7,70.53,11.2343,3.1237,14.358,0.4753,30.2054,0.3976,0.1021
2282,19.8743,0.3113,2.21,56.84,60.65,4.9479,1.8434,6.7913,0.2474,27.4523,0.6865,0.0226
2283,29.9866,0.4363,10.61,86.34,41.45,8.2242,2.2949,10.5191,0.3391,31.0251,0.5704,0.1439
2284,29.8258,0.6685,55.36,19.24,4.1,7.6746,3.5009,11.1755,0.527,21.2068,0.3324,0.1215
2285,21.6007,0.4456,22.09,17.63,5.2,5.8139,1.8878,7.7016,0.3245,23.733,0.5887,0.0207
2286,39.8129,0.3294,4.89,13.73,22.49,10.2488,1.6487,11.8975,0.2613,45.525,0.6687,0.0175
2287,45.1261,0.5805,5.85,26.14,35.8,12.518,3.1147,15.6327,0.4535,34.4714,0.4252,0.1006
2288,40.0051,0.4275,76.26,89.21,42.99,11.0488,2.2271,13.2759,0.3301,40.2238,0.5818,0.1034
2289,40.5308,0.6178,37.95,78.76,84.47,10.8671,3.0939,13.9609,0.4877,28.6278,0.3822,0.099
2290,23.7503,0.5829,25.97,11.0,35.39,6.5756,2.856,9.4316,0.4578,20.6006,0.4196,0.1685
2291,41.3428,0.4876,70.01,18.94,4.09,11.6439,2.5917,14.2356,0.3755,37.9145,0.5242,0.0982
2292,27.2631,0.4048,47.25,55.11,67.88,7.3684,1.9582,9.3266,0.317,29.4253,0.5984,0.0177
2293,38.4765,0.3928,41.58,57.16,2.26,10.5301,1.8681,12.3982,0.2999,41.3411,0.6201,0.019
2294,46.8056,0.678,44.23,10.92,80.09,11.7743,3.4152,15.1895,0.5327,28.5167,0.3251,0.079
2295,32.0077,0.3022,71.23,12.15,51.9,7.8301,1.4933,9.3234,0.2409,38.6974,0.6945,0.0166
2296,28.5063,0.3879,52.31,81.92,6.83,7.5635,1.9265,9.49,0.2881,32.9353,0.6349,0.0164
2297,37.8024,0.3217,65.1,81.85,74.12,9.4605,1.692,11.1525,0.2451,45.5064,0.6894,0.0146
2298,26.234,0.6363,9.65,40.74,45.57,6.9674,2.9681,9.9355,0.4928,20.1606,0.3757,0.1571
2299,27.4534,0.652,16.74,70.96,19.06,7.1574,3.2682,10.4256,0.5176,20.1421,0.3444,0.1612
2300,33.8423,0.482,89.32,8.36,36.09,9.4366,2.3095,11.746,0.3768,31.1708,0.5226,0.1143
2301,20.2947,0.3949,25.41,3.4,45.37,5.3605,1.6311,6.9917,0.2865,24.4049,0.6366,0.0186
2302,41.3571,0.513,88.29,56.88,70.47,11.6286,2.6509,14.2795,0.4024,35.4838,0.4902,0.1032
2303,45.8345,0.4051,2.82,62.49,88.27,12.4742,2.3055,14.7797,0.3259,45.3508,0.5868,0.0997
2304,43.9499,0.4263,28.61,42.15,35.96,12.179,2.2587,14.4377,0.3298,43.7714,0.5819,0.0913
2305,45.2099,0.4163,43.72,49.16,22.91,12.4324,2.1264,14.5587,0.323,45.0723,0.5907,0.0925
2306,39.054,0.4655,60.56,27.44,43.88,10.973,2.3583,13.3314,0.3626,36.765,0.5405,0.1129
2307,36.3228,0.5488,13.02,66.11,5.56,10.1672,2.9783,13.1456,0.4299,30.5783,0.4551,0.1201
2308,40.2489,0.4225,66.29,80.89,3.32,11.0035,2.0779,13.0814,0.3158,41.4182,0.5998,0.0997
2309,41.9545,0.6828,13.61,64.35,29.95,10.3938,3.4466,13.8404,0.5444,25.422,0.3101,0.1001
2310,39.3659,0.4228,84.99,30.52,68.33,10.7939,2.054,12.8479,0.3308,38.838,0.5807,0.0991
2311,40.168,0.3253,31.36,4.25,3.11,9.6849,1.5192,11.2041,0.2223,50.4053,0.7184,0.0171
2312,23.9508,0.51,85.34,49.13,63.01,6.6368,2.579,9.2158,0.4037,22.8282,0.4884,0.1685
2313,26.8889,0.4467,85.63,11.45,77.49,7.3249,2.2977,9.6226,0.3499,27.5019,0.5566,0.1552
2314,16.8901,0.3456,63.13,11.25,55.7,4.1617,1.6753,5.837,0.2597,22.4755,0.6707,0.0226
2315,24.6801,0.6504,43.6,63.72,83.94,6.4365,3.2598,9.6963,0.5159,18.7963,0.3467,0.1671
2316,37.7827,0.6243,11.66,69.69,80.45,10.0764,3.1798,13.2563,0.4953,26.7629,0.3726,0.1142
2317,17.3446,0.6899,78.16,55.33,46.31,4.4641,3.4131,7.8772,0.5319,14.8082,0.326,0.2398
2318,32.3956,0.6518,68.81,53.94,85.65,8.4181,3.2047,11.6228,0.5108,22.7547,0.3529,0.1178
2319,35.0386,0.5298,76.79,6.94,60.48,9.753,2.6883,12.4413,0.4177,29.7883,0.4707,0.1276
2320,36.6863,0.523,68.4,36.04,75.37,10.2855,2.6687,12.9541,0.4126,31.3962,0.4774,0.117
2321,22.1456,0.4984,55.58,68.29,71.48,6.2362,2.4595,8.6957,0.3866,22.4944,0.5102,0.1913
2322,41.4252,0.5282,4.09,79.55,14.53,11.6783,2.6605,14.3388,0.4088,35.0746,0.4817,0.1143
2323,22.4317,0.6465,38.98,88.74,32.56,5.8706,3.2676,9.1382,0.5115,17.8659,0.3518,0.1641
2324,20.9192,0.4438,70.31,9.94,62.48,5.8125,2.0701,7.8826,0.3407,23.1346,0.5682,0.0209
2325,27.6358,0.57,47.53,5.24,36.09,7.6288,2.8014,10.4303,0.4548,22.9342,0.4238,0.1522
2326,15.8551,0.3311,78.0,33.86,82.33,4.0745,1.5674,5.6419,0.2647,21.3156,0.6643,0.0219
2327,45.2045,0.6396,84.47,46.2,6.74,11.7868,3.2095,14.9963,0.5132,29.2224,0.3498,0.0864
2328,47.0837,0.3777,80.01,69.64,9.89,12.4551,1.9842,14.4393,0.2845,50.7593,0.6395,0.0159
2329,22.466,0.3127,11.7,54.73,81.04,5.7097,1.6263,7.336,0.2494,29.4153,0.6838,0.0186
2330,44.1562,0.6346,67.98,48.13,45.41,11.6467,3.2725,14.9192,0.503,29.6628,0.3627,0.0995
2331,29.192,0.5005,58.6,27.3,0.71,8.2053,2.6077,10.813,0.3808,28.395,0.5176,0.1505
2332,44.8742,0.3609,85.48,60.86,8.56,11.7064,1.7778,13.4843,0.2736,49.2849,0.6532,0.0161
2333,28.6739,0.5044,75.4,55.64,15.05,8.0621,2.5766,10.6387,0.3889,27.3591,0.5072,0.1399
2334,46.7773,0.658,19.68,33.55,27.12,11.9759,3.3737,15.3496,0.5233,29.3324,0.3369,0.0882
2335,24.0744,0.5127,79.3,84.78,5.4,6.7008,2.7053,9.4061,0.393,23.9347,0.5023,0.1646
2336,31.5193,0.5786,12.33,0.56,24.63,8.6599,2.8034,11.4633,0.4711,24.3312,0.4028,0.1489
2337,42.5197,0.5103,6.7,7.12,75.97,11.6947,2.6467,14.3414,0.3957,36.2431,0.4982,0.1031
2338,46.5101,0.5659,85.25,74.67,21.56,12.8753,2.9166,15.792,0.4439,35.5768,0.4375,0.0851
2339,21.6313,0.3974,32.2,10.92,51.82,5.8324,1.9816,7.8139,0.3026,25.8266,0.6163,0.0238
2340,46.3945,0.6971,78.52,74.7,33.79,11.315,3.5343,14.8493,0.5534,26.8332,0.2988,0.0861
2341,24.6696,0.5933,51.92,26.32,21.52,6.7098,2.917,9.6268,0.4671,20.6079,0.4079,0.1713
2342,31.211,0.6862,66.47,36.55,79.19,7.7901,3.418,11.2081,0.5394,20.7778,0.3167,0.1318
2343,18.4403,0.4126,58.52,77.26,70.71,5.002,2.1418,7.1438,0.3138,22.765,0.6022,0.0179
2344,26.3359,0.6999,12.33,34.0,73.39,6.5244,3.3828,9.9072,0.5525,17.9322,0.2998,0.1457
2345,23.155,0.5387,63.29,44.7,39.23,6.558,2.743,9.3009,0.4248,21.8927,0.4616,0.1708
2346,40.7559,0.6157,75.9,11.32,73.88,10.8767,3.1478,14.0244,0.4843,28.9597,0.3865,0.0994
2347,18.0664,0.5081,42.05,6.14,20.58,5.0529,2.5817,7.6346,0.4075,18.7352,0.4835,0.2447
2348,35.9878,0.3837,55.38,18.32,10.27,9.5605,2.0367,11.5972,0.2893,40.0902,0.6333,0.0151
2349,38.9157,0.4703,34.39,38.76,24.24,10.9714,2.2915,13.2629,0.3642,36.4132,0.5384,0.1048
2350,45.2146,0.6837,62.77,4.99,40.34,11.2308,3.439,14.6698,0.5406,27.1384,0.315,0.0948
2351,46.6392,0.3072,64.87,26.7,28.21,11.5082,1.6525,13.1607,0.2388,55.1083,0.6974,0.0155
2352,43.062,0.6005,83.93,58.55,15.32,11.665,3.1063,14.7713,0.4767,30.986,0.3961,0.0945
2353,32.8451,0.6917,28.98,86.76,3.84,7.9417,3.3893,11.331,0.5554,20.403,0.2961,0.1324
2354,42.1419,0.6001,44.93,83.03,62.09,11.506,3.0971,14.6031,0.4694,31.1115,0.4053,0.0961
2355,36.6772,0.3028,80.32,0.88,46.11,8.5592,1.4244,9.9836,0.2136,46.7332,0.7292,0.014
2356,29.0693,0.3508,32.34,86.86,46.77,7.4593,1.7442,9.2035,0.2641,34.844,0.6651,0.0175
2357,42.4781,0.4134,89.25,0.64,5.76,11.4989,2.2498,13.7487,0.3092,44.4722,0.6084,0.0159
2358,44.8132,0.5261,53.33,50.9,0.51,12.7755,2.5966,15.3721,0.4149,37.0493,0.4743,0.0943
2359,41.2071,0.4487,13.36,34.89,43.7,11.573,2.3723,13.9454,0.3494,39.9117,0.557,0.1028
2360,46.9433,0.5765,88.48,30.19,57.71,12.9121,2.9471,15.8592,0.4521,35.0759,0.427,0.083
2361,25.1934,0.4397,77.52,79.91,14.2,6.8997,2.1795,9.0792,0.337,26.9433,0.573,0.0202
2362,32.1362,0.536,68.42,24.8,31.99,9.0192,2.7882,11.8074,0.4192,28.1631,0.469,0.1312
2363,33.7707,0.6043,41.51,4.0,8.65,9.0623,2.9186,11.9808,0.4872,24.5928,0.3825,0.1233
2364,24.4198,0.5352,47.58,25.95,19.53,6.8189,2.6111,9.4301,0.4202,22.4444,0.4676,0.17
2365,21.3209,0.5504,77.68,58.27,9.28,5.912,2.6204,8.5324,0.4196,20.3365,0.4685,0.185
2366,31.4933,0.6571,82.11,6.4,36.5,7.9924,3.1932,11.1857,0.5216,21.4454,0.3388,0.1343
2367,20.1228,0.5236,69.7,79.67,45.85,5.5946,2.5886,8.1833,0.4082,20.0469,0.4827,0.1898
2368,22.8384,0.3427,59.43,15.04,15.16,5.6849,1.6287,7.3136,0.2499,29.2622,0.6832,0.0171
2369,32.8942,0.6704,30.51,59.73,73.37,8.41,3.2828,11.6928,0.5286,22.1191,0.3303,0.1258
2370,46.8331,0.4943,8.17,6.11,62.86,13.0618,2.5732,15.635,0.3843,40.6855,0.5131,0.0902
2371,33.8773,0.4987,35.74,6.99,62.36,9.4664,2.4589,11.9253,0.3887,30.6784,0.5075,0.1151
2372,39.916,0.4478,44.27,66.87,57.99,11.1385,2.2274,13.3659,0.3454,38.6981,0.5623,0.1039
2373,18.5635,0.5838,63.37,12.15,59.69,5.0469,2.8656,7.9125,0.4581,17.2724,0.4197,0.2196
2374,41.3211,0.5045,40.47,16.29,75.8,11.5812,2.6012,14.1824,0.3955,35.8604,0.4989,0.0977
2375,20.2522,0.638,88.3,15.6,35.65,5.285,3.0257,8.3107,0.4972,16.7167,0.37,0.2129
2376,29.9825,0.5938,62.61,86.72,82.41,8.2471,2.9364,11.1835,0.4663,23.9856,0.4095,0.1328
2377,23.4398,0.4022,26.13,88.95,49.52,6.2713,2.027,8.2983,0.3006,27.6093,0.619,0.0179
2378,17.8051,0.6645,83.82,10.26,12.67,4.5178,3.3212,7.839,0.5291,14.8153,0.3294,0.2487
2379,17.3762,0.3673,26.5,58.23,31.85,4.4845,1.7157,6.2001,0.2669,23.2343,0.6616,0.0212
2380,29.9405,0.4178,41.67,37.6,19.92,8.1495,2.1422,10.2917,0.3198,32.1781,0.5946,0.0168
2381,26.3147,0.4337,46.33,24.12,1.29,7.3558,1.7871,9.1429,0.3376,27.0801,0.572,0.02
2382,23.3144,0.5332,65.84,21.39,68.74,6.5562,2.6652,9.2214,0.4134,22.3067,0.476,0.1731
2383,21.156,0.5464,38.91,49.73,20.27,5.9107,2.711,8.6218,0.425,20.2846,0.4615,0.1954
2384,33.6558,0.6523,86.2,66.58,6.76,8.6617,3.2178,11.8795,0.5159,23.0287,0.3463,0.1092
2385,40.7313,0.6475,32.71,49.77,53.29,10.7023,3.2357,13.938,0.5071,27.4839,0.3576,0.1045
2386,17.1422,0.6438,89.26,21.82,28.75,4.5215,3.1387,7.6603,0.5008,15.2969,0.3654,0.2289
2387,19.3638,0.6179,39.61,21.76,5.94,5.0162,3.0729,8.0891,0.4969,16.2779,0.3702,0.2247
2388,46.1725,0.6831,37.79,47.55,87.38,11.4662,3.476,14.9422,0.5422,27.5606,0.3128,0.0813
2389,38.3618,0.6478,87.48,21.05,50.39,9.919,3.2109,13.1299,0.5108,25.7027,0.3529,0.0984
2390,27.4736,0.5661,41.41,1.07,66.61,7.5476,2.9021,10.4497,0.4528,23.0785,0.4265,0.1518
2391,33.8198,0.6244,78.32,25.29,69.48,8.9996,3.1033,12.1029,0.49,24.7021,0.3794,0.1202
2392,37.2363,0.3876,44.93,39.46,52.09,10.0703,2.0661,12.1364,0.3035,39.9894,0.6154,0.0158
2393,20.4355,0.5449,40.14,40.04,65.49,5.6456,2.6937,8.3392,0.4316,19.3229,0.4532,0.2059
2394,46.3002,0.5245,49.03,47.05,67.33,13.0489,2.6545,15.7034,0.4134,37.9819,0.4761,0.0903
2395,19.0243,0.6641,34.61,0.49,4.37,4.5348,3.3888,7.9236,0.5674,13.9648,0.2811,0.224
2396,23.4732,0.6613,34.55,26.93,62.36,5.9674,3.3973,9.3646,0.5319,17.6061,0.3261,0.1629
2397,36.7782,0.3086,76.63,75.51,60.49,8.8352,1.5444,10.3796,0.231,44.9341,0.7073,0.0169
2398,21.853,0.5568,19.62,5.84,8.7,6.1064,2.5679,8.6743,0.4254,20.389,0.4608,0.2245
2399,41.1322,0.3193,78.16,4.4,66.07,10.1098,1.6759,11.7856,0.238,49.5205,0.6984,0.018
2400,34.558,0.6161,57.61,21.17,58.58,9.2939,3.0877,12.3816,0.4832,25.6239,0.3879,0.1114
2401,38.4644,0.584,37.02,38.08,54.88,10.6717,2.8816,13.5533,0.4618,29.3471,0.4149,0.1125
2402,46.6683,0.5352,45.95,66.78,15.97,13.1898,2.7355,15.9253,0.42,37.9186,0.4679,0.0862
2403,18.3606,0.442,40.04,65.89,24.25,4.9617,2.1396,7.1013,0.3272,21.705,0.5853,0.0208
2404,29.134,0.3961,3.81,52.98,52.98,7.9194,2.0377,9.9571,0.3139,31.7163,0.6021,0.0179
2405,40.4881,0.6155,59.59,25.17,84.45,10.8064,3.0585,13.8649,0.4865,28.499,0.3835,0.099
2406,22.706,0.5136,23.73,45.26,24.69,6.4311,2.5211,8.9522,0.3976,22.5142,0.496,0.1695
2407,30.4451,0.3881,4.45,73.07,87.69,8.0938,2.0191,10.1129,0.3115,32.4698,0.6052,0.0181
2408,23.6828,0.3201,37.46,65.61,27.68,5.7809,1.6274,7.4083,0.2369,31.2728,0.6998,0.0163
2409,36.8023,0.5377,72.31,70.07,55.61,10.3306,2.7678,13.0984,0.42,31.1838,0.4677,0.103
2410,24.5554,0.6081,10.89,59.0,35.07,6.5174,2.956,9.4734,0.4811,19.6898,0.3903,0.1623
2411,19.1319,0.6132,44.41,37.62,25.33,5.1424,3.0446,8.187,0.4872,16.8031,0.3826,0.2151
2412,18.4465,0.5798,61.57,82.91,43.18,5.0078,2.9053,7.9131,0.4578,17.2847,0.4199,0.2333
2413,39.1494,0.5233,49.3,82.86,29.28,10.9916,2.5761,13.5676,0.4104,33.0619,0.4799,0.1075
2414,32.1063,0.3527,54.63,13.43,12.46,8.2043,1.7148,9.9191,0.264,37.5698,0.6656,0.0203
2415,45.0981,0.6593,86.35,75.11,57.89,11.4948,3.2415,14.7363,0.5274,27.9396,0.3317,0.0892
2416,16.5972,0.4259,79.95,40.39,22.76,4.4887,1.9216,6.4102,0.308,20.811,0.6097,0.0195
2417,21.5206,0.5495,0.7,86.8,28.52,6.0331,2.84,8.873,0.4301,20.6312,0.455,0.1979
2418,46.1557,0.6483,25.26,80.0,16.91,11.948,3.2746,15.2225,0.5157,29.5182,0.3465,0.093
2419,23.1087,0.4887,88.29,17.03,19.08,6.5259,2.4098,8.9358,0.3746,23.8533,0.5252,0.1773
2420,33.7067,0.6146,73.11,2.53,70.73,8.994,2.9695,11.9634,0.4982,24.0126,0.3689,0.1262
2421,22.5216,0.3436,72.56,49.05,18.09,5.6879,1.7279,7.4159,0.2571,28.8433,0.6741,0.0157
2422,24.5106,0.54,33.97,39.88,29.63,6.8692,2.6586,9.5278,0.4238,22.4804,0.463,0.1598
2423,24.1918,0.3867,4.3,49.28,53.75,6.6553,1.9346,8.5899,0.325,26.4318,0.588,0.02
2424,32.1212,0.4849,53.87,48.49,10.33,9.0215,2.4439,11.4654,0.3782,30.3138,0.5208,0.134
2425,37.2341,0.3719,35.65,39.34,26.72,9.8859,1.9058,11.7917,0.286,41.2324,0.6377,0.0165
2426,29.6985,0.6371,18.22,75.63,35.31,7.8245,3.2179,11.0424,0.5052,21.8593,0.3598,0.1277
2427,17.0721,0.6985,32.87,57.6,45.51,4.2459,3.3757,7.6216,0.546,13.9586,0.308,0.2255
2428,37.3856,0.3977,34.83,59.14,62.41,10.1619,2.0717,12.2336,0.3086,39.6469,0.6089,0.0157
2429,32.9686,0.6134,11.4,17.48,70.11,8.7862,3.1197,11.9059,0.4829,24.6549,0.3881,0.1339
2430,41.0908,0.3783,44.88,21.31,26.25,10.9363,1.9169,12.8532,0.2901,44.3074,0.6325,0.0164
2431,26.2913,0.4036,66.81,66.94,29.33,7.116,1.9793,9.0952,0.3063,29.6896,0.6119,0.0167
2432,35.1504,0.5447,70.15,6.23,13.92,9.8304,2.7108,12.5412,0.4271,29.3637,0.4587,0.1216
2433,38.116,0.6726,87.4,35.34,2.93,9.5227,3.4646,12.9874,0.5347,24.2885,0.3226,0.1041
2434,33.3685,0.4512,58.06,4.37,54.1,9.2999,2.264,11.5639,0.3511,32.9322,0.5547,0.1154
2435,20.0978,0.633,77.97,71.71,6.09,5.32,3.0821,8.402,0.4949,16.9784,0.3732,0.1922
2436,37.8581,0.4693,71.57,55.0,79.05,10.6517,2.4461,13.0977,0.3686,35.5321,0.5329,0.1065
2437,20.9977,0.5831,69.72,38.63,13.62,5.773,2.8525,8.6255,0.466,18.5114,0.4098,0.216
2438,43.5949,0.638,13.28,38.19,30.22,11.4919,3.289,14.7808,0.5076,29.1186,0.3567,0.0968
2439,33.743,0.6329,6.35,57.59,2.73,9.1258,3.1252,12.251,0.4874,25.1377,0.3827,0.1398
2440,41.061,0.501,37.14,57.99,10.98,11.6274,2.5271,14.1545,0.3894,36.3464,0.5065,0.1021
2441,27.0883,0.6099,48.67,79.64,75.37,7.3816,2.9645,10.3461,0.4768,21.6967,0.3957,0.1519
2442,45.0439,0.4824,30.67,85.19,27.49,12.6417,2.4973,15.139,0.377,40.1595,0.5223,0.0879
2443,45.2513,0.6885,62.72,85.78,53.25,11.2508,3.345,14.5959,0.5429,26.8833,0.3122,0.0932
2444,18.5304,0.3089,17.28,8.7,70.55,4.4308,1.3178,5.7485,0.2309,24.8973,0.7044,0.0212
2445,28.5391,0.3799,6.44,37.39,30.53,7.674,1.8814,9.5554,0.2985,32.0164,0.6215,0.0203
2446,20.3504,0.5991,81.59,86.67,33.83,5.4304,2.9641,8.3945,0.4701,17.8569,0.4044,0.1918
2447,43.6153,0.6911,45.67,6.99,72.78,10.8216,3.4951,14.3167,0.5401,26.5065,0.3158,0.0818
2448,33.7581,0.3681,61.94,64.9,58.22,8.9218,1.8642,10.786,0.282,38.2423,0.6425,0.0178
2449,39.1376,0.5042,73.63,38.08,66.87,10.9869,2.5008,13.4877,0.3956,34.093,0.4987,0.107
2450,25.7503,0.6697,45.96,34.88,15.46,6.486,3.2231,9.7091,0.5383,18.0367,0.318,0.151
2451,16.4401,0.4876,84.55,64.81,52.32,4.6343,2.3198,6.954,0.3507,19.8273,0.5557,0.2481
2452,22.132,0.3485,9.38,78.83,85.01,5.799,1.853,7.652,0.2885,26.5219,0.6344,0.0178
2453,24.7601,0.3371,58.89,88.85,51.24,6.2528,1.7202,7.973,0.2588,30.8117,0.672,0.018
2454,30.5725,0.5029,37.39,37.96,7.42,8.6164,2.6815,11.2978,0.3866,29.2259,0.5102,0.134
2455,40.9607,0.582,65.04,43.22,5.89,11.4027,3.0017,14.4045,0.4525,31.8296,0.4265,0.103
2456,24.0554,0.3554,78.01,6.36,63.42,6.1958,1.8217,8.0175,0.2651,30.2405,0.6639,0.02
2457,30.7885,0.6732,60.01,68.23,32.62,7.8556,3.3758,11.2314,0.5272,21.3048,0.3318,0.1218
2458,42.483,0.3692,25.57,17.16,65.42,11.1525,2.0192,13.1717,0.2811,46.8506,0.6439,0.0165
2459,28.3497,0.5671,42.61,49.79,49.45,7.8422,2.8246,10.6668,0.4412,24.1783,0.441,0.1331
2460,42.3917,0.4984,32.09,70.66,87.37,11.8377,2.6615,14.4992,0.3921,36.9762,0.5033,0.094
2461,20.3486,0.5842,59.82,34.67,27.22,5.6346,2.8797,8.5143,0.4564,18.6569,0.4219,0.1973
2462,23.9967,0.3567,42.94,2.82,60.14,6.084,1.7512,7.8352,0.2554,30.6801,0.6763,0.0166
2463,21.9438,0.3747,3.77,23.28,88.54,5.7116,2.1128,7.8244,0.3121,25.0679,0.6043,0.0184
2464,35.1409,0.3938,17.86,35.55,51.89,9.5773,2.1203,11.6976,0.3079,37.9902,0.6096,0.0176
2465,16.699,0.3757,65.16,2.59,25.23,4.37,1.7363,6.1063,0.2716,22.4824,0.6557,0.0175
2466,34.0783,0.5461,0.04,5.08,32.6,9.6017,2.8242,12.4259,0.4326,28.7213,0.4518,0.1366
2467,27.6647,0.4258,27.73,85.09,84.7,7.5728,2.0534,9.6262,0.3257,29.5556,0.587,0.0168
2468,31.2419,0.5102,51.17,36.66,82.57,8.776,2.6022,11.3782,0.4021,28.2967,0.4906,0.1399
2469,26.8595,0.6432,48.67,78.07,34.13,7.1835,3.0906,10.2741,0.5022,20.4596,0.3639,0.1531
2470,36.8845,0.5125,77.62,4.42,9.71,10.3675,2.6697,13.0372,0.3997,32.6146,0.4933,0.1036
2471,46.8121,0.4312,45.6,64.04,78.09,12.9578,2.2394,15.1972,0.3346,45.416,0.5761,0.089
2472,43.4805,0.5329,40.01,76.1,47.83,12.1958,2.7966,14.9924,0.4224,35.4909,0.4645,0.0926
2473,25.8211,0.365,28.61,0.12,38.31,6.6544,1.7936,8.448,0.261,32.3674,0.6691,0.0169
2474,21.3426,0.4021,26.59,8.33,19.93,5.7086,1.7299,7.4386,0.2905,25.6094,0.6318,0.0182
2475,16.9377,0.4615,27.24,1.07,40.69,4.7546,2.2455,7.0001,0.363,19.2844,0.5399,0.0213
2476,25.4521,0.3456,86.16,19.27,58.95,6.6049,1.6751,8.28,0.273,30.3345,0.6542,0.0169
2477,23.8806,0.4445,78.37,78.61,72.08,6.5897,2.207,8.7967,0.3432,25.6288,0.565,0.0192
2478,44.5502,0.6381,44.25,74.16,58.18,11.7526,3.1952,14.9478,0.5051,29.5949,0.3599,0.0903
2479,31.0597,0.3652,37.79,53.25,43.15,8.2344,1.933,10.1675,0.2857,35.5859,0.638,0.0162
2480,22.6398,0.3052,71.77,3.77,5.82,5.0381,1.3502,6.3883,0.1865,34.2447,0.7636,0.023
2481,34.7002,0.3313,36.9,20.04,33.44,8.7167,1.6811,10.3978,0.2512,41.3964,0.6816,0.0157
2482,41.9113,0.5189,12.37,49.99,56.69,11.807,2.7232,14.5302,0.4052,35.8627,0.4867,0.0969
2483,37.6773,0.3295,21.95,41.53,79.83,9.6119,1.6807,11.2926,0.2546,44.3625,0.6774,0.0156
2484,44.4451,0.4505,36.07,12.76,9.81,12.3841,2.3381,14.7222,0.3495,42.1282,0.557,0.1058
2485,17.4281,0.335,78.9,65.71,81.42,4.2675,1.5682,5.8358,0.2413,24.1812,0.694,0.0181
2486,37.0525,0.5402,75.61,32.34,27.35,10.2933,2.6673,12.9606,0.4213,30.7614,0.4663,0.1111
2487,26.092,0.5474,47.46,30.16,34.72,7.3236,2.5297,9.8533,0.424,23.2362,0.4626,0.1492
2488,23.7068,0.5154,53.23,22.1,4.11,6.5968,2.7419,9.3387,0.4039,23.1235,0.4884,0.1926
2489,16.6613,0.6801,54.46,55.43,46.73,4.313,3.2127,7.5257,0.5227,14.3989,0.3377,0.2384
2490,26.7295,0.3838,50.13,62.11,61.94,7.1331,1.881,9.0142,0.3036,29.6955,0.6152,0.0179
2491,21.9458,0.6354,54.12,57.11,78.27,5.7964,3.1989,8.9952,0.5037,17.8587,0.3614,0.1974
2492,33.7671,0.414,75.67,64.57,22.94,9.1683,2.0393,11.2076,0.3184,35.204,0.5964,0.0153
2493,19.7311,0.6038,18.73,13.18,33.39,5.334,3.0046,8.3386,0.4772,17.4731,0.3954,0.242
2494,37.7163,0.5078,44.13,1.46,42.62,10.6447,2.6665,13.3113,0.3958,33.6308,0.4985,0.1095
2495,33.3056,0.4959,65.45,1.17,16.7,9.4035,2.3029,11.7064,0.3859,30.3324,0.5109,0.1312
2496,27.2378,0.3848,82.82,77.87,22.34,7.1707,1.8575,9.0283,0.2917,30.9461,0.6304,0.0166
2497,16.913,0.307,20.61,77.65,16.47,3.868,1.4495,5.3175,0.2118,25.1121,0.7315,0.0254
2498,29.5666,0.464,61.59,15.6,30.62,8.265,2.3798,10.6448,0.3569,29.8228,0.5479,0.1511
2499,38.7081,0.5026,42.02,85.88,32.46,10.8537,2.4555,13.3092,0.3967,33.5477,0.4974,0.1043
2500,39.1478,0.6882,2.72,5.95,24.6,10.1234,3.3112,13.4347,0.5267,25.5058,0.3328,0.1008
2501,23.4553,0.4094,77.08,43.09,2.13,6.4279,2.1536,8.5815,0.3096,27.72,0.6076,0.019
2502,42.1423,0.4362,0.38,4.34,1.79,11.8413,2.3878,14.229,0.3214,44.2778,0.5926,0.1133
2503,18.4685,0.3112,34.63,3.77,70.5,4.5025,1.3275,5.83,0.2242,26.009,0.716,0.0239
2504,16.5411,0.6709,29.68,13.49,30.29,4.0678,3.3114,7.3793,0.5415,13.6271,0.3138,0.2272
2505,33.905,0.5823,21.16,5.03,75.0,9.2403,2.8554,12.0957,0.462,26.1785,0.4145,0.1103
2506,34.428,0.4471,56.15,58.05,62.3,9.558,2.2582,11.8162,0.3483,33.9275,0.5585,0.1172
2507,17.756,0.5196,12.27,17.92,63.9,4.8179,2.5297,7.3476,0.3908,18.7994,0.5045,0.1909
2508,18.1267,0.3589,1.81,47.78,14.14,4.7576,1.9871,6.7448,0.263,25.6425,0.6666,0.0247
2509,16.2884,0.6146,19.97,25.44,73.39,4.4109,2.962,7.3729,0.4636,15.9044,0.4129,0.2041
2510,17.7542,0.6281,83.6,42.33,81.54,4.7319,3.1435,7.8754,0.4906,16.0529,0.3785,0.2552
2511,42.8197,0.5971,14.28,51.24,76.85,11.6501,3.0552,14.7053,0.4753,30.9364,0.3978,0.099
2512,18.9726,0.5448,23.82,44.74,89.65,5.1241,2.6881,7.8122,0.4291,18.2059,0.4561,0.1979
2513,45.7602,0.4404,34.9,1.1,6.31,12.6391,2.0541,14.6932,0.3288,44.6871,0.5835,0.0944
2514,30.2476,0.6626,29.83,86.07,41.59,7.6805,3.3353,11.0158,0.5251,20.9794,0.3348,0.1258
2515,18.3049,0.5332,81.12,48.4,80.89,5.0544,2.7087,7.763,0.4188,18.5346,0.4694,0.2403
2516,36.1274,0.6933,82.33,14.8,43.25,8.9272,3.4897,12.4169,0.543,22.8664,0.3119,0.1081
2517,43.2161,0.5057,75.42,34.34,14.19,12.205,2.7117,14.9167,0.3941,37.8498,0.5005,0.1025
2518,24.6958,0.3701,45.28,16.37,54.53,6.4902,1.872,8.3622,0.2967,28.1799,0.6237,0.0165
2519,27.7951,0.6107,15.44,9.32,9.75,7.5244,3.0458,10.5702,0.48,22.0231,0.3917,0.1636
2520,22.1449,0.5186,53.62,59.52,88.59,6.336,2.635,8.971,0.4037,22.2239,0.4885,0.1867
2521,22.7125,0.3239,7.9,74.58,66.35,5.8172,1.6977,7.5149,0.264,28.4641,0.6651,0.0181
2522,40.068,0.5156,20.02,28.21,19.27,11.3937,2.5236,13.9173,0.4033,34.5058,0.4888,0.1105
2523,31.1281,0.6603,0.49,51.41,77.25,8.124,3.3803,11.5043,0.5182,22.202,0.3432,0.1289
2524,42.2494,0.4445,57.54,56.15,41.22,11.813,2.388,14.201,0.346,41.0453,0.5617,0.0991
2525,40.9636,0.4296,9.37,53.1,73.17,11.3833,2.2578,13.6411,0.333,40.9609,0.578,0.1082
2526,27.3761,0.4425,42.98,23.32,0.99,7.5892,1.8584,9.4476,0.3337,28.3111,0.5771,0.0177
2527,46.7369,0.4254,28.51,54.09,20.04,12.9227,2.2856,15.2084,0.3294,46.1687,0.5826,0.0887
2528,23.3138,0.4708,83.97,80.64,33.47,6.45,2.4158,8.8658,0.3689,24.0358,0.5324,0.163
2529,19.7497,0.5307,18.19,32.99,7.19,5.5848,2.472,8.0569,0.4156,19.3865,0.4736,0.1974
2530,34.8227,0.6587,53.76,74.82,29.55,9.0333,3.3606,12.3939,0.5166,23.992,0.3455,0.1127
2531,43.3697,0.3421,68.37,31.91,49.23,11.2336,1.8323,13.0659,0.2673,48.877,0.6613,0.0145
2532,31.8371,0.4256,12.75,61.82,17.12,nan,nan,nan,nan,nan,nan,nan
2533,34.2399,0.4486,45.68,44.29,62.48,9.591,2.3343,11.9253,0.3561,33.4917,0.5488,0.1301
2534,29.0532,0.5941,81.76,13.76,44.56,7.9248,2.9602,10.885,0.4596,23.6818,0.4174,0.1378
2535,33.2764,0.3258,15.94,86.2,25.84,8.2635,1.5758,9.8393,0.2429,40.5058,0.6922,0.0148
2536,16.7563,0.3409,76.86,68.77,64.2,3.9488,1.6471,5.5959,0.2322,24.0998,0.7057,0.018
2537,23.8506,0.4596,77.39,73.96,10.38,6.5386,2.3659,8.9045,0.3474,25.6335,0.5596,0.1533
2538,16.6609,0.6737,77.78,26.66,61.88,4.4401,3.2758,7.716,0.5025,15.3558,0.3634,0.2247
2539,22.9884,0.3444,83.03,64.66,48.56,5.9051,1.8345,7.7396,0.2666,29.0278,0.6621,0.0174
2540,44.8687,0.4431,30.89,36.81,20.19,12.5037,2.3439,14.8476,0.3432,43.2604,0.565,0.0891
2541,34.6584,0.6424,2.63,45.84,85.85,9.2022,3.236,12.4382,0.4903,25.3706,0.3787,0.1106
2542,44.206,0.4764,89.26,11.85,85.45,12.3187,2.4717,14.7904,0.3706,39.9093,0.5304,0.0897
2543,37.895,0.66,71.81,26.32,5.26,9.7647,3.384,13.1487,0.5221,25.1843,0.3385,0.1048
2544,22.1998,0.3558,55.71,4.34,34.89,5.5788,1.5601,7.1389,0.2495,28.6099,0.6836,0.017
2545,35.2512,0.4065,71.12,59.1,2.14,9.4942,2.1834,11.6776,0.3022,38.637,0.6171,0.0197
2546,36.9108,0.5556,73.77,19.08,38.22,10.259,2.8293,13.0883,0.44,29.7432,0.4424,0.1041
2547,20.6771,0.6323,54.78,38.17,51.21,5.4784,3.0917,8.5701,0.495,17.3117,0.3726,0.1737
2548,18.7682,0.5763,83.31,8.23,77.73,5.1464,2.7523,7.8987,0.4567,17.2964,0.4215,0.196
2549,32.3362,0.4239,76.54,39.95,62.76,8.9224,2.2116,11.1341,0.3351,33.2302,0.5754,0.0173
2550,35.8416,0.3807,62.2,28.93,27.38,9.6159,1.9689,11.5848,0.2972,38.9845,0.6235,0.0166
2551,43.2373,0.4943,7.78,57.39,48.14,12.2131,2.5725,14.7856,0.3871,38.1975,0.5095,0.0968
2552,16.0318,0.5514,13.05,6.82,17.26,4.4058,2.6369,7.0428,0.4087,17.2301,0.4818,0.2686
2553,38.1474,0.5942,62.82,84.23,84.85,10.445,2.9898,13.4348,0.4666,28.793,0.4087,0.1111
2554,19.1604,0.3296,63.21,59.37,12.08,4.7519,1.6423,6.3942,0.2486,25.7224,0.6849,0.0197
2555,20.1188,0.4343,9.0,55.73,86.9,5.5406,2.3967,7.9373,0.3472,22.8583,0.56,0.0192
2556,36.1193,0.6312,17.36,54.58,64.93,9.5575,3.2725,12.83,0.5026,25.5249,0.3632,0.1089
2557,23.0087,0.6763,72.69,49.27,88.48,5.7733,3.383,9.1562,0.5367,17.0614,0.3199,0.1488
2558,33.8958,0.3315,53.28,18.49,77.28,8.5436,1.6753,10.2189,0.2534,40.3246,0.6787,0.0159
2559,23.8613,0.3252,31.04,69.96,39.93,5.877,1.6244,7.5014,0.2409,31.1421,0.6946,0.0162
2560,26.6398,0.348,89.15,39.9,33.82,6.9332,1.6748,8.608,0.2745,31.3547,0.6521,0.017
2561,24.7461,0.5058,63.74,42.51,82.63,6.8853,2.4396,9.3249,0.4,23.3111,0.4932,0.1552
2562,46.5286,0.5741,75.81,13.1,29.68,12.7609,2.9971,15.758,0.4549,34.6439,0.4236,0.0849
2563,18.1294,0.687,69.01,88.27,60.65,4.4539,3.5011,7.955,0.5407,14.713,0.3148,0.2342
2564,17.8111,0.5968,51.12,22.01,48.84,4.8749,2.9844,7.8593,0.4607,17.0594,0.4164,0.2068
2565,38.1581,0.6876,22.61,2.69,42.23,9.0926,3.5652,12.6578,0.5671,22.3198,0.2815,0.0972
2566,18.6306,0.4461,71.97,41.75,44.41,5.134,2.2407,7.3748,0.3512,20.9979,0.5549,0.0193
2567,26.8104,0.4366,18.45,8.17,8.9,7.4074,2.0631,9.4705,0.3309,28.6205,0.5805,0.021
2568,22.5443,0.314,57.5,23.18,52.7,5.6235,1.5829,7.2064,0.2451,29.4023,0.6895,0.0208
2569,42.5602,0.4709,47.71,29.21,32.5,11.9166,2.4421,14.3587,0.3653,39.3051,0.5371,0.0906
2570,17.6994,0.5974,62.85,67.49,36.89,4.8828,2.8379,7.7207,0.4486,17.2108,0.4316,0.1915
2571,29.8108,0.5051,77.6,74.06,50.26,8.3664,2.591,10.9574,0.3962,27.6532,0.4978,0.1314
2572,23.631,0.5601,39.05,49.43,46.55,6.5035,2.8105,9.314,0.4442,20.9683,0.4372,0.1615
2573,29.3646,0.4521,32.22,15.87,16.27,8.1494,2.2777,10.427,0.3461,30.1312,0.5612,0.1557
2574,17.6487,0.3808,63.88,64.89,74.06,4.6809,1.9337,6.6147,0.2823,23.4305,0.6425,0.0171
2575,18.3431,0.6592,49.98,78.94,59.66,4.7168,3.2306,7.9474,0.5121,15.5181,0.351,0.2071
2576,32.4361,0.516,14.72,30.16,61.49,9.0995,2.6137,11.7133,0.4064,28.8252,0.4849,0.1353
2577,43.4617,0.6024,53.17,88.29,71.41,11.8283,3.0749,14.9032,0.4752,31.3646,0.3978,0.0941
2578,37.3898,0.5395,65.44,42.65,23.31,10.5455,2.7327,13.2781,0.4216,31.491,0.4657,0.1095
2579,24.4659,0.5727,4.45,0.26,3.97,6.6078,2.8724,9.4802,0.4449,21.3078,0.4358,0.1871
2580,30.7608,0.3296,20.7,62.04,14.61,7.6764,1.6204,9.2969,0.2417,38.4658,0.6938,0.0169
2581,30.2762,0.6525,81.05,37.14,19.03,7.931,3.3331,11.2641,0.5139,21.9204,0.349,0.1396
2582,34.2205,0.3752,59.98,12.42,68.11,9.0862,1.8526,10.9388,0.2932,37.3096,0.6283,0.0152
2583,33.7697,0.6458,83.11,26.18,12.5,8.8326,3.2175,12.0501,0.5077,23.7359,0.3566,0.1206
2584,41.4867,0.6889,57.98,38.09,1.37,10.3198,3.6548,13.9746,0.5456,25.6118,0.3088,0.0972
2585,16.0298,0.5496,65.45,35.96,41.13,4.4819,2.6576,7.1395,0.4255,16.7792,0.4609,0.2411
2586,19.648,0.6298,29.54,57.88,75.73,5.1359,3.1037,8.2396,0.494,16.6798,0.3739,0.1982
2587,23.5251,0.3039,25.85,29.92,77.19,5.629,1.607,7.236,0.2266,31.9345,0.7127,0.0166
2588,45.8745,0.476,27.15,80.24,47.23,12.9408,2.4373,15.3781,0.3736,41.1591,0.5264,0.0951
2589,46.0962,0.5397,2.4,11.36,69.75,12.8375,2.829,15.6664,0.4201,37.2949,0.4678,0.0788
2590,46.3831,0.3838,43.39,72.16,37.36,12.4216,2.064,14.4856,0.2953,49.0581,0.6259,0.0153
2591,24.1936,0.469,88.17,60.25,18.38,6.7701,2.4143,9.1844,0.3643,25.2141,0.5386,0.181
2592,21.8829,0.4653,84.62,21.05,28.27,6.1961,2.2027,8.3988,0.3591,23.3892,0.5451,0.1945
2593,45.3286,0.6886,44.28,70.96,35.03,11.418,3.4064,14.8243,0.5398,27.4623,0.316,0.0948
2594,42.8149,0.4224,41.01,6.65,5.21,11.6581,2.233,13.8911,0.3201,43.3954,0.5943,0.0945
2595,23.6949,0.335,48.67,51.6,84.62,6.0667,1.7809,7.8476,0.2619,29.9697,0.6681,0.0168
2596,39.0476,0.6382,20.62,46.06,35.78,10.3171,3.154,13.4711,0.5061,26.619,0.359,0.1104
2597,15.9046,0.3487,73.31,20.82,53.28,3.9701,1.7324,5.7025,0.2602,21.9119,0.6701,0.0218
2598,41.1694,0.6544,38.7,77.25,15.52,10.674,3.2556,13.9296,0.5173,26.9258,0.3444,0.0966
2599,18.8624,0.6536,50.38,69.02,4.74,4.8702,3.2503,8.1206,0.5124,15.8474,0.3506,0.208
2600,40.07,0.4505,3.4,34.54,50.2,11.2075,2.2056,13.4131,0.3525,38.0561,0.5529,0.1055
2601,21.7715,0.5385,4.32,79.61,24.68,6.104,2.7732,8.8772,0.42,21.1354,0.4676,0.2015
2602,17.6013,0.3049,77.86,71.24,60.65,3.903,1.5546,5.4575,0.2113,25.8344,0.7324,0.0184
2603,21.2691,0.4806,39.95,79.83,36.81,5.8796,2.3927,8.2723,0.3733,22.1592,0.5268,0.166
2604,46.359,0.4795,32.45,70.76,7.06,13.0992,2.4513,15.5505,0.3719,41.8182,0.529,0.0951
2605,20.8742,0.5944,21.09,77.98,30.13,5.561,2.8543,8.4154,0.4654,18.0832,0.4102,0.2058
2606,43.937,0.3965,58.3,29.14,79.35,11.9933,2.1635,14.1567,0.3161,44.7917,0.5994,0.0149
2607,25.9398,0.3777,6.41,44.12,56.87,6.9691,1.6482,8.6173,0.3082,27.9591,0.6092,0.0184
2608,18.469,0.4955,71.53,75.7,89.19,5.2153,2.4603,7.6756,0.383,20.0429,0.5146,0.2153
2609,26.3209,0.5391,69.21,33.71,63.85,7.2628,2.5774,9.8402,0.4271,23.0391,0.4589,0.1464
2610,17.321,0.4467,54.18,20.19,40.89,4.7394,2.2147,6.9541,0.3364,20.6706,0.5736,0.0232
2611,32.7484,0.5299,75.63,66.59,56.43,9.244,2.6144,11.8584,0.4119,28.7912,0.478,0.1181
2612,43.4083,0.4578,71.98,23.69,44.24,12.1738,2.4857,14.6595,0.3593,40.7962,0.5447,0.0992
2613,34.2216,0.5193,32.84,83.3,58.54,9.6253,2.6919,12.3172,0.4074,30.2346,0.4837,0.1211
2614,21.8347,0.4675,25.03,88.01,73.04,6.0225,2.202,8.2245,0.3587,22.9285,0.5454,0.1909
2615,25.244,0.3024,73.28,26.45,68.98,6.123,1.5149,7.638,0.2363,32.319,0.7006,0.0192
2616,39.6165,0.6721,35.86,15.32,89.68,9.9347,3.3593,13.294,0.5295,25.1066,0.3292,0.0925
2617,29.9014,0.3656,28.75,71.86,24.41,7.7576,1.8284,9.5859,0.2726,35.1665,0.6546,0.0156
2618,38.9766,0.5447,39.89,50.61,1.25,11.0688,2.5723,13.6411,0.4276,31.9035,0.4584,0.1058
2619,21.4119,0.6148,52.73,25.46,21.92,5.7967,2.9789,8.7756,0.4824,18.1932,0.3887,0.1777
2620,42.4074,0.362,45.03,4.87,26.23,11.0743,1.9242,12.9986,0.2748,47.3047,0.6519,0.0171
2621,24.2748,0.4857,20.57,41.34,79.77,6.7874,2.4849,9.2722,0.3829,24.2176,0.5148,0.1754
2622,23.9626,0.6081,63.83,68.48,56.7,6.5824,2.9061,9.4885,0.471,20.1447,0.4033,0.1696
2623,32.8477,0.3687,39.17,26.77,58.41,8.766,1.9786,10.7447,0.2888,37.2009,0.634,0.0168
2624,29.4529,0.6403,54.09,68.91,82.49,7.625,3.2242,10.8493,0.51,21.2719,0.354,0.1433
2625,40.66,0.6248,81.12,33.83,52.96,10.8509,3.1405,13.9914,0.4879,28.6744,0.3817,0.0993
2626,43.4963,0.4433,4.52,45.32,88.84,11.951,2.412,14.363,0.3459,41.5237,0.5617,0.1014
2627,37.038,0.6947,20.02,71.48,70.93,8.8518,3.5529,12.4046,0.5616,22.0876,0.2884,0.1027
2628,29.8869,0.6662,32.67,6.46,57.01,7.5024,3.2867,10.7891,0.5358,20.136,0.3213,0.1402
2629,27.8499,0.6175,47.66,72.81,10.97,7.5616,2.9523,10.5139,0.4844,21.7028,0.3863,0.1443
2630,32.8162,0.6328,59.51,33.63,31.63,8.8422,3.1183,11.9604,0.4897,24.4221,0.3795,0.1134
2631,34.5495,0.6214,57.53,44.67,23.67,9.2649,3.1327,12.3976,0.4894,25.3344,0.3798,0.1129
2632,32.9704,0.4226,77.54,42.5,55.44,9.0986,2.1409,11.2395,0.3307,33.9851,0.581,0.0186
2633,27.8245,0.5858,20.58,58.55,55.57,7.6263,2.9036,10.5299,0.4577,23.0083,0.42,0.1458
2634,44.4312,0.6356,45.97,45.58,67.23,11.7651,3.2501,15.0152,0.5024,29.8849,0.3633,0.0885
2635,29.2218,0.3477,78.67,6.57,63.76,7.5807,1.8724,9.4532,0.2666,35.459,0.6622,0.0177
2636,45.8243,0.4594,69.65,86.67,47.28,12.8095,2.3277,15.1372,0.3573,42.3628,0.5472,0.0902
2637,34.1204,0.4556,77.06,45.3,72.38,9.5615,2.2722,11.8337,0.3617,32.7163,0.5417,0.1254
2638,30.607,0.6838,81.47,82.99,0.65,7.5497,3.6717,11.2214,0.5428,20.6721,0.3123,0.1294
2639,18.697,0.6408,84.84,9.76,35.92,4.8602,3.0444,7.9046,0.5101,15.4947,0.3535,0.2298
2640,30.4215,0.6778,37.8,41.4,81.06,7.6373,3.3067,10.944,0.5326,20.5488,0.325,0.1178
2641,41.4457,0.5418,65.37,47.01,3.31,11.7251,2.923,14.6481,0.421,34.7906,0.4665,0.0986
2642,34.279,0.6769,52.65,20.6,35.73,8.6948,3.3982,12.0929,0.5319,22.7343,0.326,0.1094
2643,23.8019,0.5135,16.28,23.51,42.69,6.6765,2.6346,9.3111,0.4021,23.1568,0.4905,0.184
2644,36.7571,0.3083,64.12,86.04,40.15,8.8502,1.6216,10.4718,0.2319,45.1649,0.7061,0.0152
2645,31.0198,0.6396,82.2,53.7,80.05,8.1515,3.2035,11.355,0.5072,22.3863,0.3574,0.1256
2646,30.7677,0.3316,82.44,42.26,13.4,7.7105,1.704,9.4145,0.2517,37.3994,0.681,0.0164
2647,33.7363,0.5146,10.92,83.99,88.15,9.4165,2.5761,11.9926,0.4046,29.6372,0.4873,0.1144
2648,19.4801,0.5483,53.07,89.67,2.59,5.4204,2.6299,8.0503,0.4285,18.788,0.4572,0.2074
2649,45.6184,0.3085,60.82,35.65,45.84,11.3461,1.6269,12.973,0.2385,54.39,0.6977,0.0145
2650,23.4688,0.6239,2.16,13.82,68.46,6.2733,3.0198,9.2931,0.4885,19.0227,0.3809,0.1663
2651,17.2559,0.5981,58.42,69.36,61.38,4.7848,2.8524,7.6372,0.4485,17.0284,0.4317,0.2242
2652,35.3759,0.6539,36.22,23.61,55.48,9.1929,3.2862,12.4791,0.5178,24.0981,0.3438,0.1208
2653,30.0436,0.3437,27.15,7.41,19.31,7.5007,1.6889,9.1896,0.2478,37.0793,0.6857,0.0215
2654,37.6091,0.5883,50.52,46.34,84.37,10.3685,2.8885,13.257,0.4629,28.6367,0.4136,0.1086
2655,23.1841,0.6957,45.7,58.54,73.36,5.7926,3.4323,9.2249,0.5468,16.8721,0.3074,0.1696
2656,20.7733,0.4226,36.51,3.29,25.65,5.6234,1.7675,7.3908,0.3073,24.0529,0.6108,0.0184
2657,29.5424,0.3432,22.08,58.55,74.33,7.6165,1.7195,9.336,0.2622,35.6078,0.6678,0.0177
2658,34.7082,0.5048,51.09,23.5,2.3,9.7782,2.6572,12.4355,0.3915,31.7644,0.504,0.1196
2659,35.0323,0.3437,87.54,33.44,79.12,9.0399,1.7811,10.821,0.2698,40.1112,0.6582,0.0195
2660,44.4053,0.4902,80.52,17.72,50.24,12.408,2.5605,14.9685,0.3847,38.9094,0.5127,0.0911
2661,28.5279,0.3499,40.6,10.11,73.87,7.3957,1.8259,9.2216,0.2733,33.745,0.6536,0.0171
2662,46.1386,0.6818,84.91,84.96,82.26,11.6009,3.3896,14.9904,0.5384,27.8438,0.3177,0.0904
2663,37.5974,0.447,36.24,74.26,30.73,10.4747,2.233,12.7077,0.3474,36.5841,0.5598,0.1106
2664,28.8056,0.4989,59.47,9.77,71.54,8.0819,2.5415,10.6234,0.3912,27.1592,0.5042,0.1321
2665,23.8649,0.6845,52.66,17.24,80.4,5.8994,3.3885,9.2879,0.5424,17.1225,0.3126,0.1682
2666,45.9912,0.4357,19.36,33.52,65.02,12.7726,2.2748,15.0474,0.34,44.254,0.5691,0.0967
2667,26.5954,0.3898,30.95,70.59,20.19,7.095,1.8213,8.9163,0.2908,30.6574,0.6314,0.0188
2668,37.4025,0.5882,71.77,39.13,62.4,10.2627,2.9582,13.221,0.4595,28.7694,0.4179,0.1102
2669,40.6291,0.6788,2.61,83.34,57.08,10.5676,3.2091,13.7767,0.5123,26.8895,0.3507,0.0943
2670,45.004,0.6878,0.8,87.6,43.54,11.506,3.5176,15.0236,0.5328,28.1968,0.325,0.0885
2671,28.9582,0.5764,17.47,25.42,52.31,7.9659,2.912,10.8778,0.4549,23.912,0.4239,0.1452
2672,46.8737,0.6353,73.89,85.03,71.3,12.446,3.1575,15.6034,0.4991,31.2622,0.3677,0.0869
2673,18.1685,0.4404,23.97,51.31,64.62,5.0442,2.2515,7.2958,0.3442,21.1981,0.5638,0.0198
2674,27.8037,0.5486,89.77,73.82,54.25,7.7689,2.8152,10.5842,0.43,24.6129,0.4553,0.1473
2675,36.5338,0.4926,31.31,83.64,74.6,10.1933,2.5325,12.7258,0.3858,32.9812,0.511,0.1113
2676,40.1693,0.3339,43.28,4.25,23.28,10.0412,1.7476,11.7888,0.2432,48.464,0.6919,0.0177
2677,42.0172,0.6506,77.74,63.31,30.4,10.8589,3.3371,14.196,0.5144,27.5967,0.3483,0.0967
2678,26.2501,0.4689,23.41,43.36,44.88,7.3472,2.2174,9.5646,0.3649,26.2148,0.5374,0.1463
2679,44.0022,0.4331,60.34,85.14,55.4,12.2362,2.1877,14.4239,0.3382,42.6534,0.5713,0.0895
2680,34.6385,0.4435,66.99,49.82,13.55,9.7478,2.2383,11.9861,0.3421,35.0401,0.5665,0.1109
2681,25.7716,0.3724,12.56,1.18,66.24,6.5459,1.9123,8.4582,0.2727,31.0221,0.6546,0.0183
2682,19.3955,0.4949,0.01,16.4,78.46,5.3373,2.4963,7.8336,0.3745,20.9151,0.5257,0.2092
2683,38.4436,0.6547,53.36,33.3,45.21,10.089,3.2729,13.3618,0.5128,26.0579,0.3503,0.101
2684,42.944,0.5872,33.45,70.25,48.73,11.7653,3.0189,14.7842,0.4622,31.9835,0.4144,0.1006
2685,39.624,0.5417,43.75,68.78,1.85,11.1861,2.5659,13.752,0.4177,32.9193,0.4709,0.1014
2686,22.2679,0.6733,20.5,29.19,9.95,5.8024,3.4321,9.2345,0.5235,17.6393,0.3366,0.2081
2687,44.073,0.5632,75.57,76.65,51.06,12.2252,2.8741,15.0993,0.4457,33.8783,0.4353,0.0944
2688,26.655,0.3286,68.64,27.05,52.15,6.7187,1.5324,8.2511,0.2561,32.2233,0.6755,0.0153
2689,46.3638,0.4301,80.05,20.84,30.63,12.823,2.2955,15.1186,0.3378,44.7619,0.5721,0.0919
2690,35.3181,0.4051,63.31,27.93,69.64,9.6431,2.0983,11.7414,0.3189,36.8201,0.596,0.0166
2691,45.1727,0.5871,20.66,78.48,7.58,12.3677,2.9218,15.2895,0.467,32.737,0.4083,0.0897
2692,35.5443,0.3692,82.96,75.39,52.78,9.3887,1.8915,11.2802,0.2845,39.6531,0.6394,0.0169
2693,26.4763,0.3073,62.77,34.18,3.18,6.5254,1.259,7.7843,0.235,33.1298,0.7023,0.0183
2694,19.5852,0.3991,64.2,72.85,10.99,5.165,1.9229,7.088,0.2989,23.7111,0.6213,0.0183
2695,19.8368,0.362,39.89,64.46,76.59,5.0922,1.7793,6.8715,0.2788,24.6475,0.6466,0.0166
2696,24.8769,0.6264,30.1,51.27,0.7,6.563,3.2471,9.8101,0.5045,19.4466,0.3606,0.169
2697,25.6523,0.4666,13.76,83.31,33.67,7.1347,2.3353,9.47,0.3608,26.2473,0.5427,0.1779
2698,46.4291,0.4262,62.29,4.77,27.66,12.7396,2.1253,14.8649,0.329,45.1877,0.583,0.0825
2699,19.5939,0.3523,80.31,43.75,26.06,5.0255,1.6737,6.6992,0.2618,25.5896,0.6683,0.0175
2700,32.5167,0.6912,70.65,34.36,11.59,8.0401,3.4128,11.4529,0.5448,21.0217,0.3095,0.1295
2701,44.1827,0.4848,80.51,31.05,67.87,12.3359,2.549,14.8849,0.3815,39.0155,0.5166,0.0905
2702,43.9785,0.3408,22.68,81.01,76.45,11.3488,1.836,13.1849,0.2632,50.0965,0.6664,0.015
2703,40.5064,0.4234,53.51,29.67,63.17,11.1936,2.1578,13.3515,0.3336,40.0237,0.5773,0.1106
2704,33.0439,0.6502,59.69,45.24,61.09,8.6279,3.2415,11.8694,0.5105,23.2488,0.3533,0.1288
2705,28.4005,0.6414,42.87,64.8,10.12,7.4484,3.1327,10.5812,0.5038,21.0037,0.3616,0.1397
2706,44.0029,0.6923,69.45,37.53,1.6,10.7428,3.714,14.4568,0.5535,26.1178,0.2986,0.0983
2707,21.6437,0.6862,20.3,21.47,47.61,5.4222,3.3106,8.7328,0.5347,16.3316,0.3226,0.1678
2708,26.4255,0.4397,63.94,78.09,52.78,7.2702,2.0881,9.3583,0.3375,27.7266,0.5724,0.0183
2709,17.3056,0.4072,54.56,53.14,33.5,4.5832,1.9176,6.5009,0.299,21.7412,0.6212,0.0221
2710,26.3072,0.3085,6.86,1.8,73.66,6.5578,1.4518,8.0095,0.2489,32.1749,0.6845,0.0236
2711,34.3829,0.4222,13.53,25.72,10.85,9.4992,2.0705,11.5698,0.3184,36.3415,0.5965,0.0178
2712,37.5934,0.5752,69.01,46.27,55.0,10.4705,2.9348,13.4053,0.4526,29.6192,0.4267,0.1103
2713,26.8088,0.5115,74.41,55.65,11.86,7.5462,2.3507,9.8969,0.3939,25.124,0.5008,0.1487
2714,31.2363,0.3374,11.18,22.19,26.3,7.9084,1.6729,9.5814,0.2555,37.5034,0.6763,0.0197
2715,43.3099,0.543,59.98,8.79,82.66,12.016,2.8054,14.8213,0.4259,34.8001,0.4604,0.092
2716,18.1696,0.655,70.79,16.4,67.84,4.7652,3.2165,7.9818,0.5058,15.7797,0.359,0.1953
2717,32.3698,0.3923,43.94,3.25,8.22,8.5738,1.7089,10.2827,0.2867,35.8643,0.6368,0.0199
2718,33.5624,0.4846,82.45,71.38,0.08,9.4315,2.2368,11.6683,0.3725,31.3256,0.5281,0.1285
2719,24.4491,0.5329,36.83,8.34,18.14,6.849,2.6685,9.5175,0.4279,22.2402,0.4577,0.1858
2720,32.3212,0.5263,87.87,60.41,47.89,9.0864,2.6295,11.7159,0.4136,28.3263,0.4758,0.1202
2721,36.4976,0.435,66.19,70.82,54.12,10.1223,2.2329,12.3552,0.3374,36.6191,0.5726,0.1171
2722,35.8216,0.6673,66.5,15.92,42.25,9.1081,3.3408,12.4488,0.5243,23.7417,0.3354,0.1092
2723,38.9522,0.6112,24.3,47.33,63.56,10.4661,2.9939,13.4599,0.4872,27.6292,0.3827,0.1065
2724,22.0187,0.6004,3.39,83.89,50.36,6.0292,2.995,9.0243,0.4627,19.5014,0.4134,0.1734
2725,20.6519,0.5718,35.62,79.46,39.27,5.5645,2.893,8.4575,0.4524,18.6965,0.4269,0.1885
2726,36.8621,0.6307,89.81,45.18,13.27,9.7056,3.305,13.0106,0.5006,25.9898,0.3655,0.1057
2727,19.5519,0.595,32.94,34.21,64.15,5.2606,2.9165,8.177,0.4725,17.3062,0.4011,0.2149
2728,46.4039,0.6351,57.04,58.78,88.26,12.2797,3.1694,15.449,0.5068,30.4841,0.3579,0.0864
2729,23.0817,0.5429,20.72,62.89,19.3,6.5339,2.7158,9.2497,0.4203,22.0089,0.4674,0.1945
2730,41.101,0.5523,53.68,29.46,65.16,11.4779,2.7853,14.2632,0.4318,33.0281,0.4529,0.1022
2731,34.2627,0.5031,46.51,46.03,28.16,9.6563,2.6172,12.2735,0.3922,31.2937,0.503,0.1229
2732,22.8027,0.4688,50.16,65.43,60.09,6.3444,2.3708,8.7153,0.3646,23.9029,0.5382,0.1675
2733,26.1166,0.4178,61.22,58.75,54.88,7.137,1.9596,9.0966,0.3281,27.7215,0.5841,0.0175
2734,27.2032,0.6458,27.64,18.68,18.87,6.9257,3.068,9.9937,0.5178,19.301,0.3439,0.1556
2735,20.671,0.3295,44.06,32.8,35.17,5.0668,1.6209,6.6877,0.2452,27.2721,0.6894,0.0194
2736,15.7612,0.4454,61.92,26.45,47.43,4.3566,2.1604,6.517,0.3443,18.9304,0.5637,0.021
2737,30.8551,0.4805,52.11,76.8,46.75,8.6155,2.4402,11.0557,0.3737,29.5881,0.5262,0.1421
2738,41.5433,0.3209,81.41,14.03,50.55,10.3116,1.7077,12.0194,0.2455,48.9647,0.6888,0.0138
2739,30.1191,0.5948,85.72,49.26,10.14,8.1701,3.1492,11.3193,0.4635,24.4199,0.4127,0.1398
2740,28.0901,0.4695,20.56,47.21,11.87,7.8762,2.2097,10.0859,0.3559,28.3425,0.5489,0.1497
2741,44.3882,0.4784,52.44,74.9,44.32,12.5182,2.4252,14.9433,0.373,40.0615,0.5274,0.0863
2742,25.767,0.4669,20.75,24.89,71.32,7.1463,2.3354,9.4817,0.3631,26.1157,0.5399,0.1417
2743,40.6145,0.5814,55.85,0.23,19.05,11.1408,3.1982,14.339,0.4692,30.5633,0.4055,0.101
2744,45.5212,0.3752,9.41,25.82,30.92,12.2162,1.989,14.2052,0.2905,48.8951,0.6319,0.0153
2745,36.2834,0.4767,24.31,84.26,51.92,10.1822,2.5044,12.6866,0.3723,34.0751,0.5282,0.11
2746,45.1692,0.3394,7.91,37.51,67.36,11.6953,1.821,13.5163,0.2644,51.125,0.665,0.0165
2747,34.8555,0.3183,85.76,14.72,1.06,8.214,1.3344,9.5485,0.2227,42.8835,0.7178,0.0149
2748,31.5207,0.5604,12.98,28.88,42.96,8.7435,2.9363,11.6798,0.4462,26.1763,0.4348,0.1366
2749,16.4434,0.6505,44.98,67.25,68.74,4.3424,3.041,7.3833,0.4958,14.8923,0.3719,0.2042
2750,27.7836,0.5961,85.66,57.62,38.18,7.5742,2.8784,10.4526,0.4582,22.8133,0.4195,0.1345
2751,25.8988,0.3989,58.7,76.49,50.79,7.0171,1.9524,8.9695,0.3113,28.8146,0.6055,0.0173
2752,21.8727,0.4828,58.49,26.27,1.03,6.0831,2.253,8.3362,0.3631,22.9591,0.5398,0.204
2753,34.273,0.3539,63.95,12.3,62.8,8.8834,1.7602,10.6435,0.2751,38.6881,0.6513,0.0166
2754,33.6919,0.4717,89.41,88.65,88.18,9.4057,2.253,11.6587,0.3628,32.1314,0.5402,0.1267
2755,27.9243,0.3909,65.19,66.09,37.26,7.4418,1.8845,9.3264,0.2992,31.1665,0.6208,0.0177
2756,32.8673,0.5627,31.52,48.42,45.2,9.1429,2.7598,11.9027,0.4421,26.9201,0.4396,0.123
2757,23.7037,0.3329,82.56,38.96,51.47,6.103,1.7872,7.8902,0.2607,30.2647,0.6696,0.017
2758,44.3002,0.6125,39.89,54.26,62.52,12.027,3.1472,15.1743,0.4803,31.5952,0.3915,0.0935
2759,21.6657,0.4233,55.5,55.52,69.56,5.9514,2.0718,8.0232,0.3375,23.7693,0.5722,0.0189
2760,38.2968,0.3277,46.1,85.47,72.45,9.7502,1.686,11.4362,0.2583,44.2674,0.6727,0.0157
2761,24.3831,0.396,9.19,29.42,44.52,6.6756,1.8963,8.5719,0.3216,26.6499,0.5921,0.0202
2762,22.9914,0.4024,4.24,24.75,82.81,6.1485,2.2174,8.3659,0.3371,24.8148,0.5726,0.0206
2763,42.9753,0.5716,2.12,36.26,38.35,12.0109,2.9141,14.925,0.4351,34.3007,0.4486,0.0937
2764,32.8585,0.3114,29.06,68.09,60.86,7.9335,1.5566,9.4901,0.2293,41.3801,0.7094,0.0156
2765,43.6216,0.4997,67.8,39.55,72.88,12.2199,2.6561,14.8761,0.396,37.5654,0.4984,0.093
2766,40.9861,0.3888,59.16,76.29,83.09,11.1266,2.1257,13.2523,0.3017,43.9288,0.6176,0.0143
2767,42.495,0.4173,68.89,40.03,84.03,11.6932,2.263,13.9562,0.3276,42.604,0.5849,0.1031
2768,35.2732,0.6214,0.85,43.26,12.64,9.6225,3.1935,12.816,0.4903,26.1399,0.3787,0.1365
2769,17.3298,0.326,37.39,18.5,85.7,4.2796,1.6659,5.9455,0.2551,23.3098,0.6766,0.0183
2770,21.3785,0.5428,25.33,70.9,34.68,5.929,2.6423,8.5713,0.4191,20.4538,0.4691,0.1944
2771,31.9715,0.6335,50.42,52.08,44.34,8.5334,3.1514,11.6849,0.4989,23.4204,0.3678,0.1189
2772,21.0136,0.3539,35.6,8.25,9.74,5.3142,1.4664,6.7806,0.2431,27.8899,0.6918,0.0166
2773,21.1216,0.6759,87.69,68.42,11.2,5.3859,3.19,8.5759,0.5258,16.3089,0.3336,0.1751
2774,17.325,0.4564,2.86,31.91,57.01,4.8295,2.2255,7.055,0.3376,20.8961,0.5722,0.2566
2775,40.649,0.3225,17.39,36.44,78.07,10.0249,1.6009,11.6258,0.24,48.4454,0.6957,0.0154
2776,37.181,0.3259,85.24,15.01,45.21,9.2597,1.6999,10.9596,0.2506,43.7257,0.6824,0.0166
2777,16.8742,0.4048,61.71,32.78,76.84,4.4876,1.9297,6.4174,0.3087,20.7883,0.6087,0.0243
2778,32.054,0.5554,46.71,27.02,18.54,9.0099,2.8072,11.817,0.434,27.2262,0.4499,0.1376
2779,40.1694,0.6589,73.78,9.53,56.54,10.3789,3.2972,13.6762,0.5142,26.5983,0.3484,0.0875
2780,46.3741,0.6403,84.82,87.13,14.27,12.1832,3.2531,15.4363,0.5038,30.6413,0.3616,0.0855
2781,40.5163,0.305,37.95,8.91,30.73,9.9053,1.6396,11.5448,0.2345,49.2315,0.7028,0.0165
2782,37.5176,0.6504,0.47,3.61,17.61,9.7798,3.2954,13.0752,0.5331,24.5288,0.3245,0.1223
2783,21.5236,0.6495,1.3,66.12,13.42,5.6489,3.3372,8.986,0.5062,17.7525,0.3584,0.225
2784,18.7613,0.5282,44.76,33.69,15.02,5.2457,2.6616,7.9074,0.412,19.1946,0.478,0.2216
2785,22.4552,0.5963,76.03,34.04,63.99,6.1907,2.9142,9.1049,0.4669,19.5017,0.4085,0.1704
2786,34.8778,0.5699,12.27,86.94,5.43,9.6591,2.954,12.6131,0.4447,28.3622,0.4363,0.1189
2787,27.3677,0.6323,29.58,6.45,75.23,7.1343,3.1938,10.3281,0.5068,20.38,0.3575,0.1412
2788,35.9914,0.3898,43.66,82.21,60.98,9.7434,2.0744,11.8178,0.3037,38.9171,0.6152,0.016
2789,15.8425,0.4864,57.72,39.56,25.79,4.5575,2.1783,6.7358,0.3624,18.5888,0.541,0.2416
2790,29.8205,0.6198,2.15,27.32,41.09,8.1593,3.0502,11.2095,0.4683,23.9369,0.4069,0.1368
2791,32.6985,0.6292,48.43,9.43,78.76,8.6976,3.0728,11.7704,0.4909,23.9784,0.3783,0.1244
2792,28.824,0.6816,3.8,81.98,19.79,7.5485,3.1744,10.7229,0.512,20.9428,0.3513,0.1601
2793,42.8672,0.5099,5.63,52.97,12.63,12.0959,2.658,14.7538,0.3943,37.4134,0.5002,0.0973
2794,44.8695,0.4122,14.09,34.75,4.13,12.3624,2.0391,14.4015,0.3134,45.9518,0.6029,0.0958
2795,30.268,0.5668,4.91,81.76,35.16,8.324,2.8601,11.1842,0.4329,25.8331,0.4513,0.1343
2796,38.3224,0.6759,55.83,73.09,2.69,9.5387,3.3801,12.9188,0.5461,23.655,0.3077,0.1151
2797,38.3566,0.4484,81.59,24.98,76.73,10.6303,2.2279,12.8582,0.3485,36.8908,0.5584,0.1007
2798,34.3001,0.5193,30.29,73.56,35.38,9.6109,2.6771,12.288,0.4048,30.3543,0.487,0.118
2799,43.856,0.3165,81.25,61.8,54.88,10.9926,1.69,12.6826,0.2468,51.3778,0.6872,0.015
2800,37.1916,0.4405,85.64,89.3,30.53,10.2078,2.3092,12.517,0.3392,36.9069,0.5705,0.0989
2801,33.9242,0.698,33.4,23.39,55.15,8.2851,3.4925,11.7776,0.5508,21.3837,0.3022,0.1137
2802,20.0295,0.4535,72.92,7.86,29.62,5.5142,2.1036,7.6178,0.3505,21.7354,0.5558,0.0219
2803,35.1551,0.5741,35.12,52.97,66.35,9.6826,2.9362,12.6188,0.4513,27.9637,0.4283,0.1112
2804,27.5605,0.4534,52.32,26.31,48.85,7.6353,2.1348,9.7701,0.3525,27.716,0.5533,0.149
2805,27.1417,0.3705,70.58,26.62,29.83,7.0512,1.7144,8.7657,0.2808,31.2118,0.644,0.0169
2806,33.3773,0.4958,85.21,31.66,65.63,9.3385,2.4796,11.8181,0.3865,30.5738,0.5103,0.1293
2807,37.8094,0.541,25.25,48.36,5.58,10.6959,2.7401,13.436,0.4278,31.4036,0.458,0.1198
2808,32.4357,0.6644,86.57,49.56,71.17,8.0469,3.2824,11.3293,0.5359,21.1388,0.321,0.1243
2809,16.5247,0.628,33.16,12.29,37.23,4.2871,3.0793,7.3664,0.5092,14.4664,0.3548,0.22
2810,41.3475,0.6311,24.03,10.92,49.8,10.9203,3.1728,14.093,0.4955,28.4419,0.3722,0.0921
2811,25.656,0.3095,64.55,20.37,18.55,6.2135,1.491,7.7046,0.235,32.7827,0.7022,0.0175
2812,31.2495,0.5001,1.42,72.53,61.34,8.7343,2.6744,11.4087,0.385,29.6297,0.512,0.1423
2813,19.9853,0.6151,4.37,43.16,69.84,5.394,3.1367,8.5307,0.4715,18.0926,0.4025,0.2019
2814,46.6685,0.5242,28.61,63.11,41.05,13.1258,2.6998,15.8256,0.4084,38.7515,0.4825,0.0822
2815,27.1886,0.4071,64.95,82.75,24.91,7.337,2.0081,9.3451,0.3111,30.0394,0.6056,0.0181
2816,41.0745,0.5093,6.26,23.01,26.38,11.6446,2.5878,14.2323,0.3928,36.2348,0.5021,0.1166
2817,23.7756,0.6755,24.77,42.16,13.74,6.0331,3.4192,9.4522,0.5412,17.466,0.3143,0.1786
2818,32.5164,0.5811,58.57,47.19,20.9,9.0123,2.9573,11.9696,0.4564,26.2277,0.4217,0.1284
2819,46.1655,0.6041,44.69,30.99,57.27,12.6171,3.0502,15.6673,0.4705,33.2977,0.4036,0.089
2820,28.5962,0.5677,73.31,71.35,89.81,7.913,2.864,10.777,0.448,24.054,0.4322,0.1404
2821,38.8829,0.631,83.33,34.76,21.93,10.3092,3.2249,13.5341,0.4983,27.1592,0.3685,0.1091
2822,25.9471,0.4389,21.4,54.09,46.13,7.1886,2.1403,9.3289,0.3418,27.2913,0.5668,0.0201
2823,35.6536,0.5815,20.92,1.81,13.8,9.723,3.0318,12.7548,0.47,27.1404,0.4047,0.1193
2824,35.1633,0.4733,6.5,52.63,31.1,9.8938,2.4269,12.3207,0.3712,33.192,0.5296,0.1179
2825,42.9644,0.4392,35.66,20.6,56.12,11.9569,2.3884,14.3453,0.3441,41.6868,0.5641,0.1018
2826,19.0368,0.5794,5.41,40.01,35.15,5.2246,2.9834,8.208,0.4426,18.5459,0.4391,0.2292
2827,25.4751,0.644,19.62,20.76,55.62,6.603,3.2044,9.8074,0.5102,19.223,0.3537,0.1376
2828,16.3422,0.6236,46.53,40.16,44.95,4.5003,2.9403,7.4406,0.485,15.3409,0.3854,0.2231
2829,43.8452,0.4937,0.91,86.54,89.51,12.3065,2.6965,15.003,0.3844,39.0264,0.5129,0.0892
2830,43.3721,0.5762,26.92,85.17,53.8,11.9884,3.0018,14.9903,0.4561,32.8632,0.4221,0.0941
2831,21.2,0.5661,42.94,1.26,37.1,5.8022,2.6382,8.4403,0.445,18.9688,0.4363,0.1772
2832,27.4564,0.3983,87.48,0.24,31.81,7.3367,2.0715,9.4082,0.3062,30.724,0.6119,0.0161
2833,37.6048,0.3141,51.36,84.1,62.21,9.4048,1.5996,11.0045,0.2438,45.138,0.6911,0.0153
2834,26.4445,0.5628,15.74,22.54,64.15,7.3065,2.8018,10.1083,0.4405,22.9466,0.4418,0.1346
2835,34.8648,0.3563,51.07,48.79,30.0,9.0704,1.9106,10.981,0.2731,40.2026,0.6538,0.0175
2836,23.893,0.5192,24.31,1.05,33.2,6.8027,2.6886,9.4913,0.402,23.6072,0.4907,0.1774
2837,25.837,0.5457,40.11,40.77,48.83,7.2557,2.5499,9.8056,0.4296,22.8235,0.4556,0.16
2838,36.55,0.6044,20.82,79.19,6.88,9.8456,3.2286,13.0741,0.4846,26.977,0.3859,0.121
2839,17.7285,0.6918,28.93,11.42,36.11,4.2555,3.3991,7.6546,0.5606,13.6553,0.2896,0.2015
2840,23.9978,0.3766,51.16,13.23,17.34,6.2405,1.8863,8.1268,0.2826,28.7601,0.6418,0.0198
2841,28.95,0.5924,21.39,51.55,45.05,7.9154,2.9185,10.834,0.4653,23.283,0.4105,0.1437
2842,27.3886,0.4823,70.46,23.27,28.55,7.6447,2.3596,10.0043,0.3718,26.9108,0.5288,0.1527
2843,35.4098,0.5481,65.13,73.5,72.29,9.9647,2.727,12.6917,0.4306,29.4757,0.4542,0.1211
2844,23.8651,0.6831,59.47,65.13,67.15,5.9881,3.3421,9.3303,0.5392,17.305,0.3171,0.1589
2845,26.3712,0.4464,58.96,74.14,25.64,7.3361,2.2192,9.5552,0.3454,27.6609,0.5624,0.1487
2846,44.2732,0.3794,84.68,51.17,11.64,11.7959,1.9135,13.7093,0.287,47.7676,0.6364,0.0148
2847,38.7638,0.3902,9.51,45.74,70.24,10.4682,1.9795,12.4477,0.3031,41.0694,0.6159,0.0169
2848,24.0623,0.6937,10.98,21.71,73.41,5.8669,3.422,9.2889,0.5448,17.0496,0.31,0.1753
2849,36.0603,0.3484,49.24,83.87,40.71,9.3517,1.8989,11.2506,0.2697,41.7152,0.6583,0.017
2850,38.1588,0.6143,4.7,74.18,3.42,10.3364,2.9805,13.3169,0.4768,27.9283,0.3956,0.1055
2851,29.8704,0.6548,11.21,61.94,56.15,7.7139,3.3529,11.0668,0.5131,21.5677,0.3499,0.1344
2852,41.2137,0.5314,37.48,33.81,18.54,11.6375,2.6773,14.3148,0.4157,34.4326,0.4732,0.0956
2853,34.9591,0.3391,43.28,19.2,20.19,8.9027,1.7797,10.6825,0.2567,41.6148,0.6748,0.0206
2854,38.0428,0.3224,66.49,32.03,46.93,9.6192,1.5788,11.1981,0.2545,44.0084,0.6774,0.0152
2855,34.7357,0.3238,35.01,29.45,81.36,8.5996,1.7597,10.3594,0.2453,42.2338,0.6892,0.0154
2856,20.4473,0.4207,64.4,8.93,31.46,5.6445,1.9794,7.624,0.3184,23.9453,0.5964,0.0244
2857,17.8271,0.5338,40.52,47.83,68.45,4.9528,2.6219,7.5747,0.4189,18.0817,0.4691,0.2311
2858,31.1642,0.4455,89.15,71.91,67.53,8.6945,2.3282,11.0227,0.3503,31.4695,0.5562,0.1321
2859,40.9634,0.3323,69.4,70.68,84.68,10.4932,1.7701,12.2633,0.2578,47.5779,0.6733,0.0152
2860,23.5759,0.616,57.68,51.0,14.73,6.3046,3.0708,9.3754,0.4891,19.1696,0.3804,0.179
2861,31.089,0.4686,66.08,36.59,44.18,8.6656,2.3604,11.026,0.3676,29.9923,0.5342,0.1252
2862,41.7554,0.5611,30.54,82.16,89.48,11.6168,2.8216,14.4383,0.4389,32.8989,0.4438,0.1005
2863,20.1977,0.3129,58.66,83.75,59.28,4.9314,1.5901,6.5215,0.232,28.1102,0.7059,0.0186
2864,28.5866,0.4286,89.89,62.99,83.14,7.9172,2.2036,10.1208,0.3387,29.8808,0.5708,0.0192
2865,23.0629,0.434,25.47,63.53,5.94,6.3296,2.2118,8.5414,0.3156,27.0682,0.6002,0.0178
2866,35.8451,0.3929,81.14,87.16,24.02,9.508,1.9883,11.4963,0.2974,38.6598,0.6231,0.0173
2867,28.6385,0.3124,1.94,22.49,2.94,7.0169,1.4638,8.4808,0.2294,36.9689,0.7093,0.0241
2868,27.6568,0.6743,45.16,68.5,38.44,7.1105,3.1717,10.2822,0.5255,19.5675,0.334,0.1519
2869,33.3696,0.5229,20.86,0.7,15.7,9.3342,2.4075,11.7417,0.4107,28.5891,0.4795,0.1481
2870,21.2651,0.3189,36.9,48.21,27.46,5.0943,1.5592,6.6536,0.2322,28.6488,0.7057,0.0173
2871,34.2033,0.6257,73.86,32.77,42.72,9.1761,3.0694,12.2455,0.4848,25.2579,0.3857,0.1175
2872,36.6825,0.6995,16.44,59.91,15.97,8.7172,3.6075,12.3246,0.5668,21.7439,0.282,0.1196
2873,19.1205,0.5076,14.4,23.57,84.75,5.2317,2.51,7.7417,0.3914,19.7807,0.5039,0.2133
2874,40.9519,0.444,84.35,20.93,47.82,11.3675,2.2827,13.6502,0.3466,39.3822,0.5608,0.0973
2875,31.102,0.4962,55.2,34.74,30.18,8.7406,2.5824,11.323,0.3849,29.4174,0.5123,0.1318
2876,34.8425,0.3724,61.79,25.06,83.61,9.2749,1.9672,11.2421,0.2907,38.6744,0.6316,0.0166
2877,20.718,0.4195,62.08,85.92,17.88,5.7107,1.904,7.6148,0.3193,23.8454,0.5954,0.0172
2878,18.0615,0.4345,6.69,1.86,42.05,4.8805,2.2527,7.1332,0.3361,21.2216,0.5741,0.019
2879,29.3113,0.5488,46.68,49.41,67.84,8.1373,2.8216,10.959,0.432,25.3703,0.4524,0.1461
2880,23.0639,0.3928,41.87,12.78,45.81,6.2777,2.0456,8.3233,0.3049,27.298,0.6135,0.0243
2881,23.3648,0.5427,76.22,64.35,61.24,6.5314,2.7226,9.254,0.4145,22.3271,0.4747,0.1727
2882,28.0333,0.645,80.46,82.29,63.98,7.4492,3.2117,10.6609,0.5008,21.2861,0.3656,0.1391
2883,25.2081,0.6218,3.29,20.58,64.16,6.8179,2.9069,9.7247,0.48,20.2593,0.392,0.1625
2884,43.3727,0.6329,57.41,53.95,10.03,11.5139,3.2582,14.7722,0.5047,29.2667,0.3605,0.089
2885,27.5814,0.3598,77.94,61.5,48.28,7.202,1.7769,8.9789,0.2817,31.8715,0.6431,0.0153
2886,20.3212,0.6278,36.26,89.77,35.43,5.224,3.0824,8.3065,0.497,16.7148,0.3704,0.1876
2887,40.3718,0.5771,7.46,22.23,87.92,11.1554,2.8263,13.9818,0.4495,31.1065,0.4303,0.0988
2888,42.3803,0.3742,70.28,33.07,11.46,11.2031,1.9995,13.2026,0.2852,46.2912,0.6384,0.0156
2889,26.6352,0.6916,51.34,21.41,35.11,6.7161,3.2379,9.954,0.5404,18.4188,0.3151,0.1426
2890,41.3795,0.4742,82.62,85.19,43.27,11.6085,2.5473,14.1558,0.3692,38.3442,0.5322,0.0994
2891,45.1181,0.4791,0.74,31.79,65.57,12.8164,2.6249,15.4413,0.3759,41.077,0.5238,0.1013
2892,15.8121,0.3817,61.31,29.78,11.88,4.184,1.6281,5.8121,0.2636,22.0521,0.6649,0.0206
2893,38.8684,0.3946,20.14,19.97,70.27,10.4422,1.9256,12.3679,0.3046,40.6066,0.6141,0.016
2894,40.4434,0.4035,78.55,13.07,11.41,10.9079,2.062,12.9699,0.3068,42.2759,0.6113,0.0164
2895,42.388,0.4156,83.83,86.94,34.66,11.5421,2.2511,13.7932,0.3223,42.7941,0.5917,0.0919
2896,35.683,0.6138,76.12,30.3,86.22,9.6101,3.0255,12.6355,0.4792,26.3699,0.3931,0.1067
2897,15.8867,0.4284,42.19,58.83,58.63,4.2969,1.9564,6.2533,0.3269,19.1268,0.5858,0.02
2898,27.8303,0.4601,52.88,57.81,40.02,7.7437,2.1988,9.9425,0.3559,27.9371,0.5491,0.1477
2899,45.2287,0.5548,66.4,88.59,43.34,12.5967,2.8383,15.4351,0.4314,35.7805,0.4534,0.0904
2900,31.5192,0.6028,4.67,17.25,0.22,8.6649,3.2397,11.9046,0.4603,25.861,0.4168,0.1448
2901,19.2508,0.353,39.37,15.57,14.06,4.8579,1.6701,6.528,0.2671,24.438,0.6613,0.0169
2902,18.4746,0.6696,64.34,7.34,2.3,4.4412,3.4919,7.9332,0.5593,14.1843,0.2914,0.2026
2903,32.5673,0.4555,27.89,83.55,76.81,9.0848,2.2828,11.3676,0.3566,31.8792,0.548,0.1202
2904,31.2121,0.475,89.29,36.96,34.02,8.7264,2.5456,11.2719,0.3735,30.1796,0.5267,0.1281
2905,30.4552,0.4282,44.34,7.46,47.17,8.4065,2.1951,10.6016,0.3366,31.4999,0.5732,0.0183
2906,43.191,0.6923,5.73,41.91,33.05,10.9194,3.5433,14.4626,0.5379,26.8888,0.3187,0.0894
2907,18.0846,0.3497,27.04,85.79,33.95,4.5372,1.7481,6.2853,0.2567,24.4828,0.6746,0.0183
2908,32.2905,0.496,74.54,49.67,29.14,9.1033,2.4564,11.5597,0.3858,29.9665,0.5111,0.1263
2909,27.6729,0.6627,49.0,9.89,81.58,7.1342,3.2213,10.3555,0.52,19.914,0.3409,0.1324
2910,32.6419,0.6199,37.69,59.55,71.46,8.7665,3.0436,11.8102,0.4913,24.0362,0.3773,0.1182
2911,35.2835,0.6482,81.86,67.75,20.14,9.2245,3.2917,12.5162,0.5124,24.4289,0.3508,0.113
2912,29.9181,0.6867,79.78,83.42,36.3,7.4668,3.4447,10.9115,0.5357,20.3672,0.3213,0.1233
2913,18.9437,0.5723,82.07,42.34,24.45,5.3034,2.8985,8.2019,0.4539,18.0714,0.4248,0.2215
2914,31.2762,0.3086,56.83,10.06,66.38,7.7522,1.6481,9.4003,0.2461,38.2021,0.688,0.0155
2915,32.1877,0.5885,86.91,2.01,62.6,8.7134,2.8626,11.576,0.4769,24.2736,0.3958,0.1344
2916,30.3774,0.5864,23.15,71.21,12.02,8.2983,3.0488,11.347,0.4681,24.2393,0.407,0.1461
2917,20.0455,0.5263,12.99,36.92,65.01,5.4977,2.6047,8.1024,0.4133,19.6046,0.4762,0.2004
2918,34.4238,0.475,84.77,33.87,0.48,9.57,2.3651,11.9351,0.353,33.8066,0.5527,0.1174
2919,29.9041,0.5431,84.32,79.32,80.63,8.3711,2.823,11.1941,0.4301,26.0243,0.455,0.1477
2920,27.9386,0.34,10.64,72.21,83.58,7.1648,1.5683,8.7331,0.2613,33.417,0.6688,0.0203
2921,33.2152,0.6557,25.01,7.19,63.87,8.55,3.2171,11.7671,0.5175,22.739,0.3444,0.1134
2922,31.8039,0.3916,75.44,40.74,40.9,8.6296,2.0288,10.6583,0.3107,34.3045,0.6064,0.0168
2923,39.5761,0.6145,58.09,37.32,9.87,10.7127,3.068,13.7807,0.4844,28.4489,0.3862,0.1073
2924,35.4041,0.3165,54.02,78.95,45.46,8.7834,1.7106,10.494,0.2448,42.8649,0.6898,0.0147
2925,41.1663,0.4048,17.11,61.85,39.4,11.2417,2.1555,13.3973,0.311,43.0738,0.6058,0.0164
2926,44.9415,0.3731,50.57,32.97,76.76,12.0511,1.9569,14.008,0.2928,47.8466,0.6291,0.0145
2927,27.5573,0.611,55.95,31.94,42.45,7.5534,2.8687,10.422,0.4744,21.9702,0.399,0.1384
2928,16.6345,0.4276,25.98,31.68,76.78,4.6248,2.0708,6.6956,0.335,19.9873,0.5756,0.0208
2929,44.323,0.3494,85.58,15.49,61.07,11.4578,1.8569,13.3147,0.2676,49.7581,0.6608,0.015
2930,41.9291,0.3414,43.95,32.9,86.43,10.8099,1.9002,12.7101,0.2665,47.6876,0.6622,0.0161
2931,37.2177,0.426,61.17,63.31,12.01,10.2607,2.2184,12.4791,0.3246,38.4493,0.5888,0.1118
2932,39.2027,0.5159,40.14,2.79,5.18,11.0893,2.5038,13.5931,0.4037,33.6683,0.4883,0.1143
2933,40.5221,0.6833,44.71,41.87,86.57,10.1424,3.4232,13.5656,0.5368,25.2734,0.32,0.0969
2934,45.7624,0.4004,58.36,86.64,66.32,12.5053,2.0225,14.5278,0.3106,46.7778,0.6065,0.015
2935,43.8148,0.6735,85.46,77.03,14.5,11.059,3.3969,14.4558,0.5353,27.0066,0.322,0.0958
2936,24.4053,0.6163,11.02,70.26,69.45,6.5165,3.1406,9.6571,0.4856,19.8854,0.3846,0.1603
2937,21.3306,0.3227,11.02,20.59,53.96,5.4182,1.6335,7.0517,0.2577,27.3662,0.6728,0.0199
2938,45.6184,0.6338,21.56,47.9,3.24,12.1087,3.18,15.2888,0.5057,30.2324,0.3592,0.0907
2939,19.929,0.3886,6.5,1.89,13.22,5.192,1.972,7.164,0.3076,23.2938,0.6103,0.0211
2940,17.3129,0.3333,11.42,16.31,18.3,4.2591,1.6477,5.9069,0.2539,23.2676,0.6779,0.0219
2941,42.0557,0.5966,73.19,56.39,53.35,11.4433,3.0535,14.4968,0.4696,30.8734,0.4049,0.094
2942,17.7548,0.4102,58.83,72.15,8.27,4.6569,2.1068,6.7637,0.3032,22.31,0.6158,0.0181
2943,38.3166,0.6061,30.41,13.31,50.01,10.303,3.0227,13.3257,0.4781,27.8731,0.3943,0.097
2944,41.647,0.5749,12.86,6.5,67.53,11.4535,2.9581,14.4116,0.4498,32.0382,0.4298,0.0856
2945,18.5447,0.3523,64.85,71.3,29.54,4.5991,1.7178,6.3169,0.2596,24.336,0.671,0.0175
2946,31.5509,0.4401,81.2,56.14,42.16,8.7127,2.1905,10.9032,0.3442,31.6728,0.5637,0.1294
2947,31.0196,0.3847,2.75,85.88,4.38,8.269,2.2553,10.5243,0.3049,34.5118,0.6135,0.0192
2948,19.5744,0.3743,60.09,82.31,10.09,5.0611,1.7435,6.8046,0.2822,24.1154,0.6424,0.0179
2949,45.3555,0.5812,19.36,15.1,2.62,12.5072,2.9552,15.4625,0.4628,33.4082,0.4138,0.1023
2950,32.8309,0.4538,27.04,15.39,14.81,9.1177,2.2372,11.3549,0.3483,32.5971,0.5586,0.1438
2951,43.8993,0.4402,67.04,18.49,32.28,12.1666,2.3418,14.5084,0.3445,42.1129,0.5635,0.0985
2952,23.6099,0.3575,75.78,0.0,64.88,6.0908,1.7616,7.8524,0.2612,30.0634,0.6691,0.0163
2953,26.9736,0.4942,71.18,89.05,86.66,7.6233,2.4607,10.084,0.3924,25.6964,0.5026,0.1522
2954,20.7148,0.4012,7.76,34.82,46.72,5.6657,2.2008,7.8665,0.329,23.9072,0.5828,0.0208
2955,31.8352,0.3174,23.56,31.61,63.63,7.9278,1.7308,9.6586,0.2439,39.5936,0.691,0.0162
2956,18.3283,0.4949,15.48,86.72,39.3,5.0779,2.5564,7.6343,0.3748,20.3682,0.525,0.2151
2957,40.0989,0.4651,16.01,44.43,25.54,11.2262,2.3713,13.5975,0.3586,37.9142,0.5455,0.1104
2958,20.4875,0.6581,13.84,82.83,58.17,5.1853,3.3089,8.4942,0.5135,16.5424,0.3494,0.1889
2959,23.3835,0.3182,3.16,34.19,77.52,6.0592,1.7676,7.8268,0.2715,28.8235,0.6555,0.0225
2960,45.5996,0.3565,27.56,14.57,6.71,11.6829,1.7719,13.4548,0.2625,51.2491,0.6673,0.0163
2961,20.5327,0.4141,18.44,82.16,8.19,5.466,1.8399,7.3059,0.3106,23.5202,0.6062,0.0198
2962,18.6098,0.6828,58.29,27.42,4.08,4.638,3.4288,8.0668,0.5415,14.8961,0.3134,0.2174
2963,25.7528,0.5023,23.71,75.41,44.93,7.1736,2.4636,9.6371,0.3948,24.4132,0.4997,0.1528
2964,47.0863,0.5503,50.89,61.44,76.51,13.24,2.8171,16.0571,0.4296,37.3726,0.4556,0.0885
2965,32.1039,0.4515,66.45,38.51,5.93,9.0689,2.1981,11.267,0.3526,31.9526,0.5533,0.1303
2966,21.7049,0.6316,41.66,46.73,74.48,5.7012,3.1629,8.8641,0.4991,17.7602,0.3677,0.1842
2967,42.9317,0.5587,74.66,84.13,70.6,11.9827,2.9189,14.9016,0.4423,33.6916,0.4395,0.0943
2968,30.3769,0.6103,40.45,84.52,28.62,8.1471,3.0722,11.2193,0.4836,23.1977,0.3874,0.1227
2969,35.544,0.4096,71.49,22.53,14.11,9.6966,2.1293,11.8259,0.3179,37.1969,0.5973,0.0166
2970,43.0452,0.4092,11.97,60.69,11.79,11.7135,2.1095,13.823,0.3112,44.4249,0.6056,0.1003
2971,22.8355,0.304,88.67,10.98,42.17,5.5729,1.574,7.1469,0.2352,30.393,0.7021,0.0173
2972,25.2572,0.5989,49.24,23.6,82.58,6.8061,2.9568,9.7629,0.4708,20.7358,0.4034,0.1542
2973,16.1398,0.4299,89.1,22.24,65.82,4.2851,2.0634,6.3485,0.3213,19.756,0.5927,0.019
2974,23.4725,0.4728,30.58,78.38,58.16,6.5558,2.3412,8.897,0.3612,24.6308,0.542,0.1762
2975,27.7693,0.6133,36.6,33.63,87.56,7.3975,2.9006,10.2981,0.4816,21.3826,0.3898,0.1313
2976,16.0951,0.386,67.06,69.92,89.64,4.3733,1.8677,6.241,0.2868,21.7601,0.6363,0.0179
2977,43.1386,0.476,70.28,13.61,32.26,12.0725,2.4982,14.5708,0.3729,39.0719,0.5276,0.0876
2978,27.1237,0.6515,83.47,14.65,49.09,6.9273,3.1806,10.1079,0.5083,19.887,0.356,0.1479
2979,42.7689,0.4489,6.64,79.17,59.85,11.8639,2.3074,14.1713,0.349,40.6015,0.5577,0.1014
2980,26.1313,0.4918,77.02,57.28,45.93,7.3015,2.3767,9.6782,0.3838,25.2162,0.5136,0.1423
2981,20.1101,0.4121,33.68,38.3,63.45,5.4668,2.0269,7.4937,0.3215,23.3079,0.5924,0.0188
2982,16.9145,0.3563,35.67,62.64,73.93,4.407,1.6289,6.0358,0.2673,22.5774,0.6613,0.0186
2983,32.2991,0.3976,73.17,32.56,86.72,8.7133,2.0752,10.7885,0.3134,34.4287,0.6028,0.0193
2984,23.8896,0.4825,7.3,53.79,60.42,6.7152,2.406,9.1212,0.3898,23.3985,0.5061,0.1782
2985,36.0389,0.5642,45.39,66.12,25.73,9.9997,2.8858,12.8855,0.4411,29.211,0.441,0.1079
2986,24.3886,0.4365,5.26,47.6,39.73,6.8339,2.1179,8.9518,0.3608,24.8092,0.5428,0.1951
2987,45.6823,0.4904,88.05,41.37,38.8,12.8619,2.5388,15.4007,0.3856,39.9405,0.5113,0.0845
2988,21.7712,0.6855,58.32,25.63,84.62,5.4155,3.4198,8.8353,0.5411,16.3286,0.3147,0.1647
2989,29.5283,0.5623,44.53,13.59,18.33,8.1698,2.8504,11.0202,0.4458,24.722,0.4351,0.1565
2990,18.371,0.3493,1.84,15.56,44.53,4.7009,1.8638,6.5647,0.2608,25.1688,0.6694,0.0246
2991,36.9601,0.4502,12.46,44.78,85.03,10.3259,2.296,12.6219,0.3499,36.0751,0.5567,0.1092
2992,19.0114,0.5777,0.34,32.43,44.45,5.2961,2.98,8.2761,0.4467,18.5262,0.434,0.2333
2993,43.674,0.4673,11.98,63.09,65.04,12.3128,2.4692,14.782,0.3652,40.4809,0.5371,0.0906
2994,26.5507,0.4107,32.76,51.42,8.62,7.2089,1.8194,9.0283,0.314,28.755,0.6019,0.0177
2995,29.3817,0.6802,36.21,53.07,18.76,7.2949,3.3521,10.6469,0.5412,19.6719,0.3143,0.145
2996,31.3433,0.6858,68.18,88.75,49.82,7.7585,3.4662,11.2247,0.5386,20.8404,0.3174,0.122
2997,39.9877,0.6505,87.28,77.42,63.42,10.5068,3.2322,13.739,0.5118,26.8435,0.3513,0.0971
2998,27.8098,0.6723,43.62,34.72,84.08,6.993,3.1146,10.1076,0.5298,19.0795,0.3287,0.1403
2999,27.6572,0.4604,4.53,48.74,3.63,7.6971,2.0058,9.7029,0.352,27.5649,0.5535,0.1613
3000,33.99,0.3387,87.11,12.34,82.43,8.6845,1.6333,10.3178,0.2642,39.058,0.6652,0.017
3001,45.8404,0.4651,62.37,40.77,67.97,12.9228,2.3579,15.2807,0.3629,42.1098,0.5402,0.0828
3002,23.535,0.6127,32.48,41.16,1.92,6.4276,3.31,9.7375,0.4842,20.1092,0.3866,0.1759
3003,45.9643,0.5458,16.16,18.38,46.78,12.8168,2.8808,15.6976,0.4301,36.4977,0.455,0.0941
3004,16.2905,0.6853,36.48,4.43,2.92,3.995,3.7504,7.7453,0.5682,13.632,0.2801,0.2439
3005,19.697,0.5175,43.73,59.02,81.21,5.4167,2.558,7.9747,0.3904,20.4277,0.5053,0.2029
3006,28.8611,0.4843,18.19,27.97,51.04,8.0529,2.4843,10.5372,0.378,27.8727,0.521,0.1385
3007,43.7088,0.5513,6.23,82.29,34.13,12.1036,2.8152,14.9188,0.433,34.4532,0.4514,0.0983
3008,16.4505,0.4697,44.01,48.62,24.86,4.5892,2.1689,6.7581,0.3507,19.2693,0.5555,0.2132
3009,35.0991,0.6972,65.02,50.33,1.57,8.6997,3.6229,12.3226,0.5482,22.4795,0.3056,0.1231
3010,16.7966,0.4979,83.32,3.83,53.13,4.6993,2.445,7.1443,0.3895,18.3429,0.5064,0.2562
3011,28.9904,0.4869,65.19,56.45,53.98,8.0899,2.476,10.5659,0.3783,27.933,0.5207,0.1288
3012,27.6085,0.4978,51.52,29.21,9.29,7.7033,2.2552,9.9584,0.3813,26.1201,0.5169,0.137
3013,38.1151,0.5775,66.46,13.24,6.7,10.4509,2.9786,13.4295,0.4574,29.3582,0.4206,0.1021
3014,30.0513,0.5509,67.32,45.45,67.61,8.2874,2.8392,11.1266,0.4313,25.7969,0.4536,0.1251
3015,24.6053,0.3923,38.41,17.63,41.88,6.5963,2.0239,8.6202,0.3077,28.0138,0.61,0.023
3016,27.3549,0.4532,4.04,18.37,3.21,7.582,2.0033,9.5853,0.3447,27.8117,0.5629,0.1801
3017,25.3732,0.325,57.97,31.82,79.62,6.3937,1.5981,7.9918,0.2569,31.1047,0.6743,0.0172
3018,45.0691,0.6583,65.35,37.24,31.78,11.6758,3.3776,15.0534,0.5177,29.0767,0.344,0.086
3019,34.2137,0.5156,34.64,50.29,51.46,9.5606,2.6549,12.2155,0.4055,30.1266,0.4862,0.1225
3020,17.8341,0.6918,4.23,21.82,32.05,4.5722,3.4108,7.983,0.5221,15.2914,0.3385,0.2339
3021,21.7656,0.5753,87.48,45.97,26.94,6.0528,2.8466,8.8994,0.4459,19.9601,0.4349,0.1717
3022,43.0874,0.5083,68.04,89.35,28.32,12.1665,2.6867,14.8532,0.3948,37.6197,0.4997,0.0883
3023,46.7973,0.6735,36.62,33.63,83.47,11.8577,3.3747,15.2325,0.5289,28.8026,0.3299,0.0869
3024,24.7187,0.502,78.52,89.6,62.39,6.8365,2.5478,9.3844,0.3909,24.0042,0.5046,0.158
3025,36.9226,0.5971,17.2,60.39,8.2,10.0047,3.1674,13.1721,0.4775,27.5861,0.3952,0.1203
3026,34.7615,0.6139,31.91,64.28,67.52,9.4086,3.1133,12.5219,0.4809,26.0376,0.3906,0.1216
3027,27.8748,0.5706,33.86,69.37,0.79,7.7244,2.6999,10.4243,0.4445,23.4502,0.4368,0.1615
3028,17.5306,0.5473,54.76,7.99,44.15,4.9206,2.69,7.6107,0.4304,17.6817,0.4548,0.2402
3029,19.6364,0.3837,36.53,45.9,4.98,5.0857,1.7789,6.8646,0.2788,24.6204,0.6467,0.0195
3030,30.702,0.4605,66.91,3.0,39.88,8.533,2.2095,10.7425,0.3568,30.1117,0.5479,0.1271
3031,43.391,0.533,8.56,48.66,38.28,12.2514,2.7863,15.0377,0.4232,35.5375,0.4637,0.1
3032,25.3718,0.3455,82.72,14.83,52.52,6.4946,1.7097,8.2043,0.2745,29.8881,0.6519,0.0191
3033,29.6625,0.6891,54.57,39.05,61.96,7.4332,3.4215,10.8547,0.5342,20.3211,0.3229,0.1407
3034,17.8552,0.5484,37.21,39.28,55.32,5.0147,2.704,7.7186,0.4218,18.3004,0.4656,0.219
3035,42.1238,0.6685,52.83,49.44,89.88,10.7002,3.4392,14.1393,0.5317,26.5935,0.3264,0.0933
3036,32.2983,0.3042,87.17,10.88,7.91,7.8708,1.4585,9.3293,0.2329,40.0561,0.7047,0.02
3037,40.075,0.6184,19.67,61.62,41.85,10.8332,3.1362,13.9694,0.4871,28.6768,0.3827,0.0953
3038,39.9237,0.6964,32.04,58.05,86.41,9.7756,3.3954,13.1709,0.5518,23.8701,0.3007,0.1029
3039,19.938,0.3917,26.75,46.32,78.92,5.3386,1.8452,7.1838,0.3006,23.898,0.6192,0.0172
3040,17.3062,0.3982,32.74,88.06,11.57,4.5857,2.0225,6.6082,0.2893,22.8432,0.6334,0.0189
3041,39.3296,0.5936,31.51,21.07,49.95,10.7051,2.8798,13.5849,0.4683,29.0073,0.4068,0.1071
3042,42.4963,0.5542,61.28,22.99,57.84,11.8938,2.8513,14.7451,0.4337,33.9997,0.4504,0.0909
3043,40.6403,0.3487,47.86,78.95,59.39,10.484,1.832,12.316,0.2655,46.3913,0.6636,0.0142
3044,31.9166,0.6829,31.61,25.83,47.71,8.0159,3.4026,11.4185,0.5374,21.2465,0.3189,0.1373
3045,44.7931,0.5352,0.25,5.5,29.32,12.7339,2.9047,15.6386,0.4207,37.1684,0.4666,0.0991
3046,30.0389,0.3582,25.5,81.96,65.42,7.7383,1.8667,9.605,0.2657,36.1491,0.6634,0.0169
3047,29.105,0.639,85.02,6.03,16.41,7.6054,3.2109,10.8163,0.5086,21.2653,0.3554,0.1457
3048,16.1127,0.5139,73.93,76.77,25.71,4.4781,2.1664,6.6446,0.3721,17.8559,0.5283,0.2138
3049,26.8677,0.4249,44.61,20.09,25.99,7.3732,1.9854,9.3587,0.3247,28.8226,0.5884,0.0203
3050,22.5234,0.419,76.01,22.57,81.62,6.0803,2.1053,8.1856,0.3232,25.3305,0.5903,0.0181
3051,24.0652,0.5865,65.93,77.86,15.83,6.5684,3.0277,9.5961,0.461,20.8172,0.4162,0.1616
3052,21.5763,0.6063,86.15,20.6,4.07,5.9293,2.816,8.7453,0.4628,18.8978,0.4135,0.1882
3053,40.3,0.577,42.24,29.75,6.22,11.2308,2.77,14.0008,0.4479,31.2607,0.4325,0.1107
3054,39.1144,0.5319,70.7,84.63,6.04,10.9376,2.6166,13.5542,0.4176,32.4557,0.4709,0.1027
3055,20.1677,0.6039,42.59,13.18,24.35,5.3725,2.9959,8.3684,0.4881,17.1454,0.3817,0.2216
3056,22.9598,0.611,4.9,14.12,83.69,6.1187,3.0638,9.1825,0.4733,19.3999,0.4002,0.1858
3057,19.1236,0.6325,27.08,34.63,23.27,5.0547,3.1125,8.1672,0.5083,16.0682,0.356,0.2208
3058,42.1169,0.3347,47.84,88.66,27.96,10.7025,1.8296,12.532,0.2569,48.7834,0.6744,0.0156
3059,28.2469,0.373,26.58,70.33,51.06,7.4786,1.8636,9.3422,0.285,32.7789,0.6388,0.0167
3060,44.5104,0.5314,0.67,73.08,36.81,12.6713,2.8371,15.5084,0.4117,37.6654,0.4783,0.1053
3061,22.6804,0.6788,36.18,46.76,57.13,5.5656,3.3646,8.9301,0.5408,16.5117,0.3148,0.1806
3062,38.2803,0.3809,68.15,75.78,3.16,10.1257,1.8456,11.9713,0.2838,42.1825,0.6404,0.0151
3063,35.8949,0.4422,8.38,20.21,27.16,10.0561,2.2535,12.3096,0.3427,35.9208,0.5654,0.1223
3064,38.5151,0.3255,22.98,70.75,43.9,9.6345,1.5927,11.2272,0.2424,46.3219,0.6927,0.0152
3065,21.5452,0.4434,51.85,7.35,15.09,6.0429,1.9549,7.9978,0.3355,23.8378,0.5746,0.02
3066,40.5309,0.3029,5.4,16.9,20.75,10.0188,1.5375,11.5563,0.2351,49.1454,0.702,0.0215
3067,19.0202,0.4469,82.71,84.61,20.83,5.2633,2.2341,7.4975,0.3414,21.9577,0.5673,0.0203
3068,35.2922,0.4034,62.96,89.11,43.17,9.5637,2.0793,11.6431,0.3093,37.6388,0.6082,0.0167
3069,39.5937,0.6876,24.24,30.09,77.4,9.8498,3.2605,13.1103,0.5371,24.4116,0.3197,0.1071
3070,21.4095,0.4863,61.15,21.25,67.38,6.0367,2.301,8.3377,0.3786,22.0198,0.5204,0.1991
3071,41.7619,0.4042,52.57,34.84,2.1,11.356,2.1906,13.5465,0.3044,44.502,0.6142,0.0155
3072,47.1119,0.6903,88.73,18.61,88.29,11.6062,3.5102,15.1164,0.5446,27.7593,0.3102,0.0805
3073,34.058,0.5025,13.94,45.72,44.77,9.598,2.5108,12.1088,0.3933,30.7849,0.5018,0.1308
3074,46.9374,0.5635,67.6,31.19,19.8,13.0918,2.966,16.0578,0.4421,36.3211,0.4397,0.0857
3075,24.2682,0.6412,8.77,71.52,75.05,6.3539,3.2152,9.5691,0.5006,19.1137,0.3656,0.1726
3076,39.7638,0.3968,40.76,21.63,78.74,10.7271,1.9739,12.701,0.3079,41.247,0.6096,0.016
3077,28.0828,0.5504,4.44,69.69,2.82,7.8811,2.5364,10.4174,0.4099,25.413,0.4804,0.1432
3078,30.5045,0.4677,2.94,27.82,21.51,8.5363,2.5114,11.0476,0.363,30.4366,0.5401,0.1515
3079,26.5113,0.4032,89.09,1.56,30.71,7.1108,2.0764,9.1872,0.31,29.6373,0.6071,0.0185
3080,42.9557,0.3375,21.46,63.18,35.49,10.9984,1.8387,12.8371,0.2578,49.7979,0.6733,0.0162
3081,30.9902,0.608,46.08,80.42,37.85,8.4056,3.0285,11.4341,0.4771,23.965,0.3956,0.1277
3082,38.8816,0.5653,86.73,58.67,31.62,10.6838,2.8532,13.537,0.444,30.4899,0.4375,0.1002
3083,43.3584,0.3609,69.51,80.27,20.49,11.3012,1.9127,13.2139,0.2769,47.7157,0.6491,0.0146
3084,17.0089,0.3857,23.91,62.61,41.1,4.5164,1.7909,6.3073,0.2895,21.7838,0.633,0.0209
3085,44.1854,0.4549,8.63,10.94,12.53,12.3298,2.3483,14.6781,0.3548,41.3724,0.5504,0.1133
3086,26.1796,0.4077,26.05,64.99,47.95,7.1373,2.0155,9.1527,0.3137,29.1787,0.6026,0.0188
3087,17.6014,0.3013,68.75,63.05,42.66,4.1416,1.51,5.6517,0.228,24.7912,0.711,0.0207
3088,33.3048,0.443,31.41,21.02,81.05,9.121,2.2874,11.4084,0.3426,33.3009,0.5659,0.126
3089,30.4869,0.5583,43.39,80.08,87.01,8.4741,2.8665,11.3406,0.4442,25.5313,0.4374,0.1355
3090,40.9709,0.3978,3.63,17.15,50.27,11.1154,2.0517,13.1672,0.3147,41.8366,0.6009,0.1128
3091,28.5574,0.4342,0.12,30.76,62.24,7.9188,2.0349,9.9536,0.3292,30.2373,0.5826,0.0163
3092,43.0371,0.4089,22.29,63.21,79.83,11.7365,2.1685,13.905,0.3133,44.3844,0.603,0.0966
3093,29.668,0.5434,0.37,32.75,7.78,8.5292,2.8332,11.3624,0.413,27.5099,0.4767,0.1562
3094,19.9723,0.6071,12.23,87.43,45.03,5.342,3.1291,8.4711,0.4691,18.0577,0.4056,0.1889
3095,44.3409,0.3042,10.77,62.45,46.24,10.8715,1.563,12.4346,0.2297,54.1282,0.7089,0.0158
3096,17.2981,0.3772,58.9,72.67,86.25,4.4851,1.7516,6.2367,0.2717,22.951,0.6556,0.0215
3097,18.1374,0.6372,3.3,59.34,86.23,4.8751,3.114,7.9891,0.4697,17.009,0.4048,0.226
3098,35.5212,0.6293,3.75,58.67,87.21,9.478,3.1357,12.6136,0.4827,26.1294,0.3883,0.1147
3099,17.327,0.3718,72.41,30.62,20.57,4.4273,1.7874,6.2147,0.2708,22.9484,0.6566,0.0169
3100,35.5833,0.3441,71.03,14.09,31.96,9.0768,1.6858,10.7626,0.2592,41.5294,0.6716,0.0169
3101,35.8722,0.3552,52.2,19.63,58.69,9.4506,1.8924,11.343,0.2792,40.6308,0.6462,0.0151
3102,22.9483,0.4058,30.78,13.58,50.41,6.2469,2.0819,8.3288,0.3153,26.413,0.6001,0.0218
3103,19.0075,0.3825,37.5,16.54,11.45,5.0288,1.9083,6.9371,0.2955,23.4745,0.6254,0.0158
3104,29.2106,0.6921,27.12,87.65,37.44,7.1007,3.42,10.5207,0.5501,19.1236,0.3027,0.1286
3105,35.9702,0.3896,16.52,33.53,13.04,9.7193,2.0753,11.7946,0.2958,39.8801,0.625,0.0171
3106,37.7739,0.4269,26.6,89.05,7.73,10.4102,2.2469,12.6571,0.3308,38.2617,0.5807,0.1165
3107,17.7382,0.3348,64.74,84.6,39.76,4.1468,1.5463,5.6931,0.2366,24.0664,0.7001,0.0221
3108,33.7812,0.4221,51.61,44.28,70.59,9.3325,2.1752,11.5077,0.3343,34.4226,0.5764,0.0158
3109,24.1168,0.5953,89.82,61.87,78.46,6.5439,3.0223,9.5662,0.4693,20.3836,0.4053,0.1715
3110,28.6192,0.5273,67.9,82.11,27.39,8.0895,2.6215,10.711,0.4069,26.3203,0.4843,0.139
3111,29.1444,0.6507,85.47,76.01,43.84,7.6203,3.246,10.8663,0.504,21.5593,0.3614,0.1395
3112,18.0135,0.5874,88.7,26.27,17.71,4.9242,2.9951,7.9193,0.4588,17.2618,0.4188,0.2379
3113,30.4935,0.5306,19.64,37.64,36.25,8.5108,2.7315,11.2422,0.4153,27.0711,0.4739,0.1279
3114,26.6533,0.5801,22.05,84.11,47.22,7.21,2.9027,10.1127,0.4568,22.1382,0.4214,0.1532
3115,43.1884,0.4763,74.45,38.82,78.0,12.1395,2.5473,14.6868,0.3741,39.264,0.5261,0.1017
3116,31.3564,0.5227,8.69,37.03,11.95,8.8342,2.7303,11.5645,0.405,28.5536,0.4867,0.1395
3117,41.4443,0.3042,62.05,80.5,4.2,9.8104,1.574,11.3843,0.2183,52.1571,0.7235,0.0155
3118,42.9158,0.6589,7.37,88.99,58.75,11.193,3.3216,14.5146,0.5133,28.2785,0.3497,0.0963
3119,35.6443,0.6944,85.71,11.4,56.17,8.7248,3.4903,12.2151,0.542,22.5374,0.3133,0.108
3120,43.7108,0.3794,49.72,79.91,22.66,11.7276,2.017,13.7446,0.2966,46.3445,0.6242,0.0147
3121,33.3646,0.6097,18.42,9.02,67.41,8.9156,2.9883,11.9039,0.4807,24.7625,0.3911,0.1126
3122,32.9137,0.3848,46.02,53.79,47.04,8.8566,1.9513,10.8079,0.3,36.0301,0.62,0.0165
3123,33.0187,0.6113,70.69,70.37,65.82,8.9223,2.9829,11.9052,0.4799,24.8074,0.392,0.1184
3124,26.8433,0.6135,26.82,23.0,80.07,7.0608,3.0351,10.0959,0.4904,20.5865,0.3786,0.125
3125,20.2024,0.5872,37.92,7.68,51.42,5.5312,2.831,8.3622,0.4768,17.5373,0.3957,0.1834
3126,35.1543,0.4856,80.65,50.14,45.74,9.8514,2.5058,12.3572,0.3817,32.3763,0.5164,0.1221
3127,32.1009,0.3603,26.74,77.93,42.32,8.3807,1.8087,10.1894,0.2751,37.0386,0.6513,0.0198
3128,39.8679,0.5409,53.53,37.59,19.05,11.264,2.7836,14.0475,0.4201,33.4386,0.4677,0.1072
3129,18.9764,0.6113,13.67,89.44,50.14,5.0199,3.2102,8.2301,0.4739,17.3684,0.3997,0.2194
3130,37.6948,0.3113,24.27,24.28,35.07,9.3084,1.625,10.9334,0.239,45.7377,0.697,0.0164
3131,26.8215,0.4517,38.12,72.12,76.39,7.4111,2.1944,9.6055,0.3515,27.3241,0.5544,0.1583
3132,17.458,0.6493,71.92,61.05,87.87,4.5576,3.1027,7.6603,0.5047,15.1783,0.3605,0.2285
3133,39.3771,0.5996,63.76,57.44,21.29,10.8383,3.0504,13.8887,0.47,29.5528,0.4046,0.1
3134,31.6251,0.6779,46.04,53.91,77.82,8.0168,3.3717,11.3884,0.5357,21.2605,0.3214,0.1247
3135,46.3549,0.3917,24.21,5.39,27.74,12.5262,2.0327,14.5589,0.3015,48.2894,0.6178,0.0172
3136,18.0976,0.5712,5.44,48.07,61.61,5.0023,2.8762,7.8785,0.4233,18.613,0.4637,0.2268
3137,38.5987,0.6143,66.41,7.42,61.95,10.345,3.0594,13.4044,0.4796,27.9489,0.3922,0.1057
3138,46.7623,0.6448,4.77,74.66,5.93,12.3892,3.3089,15.6981,0.5003,31.3765,0.366,0.0847
3139,44.4852,0.4675,51.65,54.77,6.31,12.5964,2.3453,14.9418,0.3662,40.8053,0.5361,0.0893
3140,20.06,0.3693,34.02,40.81,68.21,5.4023,1.8939,7.2962,0.2944,24.7843,0.627,0.0223
3141,45.1578,0.3595,33.12,22.14,61.52,11.9324,1.9479,13.8803,0.2795,49.6583,0.6459,0.0152
3142,22.098,0.6325,39.63,4.88,0.44,5.9438,3.2213,9.1651,0.5066,18.0908,0.3583,0.1872
3143,27.8159,0.3032,42.24,77.52,45.11,6.7689,1.4228,8.1917,0.2292,35.7396,0.7095,0.0166
3144,35.8393,0.6465,27.36,81.43,55.63,9.3489,3.3125,12.6614,0.5152,24.5779,0.3474,0.1167
3145,31.9863,0.3937,17.48,20.92,79.8,8.4346,1.9247,10.3592,0.3002,34.5068,0.6196,0.018
3146,46.1034,0.5733,38.0,84.38,34.39,12.8007,2.8788,15.6795,0.4506,34.799,0.4291,0.0821
3147,39.0087,0.691,19.35,26.75,84.59,9.4475,3.3192,12.7668,0.554,23.0442,0.298,0.108
3148,29.9277,0.5572,19.86,64.1,7.49,8.3607,2.9602,11.3209,0.4381,25.8401,0.4447,0.1453
3149,23.631,0.4163,53.46,18.31,44.57,6.4834,2.0614,8.5448,0.321,26.6164,0.5932,0.0178
3150,38.4152,0.6719,36.01,81.58,72.68,9.7517,3.3312,13.0829,0.5323,24.5801,0.3256,0.1065
3151,39.7867,0.4308,35.88,62.79,40.06,10.9789,2.2093,13.1881,0.3355,39.3077,0.5746,0.1057
3152,25.6535,0.3669,43.16,45.95,0.43,6.6571,1.5884,8.2455,0.2765,29.8229,0.6497,0.0166
3153,36.0962,0.3691,24.45,89.79,22.83,9.3955,2.0176,11.4131,0.279,40.904,0.6464,0.0145
3154,26.3541,0.6833,12.48,20.46,68.48,6.6248,3.4113,10.036,0.5362,18.7178,0.321,0.1512
3155,39.6275,0.4239,50.8,9.82,38.04,10.8892,2.1922,13.0814,0.3312,39.4966,0.5804,0.1073
3156,45.0184,0.5318,34.3,0.69,8.77,12.662,2.6423,15.3043,0.423,36.1772,0.4639,0.1019
3157,22.6236,0.6098,88.6,47.82,40.57,6.0688,3.0987,9.1675,0.4752,19.2912,0.3977,0.1683
3158,42.3232,0.6619,89.66,63.56,33.83,10.8569,3.3738,14.2307,0.5199,27.373,0.3411,0.0974
3159,34.3529,0.6058,45.99,5.74,51.67,9.2989,3.0005,12.2994,0.4829,25.4696,0.3883,0.1152
3160,42.8818,0.4049,0.52,74.57,87.75,11.6486,2.198,13.8467,0.3119,44.3952,0.6047,0.093
3161,34.3419,0.5192,68.73,86.38,40.66,9.6051,2.5482,12.1532,0.4012,30.2947,0.4918,0.1226
3162,26.2645,0.5225,37.91,71.48,42.78,7.3666,2.4823,9.8489,0.4176,23.5854,0.4709,0.1688
3163,37.2624,0.4441,39.37,61.23,47.22,10.4494,2.3615,12.811,0.3527,36.3186,0.553,0.1204
3164,26.4482,0.5539,64.64,0.29,24.52,7.3986,2.8113,10.2099,0.4386,23.2786,0.4441,0.1655
3165,28.0314,0.6918,20.76,17.57,86.98,6.7106,3.3804,10.0909,0.5538,18.2228,0.2982,0.1404
3166,23.6131,0.6079,15.69,88.49,84.26,6.4989,3.0564,9.5554,0.4685,20.3943,0.4062,0.1786
3167,27.2008,0.4824,49.55,49.25,56.94,7.6512,2.3337,9.9849,0.3805,26.2444,0.518,0.1511
3168,23.6268,0.651,82.31,69.31,19.42,6.1853,3.2523,9.4376,0.5106,18.4831,0.3531,0.1548
3169,31.8985,0.5433,60.96,9.0,62.32,8.8277,2.7075,11.5353,0.4247,27.1628,0.4619,0.1322
3170,21.7197,0.5451,13.17,66.34,23.99,6.08,2.7323,8.8123,0.4268,20.6472,0.4593,0.1989
3171,33.6954,0.3527,59.61,70.4,77.07,8.8288,1.7761,10.6049,0.2701,39.2563,0.6575,0.0146
3172,35.3809,0.4411,63.09,18.15,13.59,9.8132,2.2453,12.0586,0.338,35.677,0.5717,0.117
3173,40.0874,0.371,28.18,28.93,33.08,10.6144,1.8754,12.4898,0.2872,43.4839,0.636,0.015
3174,23.0893,0.4305,33.97,88.93,28.36,6.3299,2.2547,8.5846,0.3234,26.5439,0.5901,0.0176
3175,31.935,0.5659,80.95,67.15,46.06,8.8171,2.8441,11.6612,0.4438,26.2785,0.4376,0.128
3176,42.6166,0.4187,37.03,28.18,11.8,11.765,2.2361,14.001,0.3244,43.1539,0.5888,0.104
3177,25.1905,0.4249,17.0,54.67,22.6,7.0569,2.0971,9.154,0.3334,27.4559,0.5776,0.0175
3178,34.1061,0.6716,9.45,69.02,52.9,8.7249,3.4294,12.1543,0.5246,23.1696,0.3353,0.1189
3179,23.4945,0.3269,83.39,67.44,20.64,5.6898,1.7266,7.4164,0.2421,30.6302,0.693,0.0187
3180,37.4995,0.4875,48.82,49.42,87.03,10.6317,2.4968,13.1285,0.3856,34.0503,0.5115,0.1172
3181,36.7618,0.3367,63.38,76.2,23.8,9.3288,1.731,11.0598,0.2569,43.0528,0.6744,0.0152
3182,20.6321,0.3356,46.42,4.97,34.38,5.025,1.4521,6.4771,0.2357,27.4755,0.7011,0.0177
3183,25.2941,0.5058,4.0,83.79,82.62,6.968,2.4752,9.4431,0.4053,23.3012,0.4865,0.1664
3184,33.0452,0.3575,45.94,45.67,21.59,8.6771,1.8315,10.5085,0.2732,38.4649,0.6538,0.0167
3185,28.1811,0.3955,48.99,14.67,31.98,7.5178,2.0297,9.5476,0.2987,31.9671,0.6216,0.0191
3186,45.5274,0.4249,15.31,8.37,21.12,12.5623,2.2045,14.7668,0.3282,44.9981,0.5842,0.1042
3187,17.0315,0.5609,67.05,26.84,48.82,4.6452,2.8021,7.4473,0.4401,16.9224,0.4423,0.2653
3188,46.2965,0.6019,38.83,81.04,10.54,12.6156,2.9973,15.6129,0.4732,32.9963,0.4006,0.0911
3189,20.7829,0.4554,43.05,46.47,12.37,5.7294,2.155,7.8845,0.3404,23.1646,0.5687,0.0188
3190,31.9008,0.312,46.92,58.18,55.06,8.0358,1.6393,9.6751,0.2472,39.1333,0.6868,0.0158
3191,41.0634,0.4037,73.97,68.33,86.58,11.2029,2.1417,13.3446,0.3131,42.6178,0.6031,0.0158
3192,37.6413,0.5253,28.17,80.81,29.87,10.5292,2.6382,13.1674,0.4115,31.9955,0.4785,0.1053
3193,17.8569,0.4955,17.68,58.66,70.9,5.0465,2.4453,7.4917,0.3741,20.0255,0.5258,0.2327
3194,44.6207,0.4499,42.01,1.95,11.18,12.4709,2.1951,14.666,0.3427,42.7898,0.5658,0.0889
3195,42.5719,0.6684,42.31,84.97,55.51,10.9149,3.3746,14.2895,0.5277,27.0773,0.3314,0.0901
3196,34.4013,0.5212,7.23,15.39,9.92,9.7434,2.5718,12.3152,0.404,30.483,0.488,0.1435
3197,25.5345,0.6112,89.38,40.84,30.0,6.8942,2.9477,9.8419,0.4758,20.6838,0.3969,0.1562
3198,33.8983,0.5606,49.93,73.5,61.73,9.4165,2.8498,12.2663,0.4367,28.0873,0.4466,0.1295
3199,42.9588,0.6797,44.11,12.95,64.36,10.7743,3.4646,14.2389,0.5338,26.6752,0.3237,0.0904
3200,39.1745,0.4952,65.37,76.23,20.52,11.0189,2.4996,13.5185,0.3862,35.0028,0.5106,0.1068
3201,33.6557,0.4132,26.73,29.89,17.47,9.1786,2.1571,11.3357,0.316,35.8756,0.5995,0.0182
3202,26.5017,0.6732,34.59,86.74,56.1,6.5871,3.3718,9.9589,0.5375,18.5282,0.3189,0.1443
3203,38.1529,0.5468,28.75,88.11,22.76,10.6931,2.75,13.4431,0.4275,31.443,0.4581,0.1113
3204,42.0002,0.3187,82.18,49.12,31.39,10.4478,1.6802,12.128,0.2415,50.2225,0.6939,0.0149
3205,21.1046,0.6688,87.07,41.25,42.99,5.3932,3.2756,8.6688,0.519,16.7013,0.3422,0.1894
3206,40.1207,0.3906,33.61,52.24,39.96,10.7897,1.9889,12.7785,0.3027,42.2174,0.6164,0.0153
3207,30.6802,0.6187,54.67,40.59,59.29,8.1862,3.0928,11.279,0.4845,23.2809,0.3859,0.1239
3208,39.0648,0.6337,9.22,14.43,23.07,10.346,3.2398,13.5858,0.5024,27.0405,0.3632,0.1091
3209,20.1023,0.3634,17.57,66.51,38.32,5.286,1.7429,7.0289,0.2777,25.3153,0.6482,0.0188
3210,28.2688,0.6648,19.31,12.26,60.45,7.2994,3.3036,10.603,0.5184,20.4544,0.3432,0.1299
3211,27.488,0.5531,51.12,9.08,9.16,7.6777,2.6299,10.3076,0.4365,23.6116,0.4468,0.1505
3212,33.8468,0.6394,39.61,1.39,88.04,8.762,3.0652,11.8272,0.5147,22.9803,0.3479,0.1116
3213,26.4309,0.3725,26.91,1.29,37.2,6.8797,1.8199,8.6996,0.2681,32.4548,0.6603,0.0155
3214,35.1094,0.3874,76.17,45.97,78.83,9.5334,1.9454,11.4788,0.3078,37.2945,0.61,0.0159
3215,22.3708,0.467,52.45,33.47,71.95,6.2127,2.3173,8.53,0.3674,23.2174,0.5347,0.1765
3216,21.7944,0.3763,32.79,71.6,12.57,5.639,1.7711,7.4101,0.267,27.7481,0.6616,0.0194
3217,25.652,0.3351,30.47,87.1,66.33,6.3801,1.6069,7.9871,0.2517,31.7269,0.6808,0.0164
3218,32.3688,0.3546,60.24,72.66,27.67,8.3324,1.7362,10.0686,0.271,37.1481,0.6565,0.016
3219,44.0955,0.5758,52.75,24.8,77.57,12.1389,2.9779,15.1168,0.4536,33.3225,0.4252,0.0933
3220,27.2375,0.3068,75.2,83.69,31.19,6.2986,1.4188,7.7174,0.2224,34.7061,0.7183,0.017
3221,20.6194,0.3405,66.03,52.41,23.24,5.2639,1.6933,6.9573,0.255,27.282,0.6769,0.0175
3222,31.0816,0.4958,43.2,51.13,53.18,8.7735,2.536,11.3095,0.3878,29.1667,0.5087,0.1324
3223,34.2203,0.5674,37.57,85.31,31.72,9.423,2.8569,12.2799,0.4468,27.4865,0.4338,0.1111
3224,16.8384,0.6121,39.83,49.29,66.24,4.516,2.9532,7.4692,0.4727,15.8001,0.4013,0.2455
3225,37.1788,0.5254,29.69,19.54,25.34,10.3776,2.6066,12.9842,0.4168,31.1488,0.4717,0.1079
3226,20.5483,0.6357,33.77,17.24,58.85,5.3802,3.065,8.4452,0.5011,16.8518,0.3652,0.1975
3227,31.0859,0.4117,32.13,54.32,2.88,8.5028,2.122,10.6248,0.3165,33.5712,0.599,0.0181
3228,27.4101,0.6404,47.77,13.37,1.71,7.2263,3.013,10.2393,0.5014,20.4211,0.3647,0.1515
3229,34.5054,0.4201,23.12,6.62,42.61,9.4291,2.0871,11.5162,0.3204,35.9388,0.5939,0.0188
3230,34.2846,0.5399,37.27,5.22,24.18,9.6507,2.74,12.3907,0.4289,28.8895,0.4566,0.1285
3231,36.4928,0.5858,30.7,76.79,3.28,10.0059,3.1601,13.166,0.4654,28.289,0.4103,0.1236
3232,40.3801,0.5933,12.53,88.93,73.19,11.0525,2.9397,13.9922,0.4652,30.0802,0.4107,0.0928
3233,42.4509,0.6406,15.02,65.6,83.04,11.0761,3.3224,14.3985,0.5141,28.0065,0.3486,0.0922
3234,28.339,0.3467,63.44,35.97,14.86,7.3174,1.6814,8.9988,0.2643,34.048,0.6651,0.0162
3235,40.3146,0.5729,74.28,75.12,8.45,11.1546,2.9212,14.0758,0.4483,31.3993,0.4321,0.096
3236,23.6218,0.5119,87.74,42.74,82.21,6.6109,2.6199,9.2309,0.4132,22.3392,0.4764,0.1853
3237,28.8026,0.3091,27.52,29.94,47.46,6.9827,1.5467,8.5294,0.2312,36.8962,0.7068,0.0158
3238,36.3651,0.4794,26.49,82.48,54.48,10.214,2.5005,12.7145,0.3729,34.0974,0.5275,0.1117
3239,44.8288,0.4167,72.05,12.72,11.0,12.2212,2.2082,14.4293,0.3207,44.9982,0.5935,0.0981
3240,15.9536,0.6944,59.82,50.88,78.58,3.9874,3.1627,7.1501,0.5398,13.2459,0.3162,0.2802
3241,31.6913,0.4561,17.62,15.41,5.77,8.7537,2.2568,11.0105,0.3527,31.2179,0.5531,0.1391
3242,23.0059,0.6007,68.6,35.58,70.57,6.2816,2.9592,9.2408,0.474,19.4952,0.3994,0.1681
3243,23.7334,0.4875,11.25,77.19,66.83,6.6427,2.4927,9.1354,0.3818,23.9257,0.516,0.1738
3244,25.0709,0.3941,13.86,44.62,31.41,6.7692,1.7971,8.5663,0.3045,28.1316,0.6138,0.018
3245,33.5719,0.6828,41.94,37.8,16.57,8.4753,3.3916,11.8669,0.5412,21.926,0.3143,0.1292
3246,38.6236,0.4375,53.49,38.72,50.61,10.7637,2.2393,13.003,0.3416,38.0641,0.5672,0.1066
3247,22.0459,0.3385,26.85,61.29,84.16,5.5102,1.6752,7.1853,0.2525,28.4571,0.6797,0.0165
3248,44.131,0.6459,3.17,69.72,2.79,11.8298,3.3663,15.1961,0.493,30.8227,0.3754,0.0847
3249,24.4241,0.3005,61.29,76.33,35.51,5.778,1.5045,7.2825,0.2288,31.8238,0.7101,0.017
3250,32.9822,0.5854,74.78,51.64,48.74,9.0535,2.8617,11.9152,0.4583,25.9964,0.4191,0.1155
3251,36.0568,0.5488,68.3,28.96,75.43,10.0239,2.7212,12.7451,0.4292,29.6964,0.4561,0.1049
3252,37.8771,0.667,89.07,42.88,71.93,9.5492,3.3659,12.9151,0.5305,24.3472,0.3278,0.1049
3253,40.8147,0.496,2.29,56.46,67.66,11.4611,2.4066,13.8677,0.385,36.0166,0.5119,0.1119
3254,28.4295,0.32,38.94,70.17,13.4,6.9977,1.5319,8.5296,0.2342,36.4164,0.7032,0.0186
3255,35.2511,0.529,86.05,11.03,21.18,9.9013,2.6409,12.5422,0.4137,30.3206,0.4756,0.1182
3256,20.6455,0.6133,70.94,68.01,9.92,5.5889,2.9189,8.5078,0.4701,18.0963,0.4041,0.1912
3257,38.2628,0.3428,89.02,25.77,38.48,9.7874,1.7643,11.5517,0.269,42.9413,0.659,0.0178
3258,17.8253,0.4769,39.7,38.3,85.78,4.9838,2.2302,7.2139,0.3599,20.0436,0.5441,0.2236
3259,45.4413,0.5979,34.53,36.81,53.7,12.4674,3.0909,15.5583,0.4697,33.1219,0.4049,0.0883
3260,30.9169,0.683,80.94,7.84,39.73,7.6466,3.3435,10.9902,0.5361,20.4991,0.3205,0.117
3261,39.9682,0.6216,38.95,22.65,59.25,10.732,3.0009,13.7329,0.4887,28.1015,0.3809,0.0991
3262,28.9002,0.6218,39.18,87.14,22.56,7.7847,3.0468,10.8316,0.4857,22.303,0.3846,0.1379
3263,44.2838,0.5682,10.42,45.31,14.06,12.4546,2.9006,15.3552,0.4493,34.1722,0.4305,0.0967
3264,28.0366,0.354,86.15,67.35,39.87,7.3008,1.817,9.1178,0.2776,32.8504,0.6482,0.0161
3265,39.4776,0.4012,69.68,63.9,76.98,10.8212,2.0787,12.8999,0.3105,41.5405,0.6064,0.0166
3266,28.9726,0.4108,30.29,44.32,42.79,7.9071,1.9999,9.907,0.3135,31.5999,0.6027,0.017
3267,36.7826,0.6111,12.57,42.04,59.38,9.9439,3.1479,13.0918,0.4826,27.1273,0.3884,0.1139
3268,34.9981,0.6698,74.35,17.23,33.21,8.7506,3.3473,12.098,0.5335,22.6772,0.3238,0.1105
3269,43.1368,0.6843,35.57,52.96,29.14,10.7707,3.4481,14.2187,0.5397,26.3443,0.3163,0.0905
3270,39.3108,0.6116,31.51,18.93,15.27,10.5704,2.9311,13.5014,0.4854,27.8146,0.3852,0.106
3271,26.7947,0.5626,37.42,19.73,81.62,7.3403,2.7231,10.0633,0.4424,22.7476,0.4393,0.1376
3272,45.3927,0.6734,43.21,36.8,30.3,11.6068,3.3724,14.9792,0.5306,28.2284,0.3275,0.0913
3273,25.9973,0.3864,55.26,17.77,76.41,6.8146,1.8888,8.7034,0.2959,29.4129,0.6251,0.0157
3274,16.665,0.57,33.9,65.99,57.77,4.6211,2.6691,7.2902,0.4373,16.67,0.4459,0.2529
3275,18.8692,0.6571,40.37,44.63,68.99,4.8583,3.1946,8.0529,0.5178,15.5528,0.3439,0.2181
3276,20.9509,0.619,0.65,0.16,48.57,5.711,3.1752,8.8862,0.4935,18.0083,0.3747,0.2049
3277,19.3945,0.3442,88.21,64.51,51.6,4.865,1.771,6.636,0.2594,25.5825,0.6713,0.021
3278,41.1318,0.4296,62.71,6.98,60.22,11.2792,2.2521,13.5313,0.3366,40.1994,0.5735,0.1078
3279,21.3008,0.4417,32.67,23.35,71.7,5.9041,2.1075,8.0115,0.3444,23.2632,0.5636,0.0184
3280,33.4924,0.6468,22.75,42.5,59.42,8.6191,3.2245,11.8436,0.5144,23.0223,0.3482,0.1301
3281,39.5521,0.3759,49.05,1.36,3.55,10.3434,1.6691,12.0125,0.2676,44.8886,0.6607,0.0199
3282,44.185,0.4301,57.3,13.51,11.79,12.2182,2.2715,14.4896,0.3307,43.8215,0.581,0.0929
3283,16.5155,0.699,50.15,9.66,58.51,3.9816,3.4589,7.4405,0.5595,13.2977,0.2911,0.2441
3284,28.7214,0.5895,18.78,78.32,86.59,7.8741,2.9416,10.8157,0.4622,23.3995,0.4145,0.14
3285,40.015,0.3073,49.43,69.9,19.36,9.6924,1.4326,11.1249,0.2316,48.0428,0.7064,0.0142
3286,21.9102,0.3491,23.96,24.43,27.69,5.5096,1.6207,7.1303,0.2546,28.0104,0.6774,0.0175
3287,18.0162,0.3192,15.57,17.57,34.27,4.4477,1.6317,6.0794,0.2504,24.2751,0.682,0.0223
3288,44.8198,0.3821,7.93,58.3,5.14,12.0662,1.9172,13.9834,0.2927,47.7721,0.629,0.0161
3289,34.0107,0.434,37.15,39.56,30.34,9.3527,2.2416,11.5943,0.3326,34.8632,0.5786,0.1244
3290,17.122,0.3392,25.69,3.71,74.51,4.3423,1.555,5.8973,0.256,23.0327,0.6754,0.0203
3291,28.4949,0.4859,69.1,35.83,25.44,8.05,2.3985,10.4485,0.3783,27.62,0.5205,0.1402
3292,40.9909,0.4822,29.75,67.93,17.47,11.5421,2.5184,14.0606,0.3731,37.6823,0.5272,0.1015
3293,46.9143,0.3489,70.38,18.23,22.32,12.1202,1.8879,14.0081,0.2672,52.4329,0.6614,0.0145
3294,42.6759,0.4859,64.98,82.44,15.82,11.997,2.5826,14.5796,0.3796,38.4103,0.5189,0.098
3295,24.6548,0.4816,12.86,54.13,59.44,6.9429,2.3682,9.3111,0.3823,24.358,0.5157,0.1753
3296,20.9335,0.4928,22.55,33.7,8.75,5.7947,2.1833,7.978,0.3727,21.4049,0.5277,0.2348
3297,41.4335,0.3502,77.9,44.54,21.85,10.675,1.882,12.5569,0.2629,47.7581,0.6669,0.0166
3298,32.7238,0.5328,60.23,82.47,8.24,9.1541,2.5894,11.7435,0.4213,27.8727,0.4663,0.1192
3299,42.8786,0.4354,27.01,85.45,9.88,11.8629,2.3435,14.2064,0.3358,42.3022,0.5744,0.0928
3300,32.8158,0.3301,26.61,0.74,77.63,8.0039,1.4473,9.4512,0.2313,40.8538,0.7068,0.0159
3301,16.9422,0.3654,30.83,34.96,13.21,4.3586,1.7634,6.122,0.2607,23.4805,0.6693,0.0192
3302,24.4653,0.6805,49.67,86.48,56.27,6.048,3.4336,9.4816,0.5384,17.6091,0.318,0.1808
3303,27.8461,0.6273,62.95,25.37,74.56,7.4342,3.0066,10.4408,0.4908,21.2741,0.3782,0.1498
3304,26.2398,0.3946,68.99,53.14,85.51,7.1239,1.9131,9.0369,0.3063,29.504,0.612,0.0172
3305,21.0934,0.4646,66.89,49.87,25.2,5.9308,2.3283,8.2591,0.3564,23.1736,0.5486,0.1961
3306,38.5323,0.6515,0.26,65.13,72.33,10.1239,3.1159,13.2398,0.5158,25.6675,0.3465,0.1153
3307,33.7152,0.6147,4.67,12.28,76.81,9.1622,3.1444,12.3066,0.4698,26.193,0.4045,0.1149
3308,19.0693,0.5592,36.04,54.94,62.37,5.1726,2.73,7.9026,0.4349,18.1707,0.4489,0.2042
3309,30.925,0.4405,35.41,42.24,62.02,8.6378,2.3138,10.9516,0.3506,31.2343,0.5555,0.1403
3310,29.918,0.5191,86.8,18.6,1.97,8.3857,2.9223,11.3079,0.3998,28.2855,0.4937,0.136
3311,19.4857,0.6585,14.88,13.83,82.19,4.956,3.2439,8.1998,0.5024,16.3223,0.3635,0.173
3312,21.5707,0.4189,44.07,43.72,79.51,5.8118,2.139,7.9508,0.3176,25.0329,0.5973,0.018
3313,20.0391,0.3911,47.36,61.94,49.57,5.2362,1.8895,7.1257,0.2969,23.9974,0.6236,0.0176
3314,37.5419,0.4071,2.6,38.26,25.05,10.4043,2.0439,12.4482,0.3286,37.8778,0.5832,0.1178
3315,38.5472,0.4043,46.64,54.42,67.26,10.5656,1.9851,12.5507,0.3168,39.6183,0.5986,0.0159
3316,28.0965,0.5088,61.18,75.49,46.59,7.8568,2.4777,10.3345,0.3945,26.1995,0.5002,0.1375
3317,34.5134,0.3516,88.76,8.73,25.29,9.0411,1.8127,10.8538,0.2745,39.5347,0.652,0.02
3318,24.2173,0.4555,18.07,54.19,80.96,6.798,2.3467,9.1447,0.3524,25.9472,0.5533,0.1879
3319,25.9209,0.6335,67.85,15.49,11.01,6.7137,3.0646,9.7782,0.5036,19.4178,0.3616,0.152
3320,45.9296,0.5177,6.38,26.1,5.09,13.0006,2.5901,15.5907,0.4013,38.8484,0.4912,0.0952
3321,38.3778,0.5501,83.25,29.8,84.97,10.6166,2.7049,13.3215,0.4291,31.0437,0.4563,0.0998
3322,24.2845,0.3737,22.01,58.65,20.34,6.32,1.8433,8.1633,0.2766,29.5089,0.6492,0.0169
3323,43.1727,0.4995,43.63,35.3,44.4,12.2203,2.6683,14.8886,0.3909,38.0868,0.5046,0.0936
3324,34.5888,0.3193,47.97,48.3,54.88,8.6893,1.7599,10.4491,0.2491,41.9407,0.6844,0.0144
3325,22.5899,0.3739,43.18,75.63,64.25,6.0182,1.867,7.8852,0.2834,27.8197,0.6406,0.0162
3326,16.5655,0.3239,21.63,27.65,79.22,4.1427,1.5489,5.6917,0.2475,22.9926,0.6862,0.0204
3327,20.9612,0.6395,67.74,73.16,16.36,5.5567,3.1249,8.6816,0.4944,17.56,0.3733,0.1489
3328,31.0879,0.5548,40.02,16.09,51.63,8.569,2.8597,11.4287,0.4407,25.9332,0.4417,0.1286
3329,38.3689,0.5185,56.52,85.17,12.56,10.8127,2.6017,13.4145,0.4095,32.7603,0.4811,0.1148
3330,34.1237,0.6271,73.39,23.25,60.57,9.0953,3.1048,12.2001,0.4876,25.0227,0.3824,0.1131
3331,29.6301,0.3312,18.84,80.68,82.39,7.4553,1.6876,9.1429,0.251,36.4231,0.6819,0.0161
3332,16.9268,0.411,61.63,86.03,73.15,4.7301,2.0124,6.7425,0.3142,21.4624,0.6018,0.0208
3333,35.457,0.5259,1.4,54.18,73.62,10.005,2.7113,12.7162,0.4142,30.7009,0.4748,0.1234
3334,43.1199,0.6408,87.21,23.51,69.65,11.3293,3.2951,14.6245,0.5021,29.1285,0.364,0.096
3335,28.15,0.6778,87.67,62.48,85.59,6.9597,3.3405,10.3002,0.5376,19.1587,0.3191,0.1356
3336,42.1372,0.5423,89.64,57.37,51.67,11.8143,2.7933,14.6076,0.4259,34.2998,0.4605,0.0956
3337,27.3081,0.3013,29.0,73.06,36.26,6.5093,1.4212,7.9305,0.2206,35.9546,0.7203,0.0157
3338,20.7288,0.6399,52.49,74.84,77.33,5.4107,3.115,8.5257,0.5038,16.9218,0.3616,0.1939
3339,23.2391,0.4107,2.34,46.92,88.32,6.4061,2.1909,8.597,0.3401,25.2769,0.5687,0.0206
3340,45.0061,0.3689,67.04,77.22,12.04,11.94,1.862,13.802,0.2825,48.8508,0.6418,0.0157
3341,37.166,0.6608,11.91,50.61,36.54,9.5852,3.3259,12.911,0.5225,24.7099,0.3378,0.1073
3342,33.6622,0.6903,29.42,19.1,69.93,8.3326,3.4367,11.7692,0.5452,21.5851,0.3094,0.1095
3343,30.3477,0.698,83.74,78.68,38.19,7.503,3.4527,10.9557,0.5419,20.2188,0.3134,0.1323
3344,26.2284,0.5305,72.69,21.06,70.2,7.3286,2.6459,9.9745,0.4149,24.0402,0.4742,0.147
3345,30.5906,0.3906,79.74,30.62,33.62,8.1969,2.0435,10.2404,0.3048,33.5953,0.6136,0.0168
3346,16.3604,0.6417,13.88,88.27,39.81,4.4352,3.0048,7.44,0.4765,15.6151,0.3964,0.2142
3347,33.0866,0.5094,32.01,56.46,74.15,9.2736,2.5754,11.849,0.3999,29.6303,0.4933,0.128
3348,37.0908,0.5213,35.93,37.61,65.52,10.3877,2.6251,13.0127,0.4105,31.7024,0.4796,0.106
3349,20.2218,0.4876,58.57,81.61,26.04,5.6376,2.4157,8.0533,0.3733,21.5732,0.5269,0.207
3350,38.2445,0.317,66.34,83.44,48.05,9.5289,1.7048,11.2336,0.2461,45.6424,0.6881,0.0153
3351,30.3356,0.5535,51.28,47.44,8.29,8.3779,2.8713,11.2493,0.4348,25.8712,0.4491,0.1256
3352,20.054,0.6823,71.09,22.04,15.28,4.9281,3.2714,8.1995,0.5426,15.1118,0.3125,0.1864
3353,25.7621,0.3077,72.0,9.64,44.32,6.1988,1.5653,7.7641,0.2334,33.2622,0.7042,0.0211
3354,16.546,0.5753,70.35,30.56,4.63,4.6243,2.9255,7.5498,0.4403,17.1485,0.4421,0.2317
3355,25.0096,0.3047,66.04,46.89,51.14,6.0876,1.4693,7.5568,0.2367,31.9199,0.7,0.0187
3356,39.5451,0.5537,81.37,5.06,24.15,10.9842,2.9058,13.89,0.4358,31.8696,0.4477,0.1008
3357,40.0902,0.3149,26.15,66.87,10.93,9.6636,1.5251,11.1887,0.2281,49.0558,0.7111,0.0155
3358,36.4261,0.5165,24.59,5.45,18.8,10.3682,2.6235,12.9917,0.4043,32.1366,0.4876,0.1261
3359,31.1823,0.3195,89.1,19.34,0.65,7.6149,1.5829,9.1979,0.2419,38.0283,0.6936,0.0177
3360,23.9469,0.6706,58.7,19.7,21.43,6.0831,3.298,9.3811,0.5297,17.7113,0.3287,0.1767
3361,16.7118,0.423,85.21,79.47,64.72,4.3578,1.9112,6.269,0.2932,21.3833,0.6282,0.0209
3362,17.9547,0.5952,15.37,31.28,48.46,4.8135,3.0362,7.8497,0.4684,16.7601,0.4066,0.2461
3363,39.7893,0.3033,4.67,11.3,81.63,9.9267,1.4961,11.4228,0.2468,46.2844,0.687,0.017
3364,16.1288,0.5512,1.08,19.49,76.42,4.5217,2.5018,7.0235,0.4067,17.2697,0.4843,0.2725
3365,26.2272,0.4972,37.53,7.97,19.14,7.4111,2.5211,9.9322,0.3961,25.0749,0.4981,0.1685
3366,18.8823,0.3009,34.3,49.12,67.94,4.7328,1.5047,6.2375,0.2366,26.3598,0.7,0.0299
3367,29.4731,0.5592,64.7,47.27,63.93,8.2343,2.8746,11.1089,0.4352,25.5246,0.4487,0.1329
3368,42.4637,0.3252,8.82,68.22,40.99,10.7592,1.7728,12.532,0.2508,49.9765,0.6823,0.0154
3369,24.3909,0.4129,70.61,58.62,26.3,6.5948,2.0227,8.6176,0.3149,27.3686,0.601,0.0176
3370,21.2484,0.4143,8.63,56.29,2.41,5.7935,2.0875,7.881,0.3225,24.4338,0.5913,0.0219
3371,17.5345,0.4765,45.32,28.8,82.91,4.8147,2.267,7.0817,0.3514,20.1553,0.5547,0.2218
3372,35.9693,0.3043,58.52,18.92,12.84,8.5051,1.592,10.0971,0.2226,45.3678,0.7179,0.0151
3373,46.2354,0.4047,83.67,22.94,35.36,12.6094,2.2136,14.823,0.3184,46.5489,0.5964,0.0875
3374,32.5013,0.5335,18.29,47.49,17.14,9.1687,2.6366,11.8052,0.4171,28.3008,0.4715,0.1407
3375,35.7925,0.5773,65.4,79.71,34.57,9.9015,2.9068,12.8083,0.4525,28.3026,0.4267,0.1045
3376,37.6835,0.3517,7.24,65.91,76.1,9.8024,1.7265,11.5289,0.2723,42.3358,0.6548,0.0172
3377,46.7925,0.5728,48.56,85.8,21.99,12.9723,2.9098,15.8821,0.4449,35.7008,0.4364,0.0793
3378,18.3227,0.3473,65.36,14.29,51.87,4.6316,1.6788,6.3104,0.2658,23.744,0.6629,0.0193
3379,23.7361,0.4302,68.76,38.24,67.01,6.5906,2.2118,8.8024,0.3448,25.5318,0.563,0.0187
3380,30.3738,0.4468,51.72,81.04,53.84,8.4656,2.3123,10.7779,0.3474,31.0255,0.5597,0.1427
3381,24.7455,0.3327,58.37,53.81,12.62,6.3188,1.7001,8.0189,0.2602,30.8166,0.6703,0.0151
3382,46.9118,0.3072,50.57,21.79,33.58,11.6334,1.7151,13.3485,0.2409,55.4224,0.6949,0.015
3383,23.6653,0.3798,28.33,38.98,4.56,6.3109,2.0875,8.3984,0.2855,29.4183,0.6381,0.0163
3384,19.7659,0.4538,58.3,4.59,12.99,5.4848,2.0159,7.5008,0.3522,21.2967,0.5537,0.0209
3385,22.2117,0.4312,3.56,79.55,40.53,6.0655,2.2919,8.3574,0.3458,24.1692,0.5616,0.0217
3386,24.9088,0.5688,28.99,80.52,75.49,6.8973,2.9267,9.824,0.4456,22.0445,0.4353,0.1499
3387,28.2136,0.5265,68.68,87.57,23.16,7.8899,2.5545,10.4444,0.407,25.6626,0.4844,0.1356
3388,41.3868,0.4055,29.08,81.45,49.2,11.3289,2.1875,13.5164,0.3157,42.8095,0.6,0.015
3389,31.3852,0.6375,46.31,33.67,56.32,8.2618,3.1562,11.418,0.5004,22.8199,0.3661,0.1325
3390,19.0928,0.553,35.98,7.58,32.93,5.2938,2.6967,7.9905,0.4511,17.7152,0.4284,0.2302
3391,44.178,0.3848,53.26,11.53,73.77,11.842,2.0096,13.8515,0.3003,46.1332,0.6195,0.0156
3392,23.6369,0.4114,50.07,60.85,3.64,6.4927,2.2769,8.7696,0.3157,27.7798,0.6002,0.0201
3393,34.4069,0.3683,86.27,40.92,78.7,9.1856,1.8786,11.0641,0.2936,37.6857,0.6279,0.0172
3394,43.2779,0.6998,44.68,78.45,26.78,10.712,3.4757,14.1877,0.5468,25.9459,0.3072,0.0934
3395,29.6677,0.5572,13.08,16.73,27.13,8.2148,2.8672,11.0821,0.4397,25.2037,0.4429,0.1456
3396,39.9594,0.6579,24.75,6.04,44.69,10.3507,3.2709,13.6216,0.5185,26.2712,0.3431,0.0936
3397,35.2024,0.6133,54.77,68.94,18.44,9.4508,3.1255,12.5763,0.4874,25.8026,0.3827,0.1073
3398,34.5118,0.5712,19.78,47.42,78.25,9.5612,2.8654,12.4267,0.452,27.4918,0.4274,0.1255
3399,28.5475,0.6886,28.19,53.75,84.34,6.9346,3.431,10.3656,0.5517,18.7872,0.3009,0.1492
3400,40.9427,0.5664,62.23,64.98,54.9,11.3971,2.9072,14.3043,0.442,32.3637,0.4402,0.0906
3401,24.3586,0.4982,86.33,83.71,60.7,6.8754,2.5234,9.3988,0.3812,24.6562,0.5169,0.1723
3402,46.2523,0.3166,86.47,82.56,9.73,11.3462,1.5448,12.891,0.2368,54.4386,0.6999,0.0152
3403,36.7943,0.6029,81.9,47.05,34.86,9.974,3.0509,13.0249,0.4732,27.5271,0.4006,0.111
3404,46.5329,0.5486,80.39,83.97,22.24,12.9352,2.8727,15.8079,0.4278,36.9505,0.4581,0.0802
3405,37.9135,0.5072,73.83,88.06,13.52,10.6597,2.5754,13.235,0.3951,33.4981,0.4994,0.1078
3406,39.9811,0.3262,85.59,30.01,59.92,10.0598,1.5972,11.657,0.2529,46.092,0.6795,0.0161
3407,44.4081,0.4166,80.44,67.01,17.79,12.1297,2.1514,14.2811,0.321,44.4878,0.5932,0.0921
3408,34.0913,0.4386,7.53,22.95,85.81,9.3737,2.2399,11.6136,0.3409,34.0671,0.568,0.1163
3409,40.7993,0.3416,61.05,18.04,31.02,10.4109,1.7722,12.1831,0.2607,46.7299,0.6696,0.015
3410,32.0439,0.5307,88.98,15.51,67.12,8.8772,2.6413,11.5185,0.4177,27.576,0.4706,0.1341
3411,25.5677,0.5008,16.2,5.29,0.33,7.2037,2.5679,9.7716,0.3888,25.1338,0.5075,0.1847
3412,16.0172,0.4029,65.83,57.51,2.83,4.1731,1.7857,5.9588,0.2782,21.4189,0.6473,0.0206
3413,35.436,0.5355,75.12,23.67,83.07,9.9211,2.7242,12.6453,0.419,30.1802,0.4692,0.1211
3414,27.4822,0.6795,56.16,68.25,75.54,6.7657,3.2764,10.0421,0.5404,18.5841,0.3153,0.1491
3415,39.5546,0.4067,57.1,69.2,51.15,10.8252,2.112,12.9372,0.3151,41.0553,0.6008,0.0161
3416,26.0268,0.622,61.36,75.64,88.58,6.8972,3.0699,9.9671,0.4986,19.9902,0.3682,0.162
3417,46.1519,0.6866,86.45,63.67,68.26,11.4953,3.4724,14.9677,0.5424,27.5939,0.3127,0.0811
3418,23.5075,0.6959,18.33,7.0,62.6,5.6986,3.5088,9.2075,0.556,16.5607,0.2957,0.1685
3419,20.7038,0.3593,23.77,73.26,27.88,5.3768,1.7216,7.0984,0.2697,26.3199,0.6583,0.0188
3420,20.9318,0.4905,14.97,1.68,26.02,5.8396,2.1071,7.9467,0.375,21.1884,0.5247,0.2296
3421,43.7983,0.3358,14.57,53.55,76.47,11.1249,1.8037,12.9287,0.2534,51.0299,0.6789,0.0155
3422,35.0225,0.5904,25.65,27.84,27.94,9.5829,3.0488,12.6318,0.4697,26.8918,0.4049,0.1132
3423,46.2715,0.6414,46.44,17.32,2.4,12.092,3.2396,15.3316,0.5069,30.2453,0.3578,0.1047
3424,37.974,0.617,23.21,22.66,62.92,10.1052,3.0347,13.1399,0.4904,26.7961,0.3787,0.1116
3425,47.0491,0.5915,8.92,65.45,24.34,12.9423,3.0792,16.0215,0.4657,34.4042,0.4098,0.0948
3426,38.35,0.4179,24.15,60.3,53.18,10.6189,2.1243,12.7431,0.3237,39.3696,0.5899,0.016
3427,37.4479,0.5207,47.89,49.82,16.87,10.6347,2.6296,13.2643,0.4118,32.2128,0.4781,0.112
3428,43.4681,0.4076,78.51,40.13,48.62,11.9319,2.1602,14.0921,0.3196,44.0955,0.595,0.0921
3429,17.9929,0.3753,35.96,80.41,77.71,4.6599,1.7884,6.4483,0.2784,23.1607,0.6472,0.017
3430,29.926,0.372,76.01,3.59,72.03,7.9787,1.8816,9.8603,0.2828,34.8618,0.6415,0.0152
3431,19.1031,0.6578,12.55,56.39,65.5,5.0045,3.2924,8.2968,0.5029,16.4965,0.3626,0.1969
3432,41.2632,0.4091,3.33,32.78,34.54,11.3831,2.1232,13.5063,0.3245,41.6214,0.5888,0.1066
3433,31.9263,0.4268,51.37,18.27,0.46,8.8082,2.12,10.9281,0.3338,32.7364,0.5771,0.1349
3434,20.3588,0.4341,79.32,8.39,70.49,5.6249,1.9931,7.6179,0.3333,22.8539,0.5776,0.0225
3435,32.7825,0.4235,73.13,32.29,82.99,9.0546,2.1401,11.1948,0.332,33.7184,0.5791,0.0171
3436,33.452,0.339,76.19,14.85,87.49,8.4005,1.6536,10.0541,0.2555,39.3531,0.6763,0.0154
3437,45.4976,0.5246,83.41,17.04,44.27,12.7183,2.7549,15.4731,0.4111,37.6344,0.479,0.084
3438,36.1391,0.5605,61.28,25.74,20.63,10.0113,2.8698,12.881,0.4434,29.0487,0.4384,0.1125
3439,41.7061,0.5749,79.73,44.95,57.05,11.5104,2.9511,14.4615,0.4511,32.0577,0.4284,0.0909
3440,19.1173,0.4494,10.05,21.79,68.3,5.2335,2.2819,7.5154,0.3488,21.5495,0.558,0.2296
3441,31.3319,0.4598,84.73,53.32,0.19,8.6876,2.4468,11.1344,0.3589,31.0257,0.5452,0.1216
3442,25.6377,0.6354,79.9,61.23,89.56,6.68,3.1185,9.7984,0.5082,19.2792,0.356,0.1585
3443,38.7106,0.6205,45.03,38.67,69.64,10.3959,2.9942,13.3901,0.4864,27.5316,0.3838,0.1082
3444,25.4531,0.3861,78.78,79.57,5.31,6.68,1.8851,8.5651,0.2923,29.3014,0.6297,0.0179
3445,36.3264,0.3829,40.81,72.19,58.28,9.7902,2.0512,11.8414,0.299,39.6067,0.6212,0.0149
3446,28.959,0.3384,47.8,77.53,40.02,7.2864,1.7241,9.0104,0.2532,35.5907,0.6792,0.016
3447,21.4535,0.4489,84.44,50.93,87.69,5.9785,2.2596,8.2381,0.351,23.4702,0.5551,0.0192
3448,19.5781,0.6311,63.13,81.27,8.03,5.1076,3.1849,8.2925,0.4986,16.6315,0.3681,0.2096
3449,18.9958,0.4846,69.4,73.11,89.0,5.342,2.3632,7.7052,0.3745,20.5737,0.5251,0.208
3450,29.2168,0.5973,67.31,2.47,46.77,7.8937,3.0433,10.9369,0.4767,22.9453,0.3961,0.1294
3451,16.7832,0.6023,19.55,57.86,53.85,4.6408,2.9984,7.6392,0.4627,16.5105,0.4137,0.2247
3452,46.4125,0.4942,4.15,51.37,88.43,12.9897,2.6782,15.6679,0.3871,40.4768,0.5094,0.0933
3453,29.8082,0.3208,68.46,53.42,72.46,7.4364,1.6997,9.1361,0.2469,37.0089,0.6873,0.0168
3454,22.0397,0.6439,2.38,37.06,72.64,5.7905,3.2332,9.0237,0.5038,17.9112,0.3618,0.1681
3455,40.4289,0.5053,69.36,50.57,50.14,11.4372,2.6456,14.0828,0.3943,35.7116,0.5004,0.1004
3456,27.8112,0.3238,43.84,45.1,83.25,6.9617,1.5443,8.506,0.2471,34.4286,0.687,0.0166
3457,23.7245,0.3794,11.64,11.89,88.92,6.1525,1.9835,8.1361,0.3065,26.5478,0.6114,0.02
3458,21.7639,0.543,58.44,2.94,89.29,6.1235,2.6514,8.7749,0.4279,20.5085,0.4578,0.2069
3459,38.8965,0.3857,42.23,4.94,30.91,10.3956,1.9733,12.3689,0.2928,42.245,0.6289,0.0193
3460,38.3382,0.5825,47.08,54.71,6.54,10.5495,2.8868,13.4363,0.4659,28.8365,0.4097,0.1058
3461,42.3041,0.3624,75.24,7.94,57.52,11.0265,1.9294,12.9559,0.2826,45.8391,0.6418,0.0165
3462,31.4868,0.4462,46.33,88.21,75.76,8.7641,2.2411,11.0052,0.3537,31.114,0.5517,0.1347
3463,43.4917,0.6348,81.75,81.63,5.68,11.4145,3.3569,14.7715,0.5065,29.1651,0.3584,0.0991
3464,28.9989,0.5663,49.37,61.11,3.69,8.0466,2.9786,11.0252,0.4429,24.8951,0.4388,0.1413
3465,26.9642,0.5222,70.03,54.22,29.42,7.561,2.5229,10.0839,0.4027,25.0413,0.4898,0.1409
3466,27.0831,0.3087,21.04,62.44,25.87,6.5359,1.4189,7.9548,0.2274,34.9807,0.7116,0.0163
3467,17.4274,0.5364,29.48,9.17,8.32,4.9011,2.7349,7.6361,0.4136,18.4626,0.476,0.2755
3468,15.8846,0.4513,19.62,49.03,64.07,4.4173,2.1317,6.549,0.3369,19.4398,0.573,0.0214
3469,39.6149,0.3671,32.1,84.88,17.61,10.4115,1.8532,12.2646,0.2799,43.8172,0.6452,0.0155
3470,43.9147,0.6409,73.24,4.1,14.83,11.3678,3.373,14.7409,0.5209,28.2988,0.3398,0.1008
3471,40.9822,0.6614,49.05,16.31,81.64,10.6144,3.3587,13.9731,0.5186,26.9434,0.343,0.095
3472,37.2518,0.601,59.09,8.72,11.05,10.0831,3.0863,13.1694,0.4761,27.6622,0.3966,0.1108
3473,38.9888,0.6767,18.3,1.59,54.97,9.2206,3.5364,12.757,0.5659,22.5427,0.2833,0.1025
3474,26.9482,0.4592,48.41,63.69,53.37,7.4119,2.2191,9.631,0.356,27.0551,0.5488,0.1396
3475,42.1353,0.6793,60.97,61.24,69.9,10.5918,3.4622,14.054,0.535,26.269,0.322,0.092
3476,25.8478,0.5965,89.64,79.71,47.35,7.0158,2.8838,9.8996,0.4652,21.2815,0.4108,0.1456
3477,26.818,0.6312,68.29,7.77,83.96,7.1273,3.0734,10.2006,0.5043,20.2271,0.3609,0.1582
3478,23.8432,0.6542,24.97,74.4,82.11,6.0722,3.3207,9.3928,0.5234,17.9449,0.3366,0.1632
3479,44.6487,0.5244,84.84,55.66,80.66,12.5679,2.7084,15.2763,0.4164,36.688,0.4726,0.0952
3480,44.6472,0.6647,64.35,39.69,47.33,11.5553,3.3235,14.8788,0.5215,28.5336,0.3392,0.0853
3481,34.8072,0.5197,27.6,50.39,42.58,9.767,2.6797,12.4466,0.4069,30.5906,0.4844,0.1196
3482,26.0056,0.3304,40.24,27.74,7.69,6.524,1.4739,7.9979,0.2443,32.7355,0.6903,0.0169
3483,37.7742,0.455,44.2,38.06,60.35,10.5888,2.291,12.8798,0.3619,35.5886,0.5414,0.1111
3484,28.2965,0.6031,8.72,15.34,0.95,7.9017,2.9821,10.8838,0.456,23.8686,0.422,0.1679
3485,46.5193,0.3502,29.48,12.77,46.1,12.017,1.8914,13.9084,0.2713,51.2583,0.6562,0.0164
3486,43.9215,0.6614,43.01,87.0,10.37,11.4057,3.3445,14.7503,0.5207,28.3255,0.3403,0.0956
3487,43.6769,0.4374,23.02,53.24,24.24,12.1374,2.3462,14.4836,0.3374,42.9263,0.5726,0.0915
3488,29.5926,0.5024,79.54,71.5,33.43,8.2887,2.5682,10.8569,0.3896,27.8667,0.5064,0.1297
3489,23.6594,0.3276,71.74,22.01,31.37,5.9335,1.6497,7.5832,0.251,30.2086,0.6818,0.0179
3490,19.2585,0.5992,6.14,52.79,86.83,5.1652,3.0501,8.2153,0.4459,18.4237,0.4349,0.1964
3491,36.7207,0.6013,14.45,78.02,22.28,9.9941,3.0573,13.0514,0.4788,27.2566,0.3932,0.1169
3492,28.1353,0.579,62.13,45.19,84.26,7.7795,2.8505,10.63,0.4512,23.5617,0.4282,0.1368
3493,21.2165,0.5724,9.22,9.84,12.42,5.8219,2.8038,8.6257,0.4415,19.536,0.4405,0.2303
3494,39.2259,0.5035,57.1,71.71,41.66,11.053,2.5881,13.6411,0.3904,34.9368,0.5054,0.1005
3495,42.9349,0.5185,21.9,7.2,87.0,11.9156,2.6078,14.5234,0.4032,36.0209,0.4893,0.0897
3496,17.7449,0.3239,51.96,66.8,61.86,4.4361,1.5942,6.0303,0.2483,24.282,0.6853,0.0191
3497,35.5427,0.6584,8.53,63.7,64.11,9.1725,3.3962,12.5687,0.5186,24.2365,0.3428,0.1133
3498,43.3276,0.3825,39.46,55.79,76.27,11.6649,2.0586,13.7235,0.2988,45.9314,0.6214,0.0146
3499,16.2555,0.672,4.63,18.61,51.64,4.3753,3.1166,7.4919,0.4932,15.19,0.3745,0.26
3500,26.7934,0.3778,26.99,15.59,1.54,6.9701,1.5427,8.5128,0.2755,30.9047,0.6508,0.0206
3501,19.0204,0.4858,12.87,16.31,86.64,5.1288,2.4291,7.5579,0.3741,20.2006,0.5258,0.1982
3502,35.3667,0.5597,11.43,26.44,33.68,9.9428,2.8432,12.7861,0.4432,28.8496,0.4384,0.1181
3503,30.8599,0.5733,29.15,35.83,1.08,8.4836,3.0692,11.5528,0.4529,25.507,0.4262,0.1411
3504,35.3247,0.5337,11.32,3.37,17.56,10.0032,2.6954,12.6986,0.417,30.4544,0.4715,0.1342
3505,34.4389,0.3062,6.29,45.36,19.61,8.74,1.6127,10.3528,0.2438,42.4621,0.6909,0.0216
3506,17.4052,0.4815,25.68,17.41,42.98,4.8484,2.324,7.1724,0.3715,19.3084,0.5291,0.216
3507,23.1852,0.6615,9.02,53.02,26.88,5.982,3.3123,9.2943,0.5181,17.94,0.3433,0.1871
3508,36.5147,0.6192,69.55,58.13,70.41,9.8214,3.0915,12.913,0.4847,26.6404,0.3858,0.1133
3509,34.8816,0.6261,12.62,51.6,56.25,9.321,3.2059,12.5269,0.4907,25.5282,0.3782,0.1136
3510,22.6383,0.4415,40.5,75.24,82.31,6.1742,2.2987,8.4728,0.3428,24.7143,0.5655,0.02
3511,34.5472,0.3423,46.67,37.33,83.34,8.9091,1.8413,10.7504,0.2671,40.249,0.6616,0.0158
3512,40.9676,0.3292,65.96,89.21,42.44,10.3117,1.8147,12.1265,0.254,47.7346,0.6781,0.0142
3513,46.218,0.4599,55.47,77.74,47.15,12.8987,2.2826,15.1813,0.3573,42.492,0.5472,0.0906
3514,45.4464,0.6167,75.98,5.49,64.09,nan,nan,nan,nan,nan,nan,nan
3515,32.2254,0.3617,73.55,15.86,58.95,8.4835,1.7726,10.2561,0.2839,36.1195,0.6401,0.0157
3516,15.7565,0.4272,74.08,24.57,25.48,4.3134,1.8967,6.2101,0.3153,19.6985,0.6,0.0176
3517,25.0423,0.3092,51.44,51.58,66.23,6.3517,1.5545,7.9062,0.2575,30.7088,0.6739,0.0164
3518,28.4711,0.4739,40.91,37.11,10.2,7.9357,2.2542,10.19,0.356,28.6208,0.5491,0.143
3519,45.5384,0.5473,62.86,86.83,53.62,12.7071,2.717,15.4241,0.4287,35.9792,0.4566,0.0928
3520,24.4423,0.4353,18.38,43.42,52.2,6.7829,2.1115,8.8945,0.3394,26.2045,0.57,0.0173
3521,22.0042,0.5472,57.01,24.67,60.07,6.1437,2.6247,8.7684,0.4295,20.4137,0.4556,0.1906
3522,28.5433,0.3243,41.49,32.2,89.2,7.1293,1.66,8.7894,0.2461,35.7131,0.6882,0.0154
3523,15.7856,0.6075,70.88,13.79,79.62,4.258,2.8807,7.1387,0.4768,14.971,0.3957,0.2474
3524,43.4305,0.4762,79.71,56.89,89.52,12.249,2.5087,14.7576,0.3755,39.2972,0.5242,0.097
3525,42.7254,0.6963,47.77,63.31,26.21,10.576,3.4939,14.0699,0.5479,25.6815,0.3056,0.0891
3526,38.2655,0.5527,12.85,62.71,16.56,10.6631,2.7985,13.4616,0.4395,30.6318,0.4431,0.1084
3527,16.9461,0.696,16.95,58.11,59.92,4.3961,3.4102,7.8063,0.5248,14.8762,0.335,0.2332
3528,28.9724,0.5425,7.6,36.36,79.21,8.1136,2.6438,10.7574,0.4171,25.7886,0.4713,0.1501
3529,23.3621,0.3337,79.64,65.46,33.12,5.8914,1.7338,7.6252,0.2588,29.4621,0.6721,0.0167
3530,28.5392,0.4816,31.66,84.52,60.36,8.0032,2.3979,10.4011,0.3691,28.1763,0.5322,0.1424
3531,36.8219,0.3067,66.8,54.64,28.67,8.9602,1.6065,10.5666,0.2352,44.9224,0.702,0.015
3532,39.4048,0.4024,60.5,9.33,10.94,10.6113,2.0158,12.6271,0.3046,41.4489,0.6139,0.0176
3533,35.8602,0.6248,37.9,50.82,68.75,9.563,3.1467,12.7097,0.4914,25.865,0.3773,0.1153
3534,21.7188,0.3244,30.79,89.67,19.76,5.2371,1.5116,6.7487,0.2296,29.3871,0.709,0.0187
3535,45.0362,0.4,8.68,61.8,55.89,12.303,2.0591,14.3621,0.3115,46.1127,0.6053,0.0977
3536,23.5123,0.4315,24.75,65.79,2.03,6.4699,2.3873,8.8572,0.3175,27.8929,0.5976,0.0186
3537,18.8863,0.4934,7.13,89.48,32.91,5.148,2.7092,7.8572,0.3751,20.9493,0.5249,0.2444
3538,35.8998,0.5317,8.49,69.88,70.74,10.0387,2.7474,12.7861,0.4171,30.6578,0.4714,0.1132
3539,21.4948,0.4531,75.07,83.99,65.22,5.9698,2.1871,8.1569,0.3475,23.4718,0.5596,0.0178
3540,36.1155,0.3404,8.91,29.45,42.86,9.4672,1.7743,11.2415,0.272,41.3339,0.6553,0.0193
3541,43.137,0.6604,52.6,50.32,74.55,11.0933,3.4067,14.5001,0.5231,27.7199,0.3373,0.0958
3542,32.4846,0.5927,77.18,9.76,9.55,8.7814,2.9133,11.6947,0.4668,25.0514,0.4082,0.1209
3543,39.6125,0.4726,27.08,24.64,86.77,11.0206,2.3188,13.3393,0.3701,36.0427,0.5308,0.1062
3544,40.0749,0.4435,79.09,70.62,3.38,11.0634,2.0875,13.1508,0.3341,39.3636,0.5766,0.1031
3545,26.6812,0.6308,86.02,37.72,27.38,7.0907,3.0503,10.1409,0.4951,20.4809,0.3727,0.1511
3546,40.5716,0.4673,56.68,12.37,35.27,11.3986,2.4625,13.8611,0.3625,38.2354,0.5408,0.0979
3547,21.2632,0.316,28.12,35.12,39.89,5.0643,1.5326,6.5968,0.2304,28.6315,0.7078,0.0165
3548,31.0925,0.6546,74.69,30.77,26.24,8.1565,3.3295,11.486,0.5145,22.3256,0.3481,0.1208
3549,42.3888,0.6642,42.67,71.8,41.2,10.9333,3.3651,14.2984,0.5241,27.2819,0.3359,0.0983
3550,25.4465,0.6341,26.85,85.19,19.0,6.6423,3.1185,9.7608,0.5059,19.2943,0.3588,0.1602
3551,17.6207,0.6929,46.11,7.23,31.07,4.0639,3.5492,7.6131,0.5789,13.1503,0.2669,0.2219
3552,18.6065,0.6299,77.34,76.39,7.23,4.9211,3.2719,8.1931,0.4912,16.6796,0.3774,0.209
3553,30.6174,0.3859,86.18,54.25,5.11,8.0968,2.0894,10.1862,0.2935,34.7066,0.628,0.0172
3554,19.0179,0.4109,6.13,73.03,31.52,5.162,2.2653,7.4273,0.3226,23.0201,0.5911,0.0232
3555,30.9835,0.5392,81.69,36.17,66.91,8.5396,2.7817,11.3212,0.4254,26.6155,0.4611,0.1302
3556,42.1426,0.5988,89.45,1.12,57.62,11.3191,3.2253,14.5444,0.4883,29.7867,0.3812,0.0903
3557,28.027,0.322,39.01,60.25,32.84,7.0127,1.5663,8.5789,0.2444,35.107,0.6901,0.0168
3558,26.907,0.5817,43.5,63.96,33.46,7.4316,2.7402,10.1718,0.4493,22.6417,0.4309,0.1493
3559,43.2011,0.6098,42.58,2.36,18.07,11.5207,3.1907,14.7115,0.4959,29.6663,0.3717,0.1021
3560,39.2739,0.4672,68.15,3.67,21.94,11.0115,2.4883,13.4998,0.3576,37.754,0.547,0.1118
3561,32.6021,0.506,89.33,32.89,82.41,9.0698,2.4667,11.5366,0.395,29.2095,0.4997,0.1185
3562,45.4271,0.5333,0.06,15.95,81.93,12.7361,2.8914,15.6276,0.4195,37.2538,0.4684,0.0903
3563,28.2523,0.5906,34.09,55.74,43.93,7.7132,2.8184,10.5316,0.464,22.6996,0.4122,0.1507
3564,42.0284,0.4632,55.94,88.31,17.58,11.792,2.5072,14.2993,0.3615,39.5587,0.542,0.0948
3565,27.0255,0.4728,15.14,56.79,89.71,7.6039,2.3052,9.9091,0.3674,26.9682,0.5345,0.1611
3566,35.6811,0.5916,62.32,60.02,6.9,9.8681,3.1098,12.9779,0.4615,28.1221,0.4152,0.1149
3567,38.6568,0.6605,6.51,43.18,76.78,10.0063,3.2287,13.235,0.5184,25.5284,0.3429,0.101
3568,38.8188,0.3709,66.99,53.53,82.08,10.3764,1.9088,12.2852,0.2891,42.4996,0.6337,0.0154
3569,17.1175,0.349,70.66,81.62,2.34,4.2325,1.789,6.0214,0.2485,24.2316,0.6849,0.0185
3570,26.9982,0.5912,30.71,6.72,47.95,7.3846,2.9602,10.3448,0.473,21.8707,0.4009,0.1522
3571,40.8727,0.6622,37.11,33.35,28.55,10.5411,3.2421,13.7832,0.5195,26.5327,0.3421,0.0955
3572,28.8712,0.6674,21.62,75.29,29.15,7.3368,3.3847,10.7215,0.5325,20.1342,0.3249,0.138
3573,44.4903,0.6132,57.91,18.1,58.04,12.0541,3.0717,15.1258,0.4799,31.5179,0.3918,0.0909
3574,39.5019,0.5044,6.44,67.77,85.96,11.0838,2.4835,13.5674,0.392,34.6086,0.5033,0.0989
3575,34.3393,0.4858,31.61,85.36,80.88,9.6027,2.4494,12.052,0.3795,31.7616,0.5192,0.1196
3576,19.9599,0.4234,3.74,1.41,34.58,5.4439,2.2402,7.6841,0.3325,23.1132,0.5788,0.0208
3577,19.1316,0.4596,27.43,81.41,88.51,5.2076,2.1183,7.326,0.3509,20.8779,0.5553,0.0211
3578,28.3301,0.3624,31.63,70.15,69.74,7.4048,1.774,9.1788,0.2732,33.5931,0.6538,0.0169
3579,19.8715,0.5714,19.61,70.56,61.69,5.4173,2.8099,8.2272,0.4417,18.6276,0.4403,0.2032
3580,22.3905,0.4519,72.25,48.63,72.7,6.1602,2.2947,8.4549,0.3593,23.5319,0.5447,0.1712
3581,21.7792,0.3199,76.19,71.83,54.04,5.341,1.637,6.9781,0.2486,28.0711,0.685,0.0198
3582,21.7926,0.4808,6.11,24.96,76.48,5.9877,2.5466,8.5342,0.3799,22.4635,0.5186,0.1865
3583,30.3913,0.513,52.09,41.81,39.3,8.571,2.6296,11.2006,0.3941,28.4216,0.5008,0.1296
3584,41.1542,0.6938,24.69,18.4,0.86,10.0362,3.4933,13.5296,0.554,24.4219,0.2981,0.107
3585,37.7322,0.4714,53.51,85.35,75.89,10.6427,2.4568,13.0995,0.3742,35.0105,0.526,0.1115
3586,21.0682,0.5193,1.87,42.18,54.5,5.8737,2.7785,8.6523,0.4123,20.9847,0.4775,0.2042
3587,29.2868,0.6622,9.39,80.93,63.44,7.6203,3.3136,10.9339,0.5151,21.2247,0.3473,0.1366
3588,30.1815,0.4045,23.88,21.95,16.16,8.0556,2.0836,10.1392,0.3015,33.6256,0.6179,0.0187
3589,18.4196,0.498,9.15,15.99,36.17,5.0513,2.6308,7.6821,0.3834,20.0392,0.5142,0.2457
3590,34.7361,0.5895,71.34,79.0,22.21,9.5404,2.9294,12.4698,0.4605,27.0781,0.4166,0.1112
3591,45.1734,0.3202,61.96,0.65,69.37,11.0922,1.4189,12.5112,0.2304,54.3089,0.708,0.016
3592,34.8462,0.5578,36.29,86.59,8.26,9.672,2.8756,12.5475,0.4334,28.9524,0.4509,0.113
3593,43.8412,0.4967,74.57,31.66,59.3,12.3153,2.6163,14.9316,0.3899,38.2965,0.5061,0.0958
3594,33.9383,0.6036,29.2,23.88,9.58,9.1758,3.0498,12.2256,0.4785,25.5526,0.3936,0.1217
3595,24.113,0.6841,59.23,10.75,43.48,5.9912,3.321,9.3122,0.5417,17.1901,0.3133,0.1777
3596,46.8859,0.4664,34.67,21.65,28.59,13.2118,2.4845,15.6963,0.3667,42.8089,0.5355,0.0853
3597,19.7144,0.3569,19.71,50.63,6.82,5.1704,1.6904,6.8607,0.27,25.4091,0.6579,0.0164
3598,46.095,0.3348,77.95,10.42,26.73,11.5798,1.6913,13.271,0.2543,52.1779,0.6777,0.0145
3599,38.3052,0.5243,85.74,44.36,76.61,10.7986,2.633,13.4316,0.4151,32.3571,0.4739,0.1045
3600,24.4423,0.4756,64.29,0.45,22.5,6.8894,2.4094,9.2988,0.3613,25.738,0.5424,0.1881
3601,19.7779,0.5405,62.27,82.93,73.12,5.4566,2.6719,8.1285,0.4348,18.6964,0.449,0.2181
3602,21.8847,0.4559,29.54,82.84,12.69,6.1397,2.1738,8.3135,0.3437,24.1892,0.5645,0.1957
3603,46.2656,0.5732,56.14,32.42,15.92,12.803,2.9666,15.7696,0.4526,34.8396,0.4265,0.0842
3604,29.957,0.6827,12.95,16.21,4.9,7.529,3.5709,11.0999,0.5348,20.7564,0.3224,0.1625
3605,18.3648,0.4951,83.24,12.9,23.98,5.1271,2.4398,7.5669,0.3885,19.4762,0.5077,0.2417
3606,43.0522,0.6005,4.17,11.36,52.43,11.8743,3.164,15.0384,0.4608,32.6332,0.4159,0.0906
3607,20.1942,0.3819,84.93,34.37,43.98,5.4747,1.8807,7.3553,0.3013,24.4132,0.618,0.0166
3608,16.6114,0.5303,19.13,65.58,70.77,4.6624,2.4356,7.098,0.3939,18.0199,0.5007,0.2418
3609,41.9931,0.4894,52.69,2.24,29.59,11.8303,2.5413,14.3716,0.383,37.523,0.5147,0.0972
3610,45.9885,0.3495,41.63,27.75,58.56,12.0145,1.8625,13.877,0.2746,50.5399,0.6521,0.0145
3611,25.8101,0.5342,49.55,16.34,57.82,7.138,2.6532,9.7912,0.4207,23.2757,0.4669,0.1606
3612,27.0174,0.5221,11.13,72.7,80.09,7.5619,2.5459,10.1078,0.4087,24.7307,0.482,0.169
3613,34.7828,0.4207,50.17,89.37,57.1,9.6009,2.2286,11.8296,0.3291,35.9473,0.583,0.0164
3614,26.1869,0.5876,37.2,87.31,32.29,7.0578,2.8749,9.9327,0.4699,21.1364,0.4045,0.1375
3615,39.3333,0.5156,52.76,57.92,3.27,11.1948,2.427,13.6217,0.401,33.9732,0.4919,0.1034
3616,42.1575,0.4703,2.82,63.43,52.42,11.7718,2.4722,14.2441,0.3651,39.0148,0.5373,0.1072
3617,42.5781,0.3367,7.7,13.06,63.47,10.8344,1.7855,12.6199,0.2575,49.0112,0.6735,0.0158
3618,37.3115,0.4665,79.49,37.35,7.86,10.4505,2.4006,12.8511,0.3662,35.0948,0.5361,0.1187
3619,24.6117,0.3858,28.81,72.18,3.27,6.5057,2.0318,8.5375,0.2858,29.8741,0.6379,0.0218
3620,43.7292,0.4838,32.25,84.77,33.25,12.2476,2.5398,14.7875,0.3788,39.0405,0.52,0.0991
3621,32.3423,0.5253,53.44,79.17,78.17,9.0657,2.6559,11.7216,0.4189,27.9843,0.4694,0.1346
3622,39.0625,0.4699,45.85,35.72,64.06,10.9428,2.2917,13.2345,0.3712,35.6542,0.5295,0.1088
3623,29.6838,0.3481,53.42,83.59,45.39,7.5561,1.8432,9.3992,0.2632,35.7094,0.6665,0.0155
3624,37.9437,0.6932,82.37,57.77,27.36,9.2855,3.5366,12.8221,0.5518,23.2357,0.3006,0.1037
3625,39.0522,0.6342,39.42,44.7,39.24,10.458,3.1376,13.5957,0.4997,27.2053,0.3667,0.1118
3626,25.2312,0.4544,83.03,39.78,17.78,7.0073,2.2133,9.2207,0.3567,25.8517,0.5479,0.1696
3627,38.8878,0.3031,81.72,67.15,19.37,9.3442,1.494,10.8382,0.2276,47.6122,0.7115,0.0157
3628,30.6818,0.3739,54.48,13.05,67.27,8.2099,1.9661,10.176,0.2948,34.5235,0.6266,0.0187
3629,29.07,0.6551,10.58,51.85,18.44,7.5707,3.2655,10.8362,0.5153,21.0271,0.3469,0.1423
3630,38.5469,0.3204,16.06,22.2,13.13,9.466,1.4759,10.9418,0.2366,46.2478,0.7001,0.0158
3631,30.6369,0.666,26.69,38.17,11.95,7.8902,3.4214,11.3116,0.5285,21.4045,0.3303,0.1268
3632,40.3658,0.3622,1.23,17.04,36.95,10.7525,1.84,12.5925,0.284,44.3392,0.6401,0.0231
3633,27.992,0.5335,29.5,60.35,50.86,7.7824,2.5743,10.3567,0.4148,24.9655,0.4742,0.1531
3634,27.0394,0.3119,30.77,21.3,72.34,6.5608,1.4219,7.9827,0.2354,33.9145,0.7016,0.0177
3635,27.0924,0.6095,84.78,48.54,19.58,7.3824,2.8618,10.2442,0.4754,21.5502,0.3976,0.1486
3636,25.8751,0.5367,7.28,27.44,46.52,7.2358,2.4809,9.7168,0.4188,23.2031,0.4692,0.169
3637,29.2995,0.5918,33.13,89.48,89.61,8.0526,3.001,11.0536,0.4624,23.9049,0.4142,0.142
3638,26.7456,0.401,72.07,10.83,82.09,7.2374,1.9863,9.2238,0.3098,29.7757,0.6075,0.0202
3639,37.0481,0.5583,73.2,65.73,64.53,10.3378,2.8729,13.2107,0.4342,30.4245,0.4497,0.1071
3640,35.0144,0.3412,13.59,79.68,14.2,8.9004,1.6441,10.5445,0.2527,41.7325,0.6798,0.0183
3641,25.695,0.5397,32.81,80.12,77.18,7.1069,2.6504,9.7574,0.4238,23.0225,0.4629,0.1612
3642,21.1849,0.4471,39.19,31.22,31.36,5.8913,2.2417,8.133,0.3435,23.6756,0.5647,0.0192
3643,21.4943,0.3572,3.17,47.23,3.53,5.7262,1.9885,7.7147,0.2805,27.5079,0.6445,0.0222
3644,40.2731,0.3475,58.99,84.85,57.73,10.4066,1.8323,12.2388,0.2657,46.0713,0.6634,0.0148
3645,38.1151,0.3285,80.1,88.48,58.84,9.5733,1.7304,11.3037,0.2509,45.0457,0.682,0.0147
3646,18.9022,0.4657,80.87,81.34,59.85,5.3114,2.3981,7.7095,0.3459,22.2878,0.5615,0.2244
3647,41.7233,0.5343,52.11,74.92,20.97,11.7537,2.7895,14.5432,0.4202,34.6124,0.4679,0.094
3648,34.9732,0.4291,29.62,74.83,1.78,9.5843,2.2366,11.821,0.3212,36.8065,0.5932,0.1159
3649,18.0249,0.6034,11.55,70.11,12.86,4.8967,3.1572,8.054,0.4518,17.8271,0.4272,0.2415
3650,26.578,0.6924,61.17,16.83,88.29,6.4575,3.3555,9.813,0.5472,17.9317,0.3068,0.1459
3651,26.5058,0.4538,2.09,45.15,77.69,7.4344,1.9898,9.4242,0.3653,25.7976,0.5371,0.1741
3652,39.1562,0.4841,17.03,10.5,14.23,10.9639,2.3358,13.2997,0.3755,35.4217,0.5241,0.1248
3653,24.2218,0.5268,16.49,54.18,49.15,6.8227,2.5889,9.4115,0.4187,22.4771,0.4694,0.1839
3654,16.6079,0.6032,81.38,30.46,29.57,4.658,2.9094,7.5674,0.4605,16.4331,0.4165,0.2509
3655,23.3625,0.5967,70.07,60.95,33.15,6.4052,2.9351,9.3403,0.4603,20.291,0.4168,0.1665
3656,29.7627,0.6011,30.02,65.64,70.17,8.1392,2.9877,11.127,0.4718,23.5822,0.402,0.1395
3657,25.6577,0.3576,85.17,30.97,83.12,6.7154,1.7034,8.4188,0.2847,29.5669,0.6391,0.0155
3658,25.6526,0.4939,2.13,58.03,24.28,7.2489,2.1948,9.4436,0.3924,24.0668,0.5026,0.1913
3659,35.5785,0.676,71.44,13.3,75.81,8.8822,3.326,12.2082,0.5342,22.8519,0.3232,0.11
3660,36.2913,0.43,84.14,12.75,65.89,9.9846,2.1818,12.1663,0.3333,36.5059,0.5777,0.1118
3661,29.679,0.4875,18.95,86.3,43.85,8.2177,2.427,10.6447,0.3766,28.2652,0.5229,0.1259
3662,44.9259,0.3315,27.74,84.08,18.82,11.3769,1.7794,13.1563,0.2518,52.253,0.681,0.018
3663,43.7071,0.3971,83.47,16.21,77.16,11.8417,2.1128,13.9544,0.3094,45.0976,0.6078,0.0151
3664,19.3298,0.5006,73.39,27.41,87.54,5.3226,2.3946,7.7172,0.3896,19.8083,0.5063,0.2038
3665,18.7994,0.6816,57.89,63.72,8.23,4.6296,3.4266,8.0562,0.5355,15.0455,0.3218,0.2271
3666,18.1079,0.3244,6.42,82.15,79.37,4.4327,1.6839,6.1166,0.2545,24.0351,0.6772,0.0219
3667,22.7338,0.6048,68.67,7.52,73.21,6.1824,2.9968,9.1792,0.4807,19.096,0.3911,0.1622
3668,19.7083,0.6505,53.92,81.16,46.36,5.1467,3.1602,8.3069,0.5075,16.3696,0.3573,0.213
3669,45.9149,0.6969,9.01,29.79,30.77,11.3852,3.5436,14.9288,0.549,27.1946,0.3044,0.0893
3670,21.4417,0.3991,50.57,78.97,10.83,5.7002,1.8415,7.5418,0.2937,25.6762,0.6278,0.0188
3671,25.8389,0.3809,38.31,85.29,35.48,6.9156,1.7806,8.6962,0.2932,29.6629,0.6283,0.0184
3672,23.3685,0.4422,68.46,53.66,19.09,6.481,2.2295,8.7105,0.3396,25.6513,0.5697,0.019
3673,29.833,0.4936,49.83,88.38,48.01,8.3375,2.4871,10.8246,0.3813,28.3923,0.5171,0.1428
3674,17.4314,0.3671,19.87,41.07,73.62,4.6342,1.7996,6.4338,0.2831,22.7253,0.6412,0.0169
3675,19.5059,0.6412,32.21,57.61,41.47,5.1286,3.1899,8.3185,0.5064,16.4255,0.3583,0.2155
3676,37.3225,0.5879,37.04,76.73,63.01,10.2298,3.0113,13.241,0.465,28.4738,0.4109,0.1022
3677,45.3825,0.6199,9.44,22.43,10.83,12.2161,3.1492,15.3654,0.4939,31.1122,0.3744,0.1108
3678,37.8193,0.5202,42.3,10.55,66.81,10.5972,2.5667,13.1639,0.4086,32.2185,0.4822,0.1096
3679,28.7588,0.6101,17.98,28.92,29.44,7.7238,3.0628,10.7866,0.4845,22.2652,0.3861,0.1527
3680,36.7474,0.45,50.57,66.91,12.11,10.3099,2.3379,12.6478,0.352,35.9356,0.5539,0.1109
3681,46.6088,0.4069,6.33,11.22,2.52,12.5923,1.8738,14.4661,0.3029,47.7565,0.6162,0.1138
3682,40.2487,0.4803,10.55,4.43,17.96,11.4174,2.5765,13.994,0.3744,37.3735,0.5254,0.1076
3683,30.6516,0.6348,12.37,44.85,6.96,8.2306,3.3282,11.5588,0.493,23.4445,0.3751,0.1414
3684,27.3568,0.646,15.44,43.47,28.67,7.1635,3.2146,10.3781,0.5122,20.2605,0.3507,0.1471
3685,26.9141,0.6056,1.83,62.38,20.68,7.4057,2.7714,10.1771,0.4668,21.8021,0.4084,0.1589
3686,41.2136,0.5552,53.17,70.34,18.82,11.5487,2.8851,14.4338,0.4372,33.0117,0.446,0.1002
3687,45.6742,0.506,28.68,80.87,41.73,12.8155,2.6169,15.4325,0.3976,38.816,0.4962,0.0907
3688,24.3863,0.6119,60.87,37.65,66.25,6.5218,2.9627,9.4845,0.4814,19.7,0.39,0.1673
3689,24.1224,0.5541,12.82,83.73,0.57,6.6731,2.9803,9.6535,0.4301,22.4453,0.4549,0.1779
3690,42.163,0.3259,85.8,8.33,33.93,10.6311,1.7635,12.3946,0.2581,48.025,0.673,0.0156
3691,26.7065,0.4539,24.21,18.6,72.42,7.3715,2.224,9.5955,0.3537,27.1296,0.5519,0.1472
3692,46.7006,0.6749,9.99,86.38,58.29,11.8518,3.3658,15.2176,0.5305,28.6828,0.3279,0.0926
3693,16.8335,0.4769,9.44,39.51,33.92,4.6682,2.3291,6.9973,0.3618,19.3407,0.5418,0.2812
3694,43.2173,0.3828,73.86,77.69,34.09,11.5245,1.9947,13.5192,0.2946,45.8907,0.6267,0.0147
3695,47.0877,0.5804,48.51,58.01,64.63,13.0774,2.9983,16.0756,0.4561,35.2423,0.4221,0.0953
3696,22.7474,0.4011,13.69,50.56,30.96,6.2686,2.0545,8.3231,0.3193,26.0645,0.5953,0.0182
3697,36.3821,0.6949,81.84,6.32,29.81,8.8594,3.4419,12.3014,0.5479,22.4515,0.3058,0.1166
3698,30.3686,0.5119,78.05,18.49,12.33,8.4952,2.6822,11.1774,0.3998,27.9561,0.4933,0.141
3699,34.8823,0.5289,58.22,79.82,46.36,9.7467,2.6549,12.4016,0.4128,30.0432,0.477,0.1145
3700,35.608,0.4048,4.58,82.61,80.66,9.6584,2.2343,11.8927,0.3274,36.3276,0.5848,0.1216
3701,20.8829,0.4154,43.76,55.64,20.43,5.7257,2.0077,7.7333,0.3207,24.1124,0.5936,0.018
3702,23.738,0.324,5.36,68.07,46.55,6.185,1.751,7.936,0.275,28.8565,0.651,0.0228
3703,19.2377,0.4473,80.07,59.39,39.89,5.3358,2.3028,7.6386,0.3433,22.2524,0.565,0.0219
3704,40.6156,0.5019,18.3,36.52,48.01,11.5044,2.5331,14.0375,0.3947,35.5633,0.5,0.0979
3705,40.5407,0.6054,85.55,62.41,16.58,10.9675,3.0955,14.063,0.4792,29.3443,0.3927,0.0993
3706,19.3909,0.6905,83.84,52.6,55.78,4.9578,3.4251,8.3828,0.5366,15.6213,0.3199,0.1867
3707,38.463,0.6867,58.97,0.23,82.47,9.2172,3.5493,12.7666,0.5609,22.7594,0.2889,0.096
3708,42.6684,0.6744,57.67,54.22,1.82,10.7174,3.6711,14.3885,0.5399,26.6511,0.3161,0.0961
3709,23.6174,0.3125,21.93,32.76,71.98,5.8193,1.6705,7.4897,0.2401,31.1938,0.6957,0.0174
3710,25.9494,0.5887,34.9,55.92,28.31,7.0988,2.8419,9.9406,0.4716,21.0805,0.4024,0.1539
3711,27.2418,0.4474,22.65,13.91,85.66,7.4513,2.1554,9.6067,0.3431,28.0018,0.5651,0.1386
3712,38.8605,0.4276,32.78,26.8,6.95,10.7421,2.0578,12.7999,0.332,38.5582,0.5795,0.1174
3713,26.5446,0.663,35.1,6.26,27.04,6.5367,3.3454,9.8822,0.5478,18.041,0.3061,0.1672
3714,24.9,0.6953,83.2,35.11,28.58,6.0431,3.3882,9.4313,0.5504,17.1341,0.3025,0.1582
3715,35.2739,0.4678,29.09,73.61,19.33,9.9618,2.4125,12.3743,0.3658,33.831,0.5366,0.1199
3716,32.8611,0.6493,82.32,28.79,68.88,8.6279,3.2096,11.8375,0.509,23.2576,0.3551,0.1173
3717,23.2044,0.4515,84.66,38.76,26.56,6.4566,2.3092,8.7658,0.3505,25.0061,0.5558,0.0179
3718,44.4794,0.3494,28.16,7.88,3.53,11.3588,1.7854,13.1443,0.2615,50.2734,0.6687,0.0193
3719,40.9468,0.6919,51.62,28.26,36.07,10.3124,3.4332,13.7456,0.5374,25.5763,0.3188,0.0956
3720,16.1387,0.4462,68.89,31.23,79.04,4.411,2.1449,6.556,0.348,18.8401,0.5591,0.0212
3721,19.0478,0.3003,36.27,39.94,83.65,4.3317,1.3626,5.6943,0.2125,26.7976,0.7307,0.0198
3722,31.3253,0.4028,52.39,35.91,34.36,8.4421,2.0958,10.5379,0.3115,33.8242,0.6051,0.0186
3723,29.502,0.6092,72.44,19.62,4.74,8.0121,3.2203,11.2324,0.4777,23.5111,0.395,0.1386
3724,23.8609,0.6408,8.58,20.22,58.63,6.2374,3.1909,9.4282,0.5009,18.8243,0.3653,0.1688
3725,18.046,0.512,30.97,48.05,13.76,4.9944,2.6501,7.6444,0.392,19.5003,0.5032,0.2514
3726,26.3396,0.6227,68.35,25.64,0.23,6.972,2.9375,9.9095,0.4974,19.9246,0.3697,0.1575
3727,34.6205,0.4127,43.4,72.37,43.19,9.4281,2.0914,11.5195,0.3186,36.1576,0.5961,0.0159
3728,34.0694,0.4255,55.01,63.25,76.28,9.4452,2.1572,11.6025,0.3319,34.9531,0.5793,0.0162
3729,36.2328,0.6835,68.0,68.31,66.33,9.1175,3.4286,12.5461,0.5365,23.3865,0.3204,0.1114
3730,37.3057,0.4112,76.88,80.58,19.75,10.1342,2.1038,12.238,0.3158,38.7481,0.5999,0.0163
3731,38.235,0.3831,74.36,44.67,74.19,10.3415,1.9151,12.2567,0.3001,40.8431,0.6198,0.0155
3732,29.5645,0.3027,15.56,32.83,66.19,7.2605,1.6124,8.873,0.232,38.2529,0.7059,0.0178
3733,18.3885,0.6968,74.46,48.21,6.63,4.3349,3.6495,7.9844,0.5606,14.242,0.2896,0.2262
3734,29.438,0.6731,67.95,32.08,50.25,7.5212,3.3149,10.8361,0.5244,20.663,0.3356,0.1261
3735,42.3068,0.608,63.95,1.1,5.73,11.2959,3.4036,14.6995,0.4981,29.5122,0.369,0.0967
3736,46.3927,0.4359,33.34,74.43,24.99,12.8372,2.2994,15.1367,0.339,44.6468,0.5704,0.0917
3737,17.6591,0.5383,17.37,84.19,89.53,4.9194,2.6302,7.5495,0.4217,17.9022,0.4655,0.2365
3738,22.7691,0.5145,45.85,62.52,19.19,6.417,2.5692,8.9862,0.3992,22.5121,0.4944,0.1891
3739,29.7987,0.4757,70.63,66.91,65.59,8.3793,2.4914,10.8707,0.3678,29.5576,0.534,0.1462
3740,25.7543,0.3003,1.86,62.62,89.28,6.4479,1.3656,7.8135,0.2443,31.9801,0.6901,0.0207
3741,19.1203,0.4443,29.62,10.27,89.02,5.158,2.0173,7.1753,0.3495,20.5302,0.5567,0.0195
3742,35.8483,0.5109,30.27,64.81,27.76,10.1106,2.6673,12.778,0.4013,31.8396,0.4916,0.1074
3743,39.0932,0.3143,89.09,58.9,79.48,9.8692,1.5839,11.4531,0.2469,46.3934,0.6872,0.0143
3744,26.9647,0.6832,66.47,38.17,61.74,6.8031,3.1857,9.9888,0.5295,18.8631,0.3292,0.136
3745,19.4663,0.4977,9.65,56.23,25.11,5.4222,2.6365,8.0587,0.3898,20.6764,0.5059,0.261
3746,18.6934,0.4831,39.98,66.97,45.84,5.1081,2.3552,7.4633,0.3724,20.0435,0.5283,0.2407
3747,23.7533,0.4597,54.5,61.9,27.82,6.6318,2.3727,9.0045,0.3609,24.9497,0.5426,0.1864
3748,18.8684,0.6551,5.03,36.65,40.35,5.0297,3.2895,8.3192,0.4939,16.8455,0.3742,0.2237
3749,23.8873,0.4162,32.34,51.79,31.73,6.5413,2.0945,8.6358,0.3244,26.6177,0.5889,0.0185
3750,23.789,0.6579,8.09,11.86,25.83,6.2107,3.1668,9.3776,0.5089,18.4278,0.355,0.199
3751,30.6699,0.3933,40.26,71.97,55.96,8.3523,2.053,10.4053,0.3081,33.7706,0.6096,0.0167
3752,44.005,0.5708,55.65,64.12,66.53,12.2277,2.9116,15.1393,0.4483,33.7725,0.432,0.092
3753,46.8943,0.6948,76.35,46.77,10.13,11.3664,3.5898,14.9562,0.56,26.7092,0.2904,0.0801
3754,34.159,0.4521,33.16,26.6,28.64,9.524,2.3576,11.8816,0.3518,33.7756,0.5542,0.1222
3755,43.5889,0.6576,57.28,21.74,51.23,11.3594,3.2814,14.6407,0.514,28.4824,0.3484,0.0979
3756,41.8931,0.6461,56.56,85.41,89.48,11.0113,3.2625,14.2738,0.5093,28.0281,0.3548,0.0981
3757,38.6276,0.6968,59.51,36.66,32.23,9.6554,3.4781,13.1335,0.542,24.2313,0.3131,0.1006
3758,19.5206,0.4779,72.76,73.41,53.52,5.472,2.4232,7.8951,0.3625,21.779,0.5406,0.1955
3759,39.4473,0.61,38.42,78.33,25.0,10.6517,2.9486,13.6003,0.4782,28.4381,0.3942,0.1007
3760,37.209,0.3361,12.77,42.73,30.26,9.4665,1.7962,11.2627,0.256,44.0026,0.6756,0.0167
3761,28.4771,0.4562,25.71,3.43,17.34,7.9287,2.2828,10.2114,0.341,29.9466,0.5679,0.1641
3762,18.4942,0.5007,6.99,89.24,27.16,5.0435,2.6913,7.7349,0.3763,20.5559,0.523,0.2416
3763,28.12,0.4698,58.09,19.68,7.69,7.8793,2.2179,10.0971,0.3539,28.5304,0.5515,0.1445
3764,45.6934,0.5882,18.6,45.52,70.37,12.5375,2.9796,15.517,0.4678,33.1692,0.4071,0.0926
3765,39.5597,0.6128,45.5,81.58,59.69,10.6873,3.0429,13.7302,0.4827,28.4428,0.3884,0.0972
3766,22.9949,0.6291,55.13,4.53,55.54,6.1164,3.0938,9.2102,0.4986,18.4711,0.3682,0.1637
3767,40.0226,0.6291,21.23,89.75,59.3,10.6306,3.0566,13.6873,0.4969,27.546,0.3706,0.0957
3768,15.9592,0.4427,50.81,15.57,71.57,4.3896,2.1171,6.5067,0.3241,20.0736,0.5892,0.0212
3769,42.651,0.3767,68.61,13.11,75.26,11.3289,2.013,13.3419,0.2896,46.0755,0.6331,0.0165
3770,32.604,0.3583,22.48,7.56,14.25,8.335,1.6715,10.0065,0.2623,38.1501,0.6673,0.0175
3771,39.2467,0.4002,36.24,16.54,80.3,10.6108,2.0129,12.6237,0.311,40.5862,0.6058,0.0167
3772,45.6024,0.5269,86.5,4.91,23.87,12.756,2.6372,15.3933,0.4141,37.172,0.4755,0.0863
3773,16.331,0.5454,85.31,68.71,65.71,4.6447,2.5525,7.1972,0.3894,18.4835,0.5067,0.213
3774,24.215,0.5223,85.01,59.47,57.32,6.7719,2.6156,9.3876,0.402,23.355,0.4909,0.1628
3775,23.4047,0.6005,71.64,62.99,72.8,6.4443,3.007,9.4513,0.4714,20.0495,0.4026,0.1748
3776,21.5659,0.6226,2.7,51.76,19.95,5.8022,3.2514,9.0536,0.4892,18.5074,0.3803,0.2295
3777,29.9745,0.4974,68.66,53.49,17.06,8.4559,2.5297,10.9856,0.3851,28.5266,0.5119,0.1364
3778,44.2336,0.5519,24.12,72.48,77.55,12.3257,2.8314,15.1571,0.434,34.9273,0.4502,0.0877
3779,22.5508,0.4818,68.71,4.77,12.22,6.3401,2.349,8.6892,0.361,24.0716,0.5426,0.1779
3780,22.3358,0.4332,66.17,31.02,1.34,6.1069,2.2101,8.317,0.3233,25.7258,0.5906,0.0197
3781,34.5219,0.3174,23.34,34.73,29.99,8.5528,1.6499,10.2028,0.2392,42.6486,0.6969,0.0162
3782,22.5948,0.3221,4.13,32.85,67.8,5.8192,1.8705,7.6897,0.2735,28.114,0.653,0.0222
3783,25.0729,0.6318,22.81,54.2,56.04,6.5993,3.0561,9.6554,0.4989,19.3532,0.3682,0.1462
3784,31.5039,0.3046,46.25,13.36,8.43,7.6155,1.5513,9.1668,0.2297,39.911,0.7089,0.0187
3785,19.6378,0.6733,42.24,76.87,43.84,5.0059,3.3087,8.3146,0.526,15.8066,0.3337,0.221
3786,45.9388,0.4415,41.54,88.87,46.15,12.8312,2.2721,15.1033,0.3472,43.505,0.5599,0.0944
3787,21.1904,0.6717,25.41,89.79,14.05,5.332,3.2818,8.6139,0.5293,16.2748,0.3293,0.181
3788,32.2505,0.4338,84.84,32.22,33.79,8.9348,2.2501,11.185,0.3398,32.9116,0.5694,0.1156
3789,29.2087,0.5861,33.32,67.71,47.84,7.9489,2.869,10.8179,0.4593,23.5519,0.418,0.1403
3790,22.8226,0.6209,81.83,7.74,2.25,6.1908,3.1589,9.3497,0.4828,19.3647,0.3881,0.1828
3791,27.6961,0.3775,89.41,70.12,37.33,7.3819,1.8883,9.2702,0.2961,31.3065,0.6249,0.0163
3792,40.6908,0.6036,52.57,28.01,89.0,11.0544,2.9692,14.0236,0.4705,29.8086,0.4037,0.1021
3793,42.0839,0.4381,28.81,27.71,85.73,11.6282,2.3799,14.0081,0.3406,41.1239,0.5685,0.0971
3794,44.0166,0.3716,67.33,72.09,20.24,11.7324,1.9406,13.6729,0.2873,47.5882,0.6361,0.0161
3795,38.2478,0.6018,25.23,8.6,88.14,10.2823,3.0159,13.2982,0.4705,28.262,0.4035,0.1046
3796,18.4053,0.3425,11.39,30.53,87.61,4.6322,1.6509,6.283,0.2714,23.1544,0.6562,0.02
3797,35.4662,0.4247,27.63,16.95,5.04,9.7022,2.3217,12.0239,0.3161,38.0335,0.5992,0.1371
3798,26.2563,0.3839,27.64,7.09,24.38,6.8648,1.8088,8.6737,0.2805,30.9228,0.6443,0.0188
3799,24.3738,0.3073,57.75,56.67,63.36,6.1263,1.6035,7.7298,0.2507,30.8317,0.6823,0.0167
3800,38.41,0.3608,39.79,11.5,36.03,10.0296,1.8221,11.8517,0.2789,42.4939,0.6467,0.0163
3801,31.2671,0.4343,59.77,39.3,39.63,8.6633,2.2418,10.9052,0.3374,32.318,0.5724,0.1306
3802,25.1027,0.3684,36.67,12.4,43.77,6.5376,1.867,8.4046,0.2847,29.5163,0.6391,0.023
3803,16.2707,0.631,51.73,7.18,80.03,4.2141,3.1226,7.3368,0.5075,14.4562,0.3568,0.2354
3804,44.041,0.4571,25.17,58.73,5.55,12.3446,2.4207,14.7653,0.3522,41.9212,0.5539,0.092
3805,19.9787,0.3931,26.4,18.7,17.27,5.3595,1.8059,7.1653,0.2972,24.1117,0.6234,0.0196
3806,42.7938,0.3429,85.34,46.96,2.86,10.8002,1.8708,12.671,0.2509,50.4982,0.6821,0.0162
3807,31.2747,0.6473,30.05,35.44,57.71,8.1331,3.2207,11.3537,0.5096,22.2787,0.3539,0.1352
3808,16.133,0.4026,18.23,19.94,62.49,4.2487,2.0671,6.3158,0.3044,20.7492,0.6137,0.0186
3809,33.1235,0.429,35.62,83.79,14.41,9.1081,2.1393,11.2475,0.3289,34.1939,0.5833,0.017
3810,38.3333,0.3884,61.55,83.32,64.53,10.3933,1.9855,12.3788,0.3003,41.2243,0.6195,0.0148
3811,40.0257,0.4332,72.88,42.09,57.6,11.0073,2.2645,13.2718,0.3345,39.6727,0.576,0.1029
3812,16.6324,0.4872,40.74,16.19,70.44,4.7321,2.4272,7.1593,0.378,18.9394,0.5209,0.2411
3813,43.9618,0.6061,79.85,33.27,29.39,11.9154,3.1586,15.074,0.477,31.6015,0.3957,0.0815
3814,46.671,0.5513,33.5,10.78,85.11,12.8672,2.8335,15.7007,0.4307,36.4581,0.4544,0.0851
3815,36.8808,0.4895,33.42,87.78,17.4,10.4017,2.5492,12.9509,0.3835,33.7709,0.5142,0.1095
3816,17.049,0.467,32.1,54.1,3.43,4.7384,2.4262,7.1646,0.3405,21.0418,0.5687,0.226
3817,29.4202,0.3622,64.93,10.41,10.36,7.5098,1.7846,9.2944,0.2643,35.1706,0.665,0.0203
3818,43.8808,0.4077,25.52,68.44,72.0,12.0299,2.1427,14.1726,0.3169,44.72,0.5985,0.0147
3819,31.7705,0.5586,56.59,21.71,41.99,8.7962,2.837,11.6332,0.4377,26.5804,0.4456,0.1202
3820,22.4051,0.4531,60.01,65.09,16.69,6.2443,2.2444,8.4888,0.3419,24.83,0.5669,0.1722
3821,22.3846,0.4847,86.96,43.65,38.4,6.2941,2.5145,8.8086,0.384,22.9405,0.5135,0.1921
3822,44.5116,0.65,84.91,71.16,86.84,11.5288,3.3042,14.8329,0.5185,28.6094,0.3432,0.0911
3823,21.7754,0.3205,52.31,8.66,1.75,5.2137,1.3642,6.5779,0.215,30.6019,0.7275,0.0227
3824,23.4531,0.3241,60.12,34.77,88.5,5.9192,1.6844,7.6036,0.2542,29.9084,0.6779,0.0172
3825,33.719,0.4068,38.11,70.59,15.47,9.1868,2.006,11.1928,0.3113,35.9527,0.6055,0.0171
3826,42.0912,0.5743,68.65,84.04,14.41,11.6862,2.9878,14.674,0.4527,32.4118,0.4263,0.1026
3827,36.3167,0.4978,59.94,3.76,33.86,10.2438,2.4615,12.7052,0.3829,33.1802,0.5148,0.1106
3828,23.8323,0.6472,35.75,13.0,67.37,6.1908,3.1937,9.3844,0.507,18.5088,0.3577,0.1521
3829,36.3278,0.4027,63.97,19.42,36.9,9.8638,2.0451,11.9088,0.3116,38.224,0.605,0.0171
3830,37.6331,0.5186,50.29,65.15,56.13,10.6102,2.5821,13.1923,0.4071,32.4052,0.4842,0.1141
3831,38.1451,0.4141,6.04,19.13,2.84,10.4703,1.8598,12.3301,0.3202,38.5088,0.5942,0.1261
3832,22.1386,0.4329,71.0,67.98,24.06,5.9389,2.1665,8.1054,0.3216,25.2035,0.5924,0.0188
3833,41.8135,0.479,78.01,35.5,58.33,11.6936,2.528,14.2216,0.373,38.1265,0.5274,0.1008
3834,18.4957,0.3752,44.45,20.88,67.14,4.933,1.9548,6.8878,0.2929,23.5153,0.6288,0.0167
3835,45.3223,0.491,59.31,77.15,26.3,12.7513,2.4471,15.1984,0.3836,39.6183,0.514,0.0828
3836,43.5447,0.5209,20.22,82.5,24.19,12.2075,2.6863,14.8939,0.409,36.4111,0.4817,0.1018
3837,28.9504,0.5246,78.49,53.74,66.36,8.1069,2.7057,10.8126,0.4081,26.4926,0.4829,0.1391
3838,31.7327,0.5228,29.94,65.75,16.71,8.894,2.5462,11.4402,0.4061,28.1711,0.4855,0.1249
3839,31.2199,0.5856,16.87,64.48,60.97,8.481,3.0112,11.4922,0.4669,24.6127,0.4081,0.1199
3840,31.3713,0.6777,83.91,12.8,2.3,7.7027,3.6129,11.3156,0.5417,20.8908,0.3138,0.1388
3841,36.4876,0.3948,1.57,66.73,59.28,9.9874,2.1276,12.115,0.318,38.0995,0.5971,0.1114
3842,42.706,0.6526,61.27,2.88,1.12,10.797,3.687,14.484,0.5394,26.8518,0.3166,0.0962
3843,35.9194,0.3311,13.98,49.94,77.35,9.093,1.7712,10.8642,0.2512,43.2577,0.6815,0.0152
3844,27.4283,0.5175,35.16,32.27,9.48,7.6583,2.3347,9.993,0.3972,25.1609,0.4968,0.1389
3845,24.0203,0.6695,21.54,6.96,79.45,6.0273,3.3665,9.3938,0.5338,17.5994,0.3235,0.1522
3846,33.7536,0.6086,37.51,87.95,31.75,9.0669,3.0158,12.0827,0.4817,25.0814,0.3895,0.115
3847,22.9821,0.6781,69.16,11.17,26.15,5.8625,3.3146,9.1772,0.5344,17.1726,0.3231,0.1833
3848,38.1771,0.3657,25.8,38.74,16.17,10.0964,1.8636,11.9599,0.279,42.86,0.6461,0.0179
3849,32.43,0.5249,62.78,11.82,25.0,9.1327,2.6497,11.7824,0.4082,28.8613,0.4829,0.1286
3850,38.9988,0.342,28.93,50.0,19.87,9.9749,1.7375,11.7124,0.2584,45.3317,0.6725,0.0165
3851,28.8211,0.5998,76.4,59.24,7.86,7.8858,3.0808,10.9666,0.4622,23.7271,0.4141,0.1411
3852,24.733,0.4219,53.83,23.23,22.82,6.6898,2.0002,8.69,0.3241,26.814,0.589,0.0192
3853,40.7737,0.6611,2.59,79.41,49.12,10.8506,3.1692,14.0198,0.4994,28.0737,0.3672,0.1068
3854,37.2137,0.4085,26.28,37.61,56.25,10.2029,2.1753,12.3782,0.3202,38.6553,0.5944,0.0154
3855,46.901,0.5935,30.09,20.5,37.62,12.8718,3.1282,16.0,0.4663,34.3108,0.4091,0.0827
3856,41.5453,0.4974,62.5,44.35,49.54,11.7785,2.6372,14.4157,0.39,36.9625,0.5058,0.1031
3857,45.8171,0.6537,11.18,18.73,38.07,11.8099,3.3561,15.166,0.5191,29.218,0.3423,0.0861
3858,16.4002,0.5947,46.11,38.04,52.46,4.5848,2.8638,7.4486,0.456,16.3358,0.4221,0.2153
3859,25.9489,0.5414,37.15,6.44,54.03,7.1856,2.7133,9.8989,0.4319,22.9197,0.4529,0.15
3860,15.7786,0.307,35.56,77.89,67.79,3.6952,1.3226,5.0179,0.2213,22.6789,0.7197,0.0213
3861,23.3129,0.6701,28.3,21.13,14.97,5.843,3.4205,9.2635,0.5389,17.1881,0.3172,0.1945
3862,31.2177,0.5875,41.98,18.71,23.13,8.5394,2.9412,11.4806,0.4648,24.7006,0.4109,0.1275
3863,39.6926,0.5731,41.5,52.36,24.81,11.0384,2.7842,13.8226,0.4492,30.7744,0.4307,0.1
3864,23.2778,0.3737,9.92,66.02,40.47,6.3026,1.9174,8.2201,0.3051,26.9389,0.6133,0.0172
3865,41.4395,0.6876,64.24,68.87,46.5,10.3402,3.5108,13.851,0.5401,25.646,0.3155,0.0932
3866,45.4561,0.6131,68.38,73.77,24.32,12.2827,3.0309,15.3136,0.4791,31.9637,0.3932,0.0841
3867,36.2187,0.4593,39.1,52.06,71.51,10.093,2.3603,12.4533,0.3587,34.7186,0.5455,0.1183
3868,45.9358,0.4033,49.35,84.41,85.71,12.5756,2.0711,14.6467,0.3126,46.8479,0.6037,0.0833
3869,31.9095,0.368,55.05,42.53,74.92,8.4201,1.9292,10.3493,0.286,36.188,0.6376,0.0151
3870,38.4592,0.3241,24.93,34.23,71.56,9.8955,1.6926,11.5881,0.2578,44.9561,0.6733,0.015
3871,18.2578,0.5321,21.29,46.63,43.87,5.0225,2.6594,7.6819,0.4201,18.2862,0.4679,0.2458
3872,35.4094,0.6345,34.65,30.15,59.97,9.3261,3.1645,12.4906,0.5025,24.8554,0.3631,0.11
3873,22.2796,0.3515,41.05,83.88,39.51,5.6051,1.7278,7.3329,0.2644,27.7348,0.6649,0.0162
3874,26.1023,0.6947,59.76,17.49,38.27,6.4208,3.3511,9.7719,0.5498,17.7738,0.3036,0.1608
3875,19.7412,0.6662,36.85,72.95,27.86,5.1597,3.2849,8.4446,0.526,16.054,0.3333,0.2061
3876,40.7181,0.3408,34.34,27.0,83.86,10.4288,1.7747,12.2036,0.2652,46.0224,0.664,0.0149
3877,25.4027,0.4552,55.94,7.82,27.44,7.0679,2.2056,9.2735,0.3476,26.6825,0.5597,0.1584
3878,45.2427,0.3426,20.8,46.42,85.08,11.5624,1.8478,13.4101,0.2575,52.0794,0.6737,0.0163
3879,17.0331,0.3098,38.48,11.55,15.02,4.0261,1.397,5.4231,0.2107,25.7446,0.7329,0.0238
3880,27.0549,0.354,75.24,75.42,2.1,6.7973,1.5373,8.3346,0.2534,32.8861,0.6789,0.0175
3881,21.4477,0.4055,18.73,58.79,21.43,5.8625,1.9125,7.775,0.3062,25.3941,0.6119,0.0221
3882,35.0232,0.5811,22.42,0.26,20.49,9.6938,2.9612,12.6551,0.4685,27.0102,0.4061,0.114
3883,18.1156,0.689,42.29,73.92,42.33,4.4591,3.3585,7.8177,0.533,14.6669,0.3246,0.2359
3884,46.3736,0.5493,33.24,68.05,78.62,12.9895,2.7892,15.7787,0.4299,36.703,0.4554,0.0871
3885,24.5848,0.3231,69.45,83.88,80.17,6.0651,1.6026,7.6678,0.2431,31.5396,0.692,0.0186
3886,45.2343,0.3571,2.93,38.02,30.07,12.1526,2.1447,14.2973,0.2923,48.9104,0.6296,0.0177
3887,15.9555,0.4182,75.12,56.64,33.86,4.0799,1.683,5.7628,0.2926,19.6948,0.6292,0.0185
3888,38.9949,0.3894,28.07,24.67,67.38,10.518,1.9178,12.4358,0.303,41.0473,0.6161,0.015
3889,40.9805,0.6053,13.31,22.08,15.51,11.2421,3.0437,14.2858,0.4794,29.7963,0.3925,0.1149
3890,25.1441,0.3093,68.78,66.32,66.99,6.0693,1.4989,7.5682,0.2324,32.5605,0.7055,0.0163
3891,31.2677,0.5751,13.45,79.99,75.31,8.5042,2.9243,11.4285,0.459,24.901,0.4183,0.1245
3892,19.2678,0.4598,53.13,55.62,29.25,5.3298,2.2847,7.6144,0.3506,21.7172,0.5557,0.2332
3893,20.6841,0.6514,49.74,80.11,30.76,5.4982,3.116,8.6142,0.5047,17.0686,0.3605,0.1943
3894,20.2342,0.6168,49.74,6.43,13.32,5.2608,2.9227,8.1834,0.5075,16.1255,0.3569,0.2227
3895,41.9023,0.4868,8.03,39.41,0.61,11.9242,2.7508,14.675,0.3755,39.0764,0.524,0.1182
3896,38.8473,0.5289,21.62,21.97,7.44,10.8188,2.4819,13.3007,0.4152,32.0315,0.474,0.1119
3897,36.0246,0.6259,58.44,48.18,51.78,9.6729,3.1245,12.7975,0.4917,26.0279,0.3772,0.1109
3898,32.3455,0.3347,8.41,76.51,45.85,8.2877,1.7311,10.0187,0.2644,37.8968,0.665,0.0173
3899,28.0734,0.5052,9.31,44.0,29.77,7.9141,2.4224,10.3365,0.3879,26.6446,0.5085,0.163
3900,37.5962,0.6683,27.1,86.88,30.36,9.4774,3.3184,12.7958,0.5329,24.0137,0.3246,0.1092
3901,23.2535,0.641,57.03,80.25,51.32,6.0953,3.1425,9.2378,0.5026,18.3816,0.3632,0.1713
3902,34.5031,0.5189,80.1,62.03,78.91,9.7848,2.5794,12.3642,0.4074,30.3454,0.4836,0.1166
3903,17.6838,0.4579,21.05,73.2,76.36,4.8225,2.1485,6.971,0.3466,20.1125,0.5608,0.26
3904,27.2759,0.3914,3.67,35.98,4.3,7.2934,1.6041,8.8974,0.3024,29.4204,0.6168,0.0205
3905,27.6684,0.6307,7.06,67.34,88.9,7.4088,3.0122,10.421,0.4819,21.6244,0.3894,0.1604
3906,21.8037,0.622,72.99,6.97,81.85,5.8903,3.0464,8.9367,0.4977,17.9571,0.3696,0.1747
3907,23.0802,0.4503,55.98,28.54,38.69,6.4027,2.2338,8.6365,0.351,24.6072,0.5551,0.1745
3908,24.7196,0.6577,30.5,32.16,6.3,6.2804,3.3558,9.6361,0.5286,18.2281,0.3303,0.1576
3909,31.7943,0.5805,12.15,55.14,16.54,8.7577,2.8955,11.6532,0.4605,25.3057,0.4164,0.1367
3910,43.3742,0.6148,72.79,67.5,40.73,11.7478,3.1595,14.9073,0.4808,31.0049,0.3909,0.0841
3911,46.8432,0.583,1.12,8.02,75.13,12.9612,3.0351,15.9963,0.4527,35.3354,0.4265,0.0796
3912,45.3708,0.5553,73.46,63.94,16.93,12.6606,2.8419,15.5025,0.4377,35.4217,0.4456,0.0961
3913,38.9176,0.4873,51.08,67.13,80.77,10.9909,2.4632,13.454,0.3832,35.1074,0.5144,0.1035
3914,22.8642,0.5704,41.93,36.24,10.07,6.3147,2.9186,9.2334,0.4467,20.6684,0.4339,0.177
3915,42.1887,0.6458,60.02,6.07,6.55,10.8843,3.3683,14.2527,0.5164,27.6003,0.3456,0.0949
3916,19.77,0.3917,65.96,38.83,25.19,5.2904,2.0087,7.2991,0.2991,24.4073,0.6208,0.016
3917,27.0734,0.5401,66.46,43.83,60.5,7.585,2.5507,10.1357,0.4181,24.244,0.4702,0.152
3918,45.1966,0.5018,58.32,83.2,36.06,12.7196,2.538,15.2576,0.392,38.9241,0.5032,0.0958
3919,37.6065,0.427,82.18,12.66,19.25,10.3503,2.1455,12.4958,0.3292,37.9566,0.5828,0.1029
3920,21.2788,0.4181,38.19,27.58,75.68,5.7186,1.9634,7.6819,0.3209,23.937,0.5931,0.0178
3921,34.2681,0.6328,51.53,52.59,29.57,9.1507,3.1805,12.3312,0.4968,24.8213,0.3705,0.1295
3922,44.0842,0.3951,40.41,15.41,46.57,11.9933,2.1792,14.1725,0.3114,45.5106,0.6055,0.0163
3923,45.4383,0.6994,12.11,47.74,87.13,10.9884,3.5493,14.5378,0.5587,26.0216,0.2921,0.0924
3924,41.8579,0.3026,77.94,48.2,41.42,10.2015,1.6288,11.8302,0.2309,51.2263,0.7073,0.0143
3925,45.6889,0.3882,89.39,83.89,58.31,12.295,1.9595,14.2546,0.2964,48.0978,0.6243,0.0152
3926,32.2133,0.3671,22.85,38.2,67.78,8.5399,1.9448,10.4848,0.2876,36.4604,0.6355,0.0158
3927,23.6258,0.5768,19.78,27.76,15.1,6.5817,3.0482,9.6298,0.4503,21.3854,0.4293,0.1958
3928,32.7113,0.3671,41.26,50.14,26.03,8.6063,1.8642,10.4705,0.2787,37.5728,0.6469,0.0164
3929,42.8366,0.5678,9.57,21.65,84.79,11.8528,2.9696,14.8224,0.4468,33.1781,0.4339,0.1049
3930,27.2344,0.3855,77.38,19.77,71.03,7.2496,1.8844,9.134,0.2955,30.9108,0.6256,0.0178
3931,34.7881,0.4876,15.49,32.63,77.19,9.7894,2.5118,12.3012,0.3803,32.3457,0.5181,0.1196
3932,17.3536,0.3769,73.63,16.15,21.54,4.5539,1.8907,6.4445,0.2819,22.8585,0.6427,0.0242
3933,23.657,0.4616,15.77,67.55,39.95,6.6378,2.2563,8.8941,0.3591,24.765,0.5449,0.1863
3934,29.5396,0.6562,62.22,31.5,35.99,7.8295,3.1935,11.023,0.5061,21.7808,0.3589,0.1325
3935,27.4959,0.6783,3.67,43.43,20.32,7.2555,3.0332,10.2886,0.5118,20.1036,0.3513,0.17
3936,46.9044,0.5734,40.65,82.46,27.61,12.9356,2.8793,15.8149,0.4478,35.3184,0.4327,0.079
3937,34.2709,0.5327,61.24,60.59,49.54,9.5846,2.7079,12.2924,0.4163,29.5244,0.4725,0.1157
3938,16.4496,0.4128,39.16,47.16,60.74,4.4574,2.0119,6.4693,0.3135,20.637,0.6025,0.0186
3939,26.5389,0.5716,67.72,64.3,18.09,7.3947,2.7497,10.1443,0.4416,22.971,0.4405,0.1638
3940,27.8473,0.3706,10.35,71.43,64.83,7.3888,1.8181,9.2069,0.2827,32.5731,0.6417,0.0167
3941,35.3055,0.4994,82.65,67.97,21.4,9.9039,2.5974,12.5013,0.3882,32.2065,0.508,0.1091
3942,44.3671,0.3674,89.89,50.18,33.54,11.6242,1.8961,13.5203,0.2805,48.1996,0.6445,0.0146
3943,24.1258,0.4239,65.85,43.01,35.94,6.646,2.0994,8.7454,0.3331,26.253,0.5779,0.0187
3944,26.8453,0.3521,18.2,60.54,76.9,6.9848,1.6719,8.6567,0.2688,32.2006,0.6592,0.0158
3945,40.4284,0.6829,27.43,71.21,18.35,10.0889,3.4588,13.5478,0.5417,25.0081,0.3137,0.1003
3946,35.9775,0.5384,30.6,68.96,55.47,10.1442,2.792,12.9363,0.4223,30.6337,0.4649,0.1127
3947,46.5594,0.5234,50.62,73.11,17.64,13.178,2.6733,15.8514,0.4068,38.9644,0.4845,0.0866
3948,23.997,0.3604,66.12,68.86,13.46,6.1034,1.7901,7.8935,0.2657,29.7119,0.6633,0.0168
3949,47.123,0.6564,20.89,26.27,72.27,12.1749,3.3422,15.5171,0.5178,29.9661,0.3438,0.0887
3950,36.9534,0.3279,53.78,13.6,63.26,9.3622,1.7064,11.0686,0.2567,43.1196,0.6746,0.0176
3951,31.6593,0.4502,68.31,23.96,19.94,8.8347,2.3325,11.1672,0.3496,31.9448,0.5571,0.1349
3952,20.6999,0.6722,20.56,6.39,29.55,5.0703,3.2795,8.3499,0.5543,15.0634,0.2975,0.2251
3953,46.1574,0.3148,25.82,55.67,58.81,11.4959,1.6393,13.1352,0.2402,54.684,0.6956,0.0142
3954,43.8811,0.3303,85.1,76.2,62.66,11.0776,1.702,12.7796,0.2492,51.283,0.6841,0.0147
3955,46.9473,0.3124,82.38,56.32,25.55,11.4808,1.5542,13.0351,0.233,55.9404,0.7048,0.0146
3956,19.1049,0.4971,47.6,88.29,33.61,5.436,2.3996,7.8356,0.3778,20.7407,0.5212,0.2083
3957,16.0442,0.6465,48.97,82.58,6.56,4.2439,2.9568,7.2008,0.4802,14.9951,0.3917,0.2754
3958,22.2988,0.4974,58.14,62.44,69.42,6.2848,2.4436,8.7284,0.3882,22.4857,0.5081,0.1753
3959,30.1233,0.6998,42.56,54.44,0.68,7.3704,3.6916,11.062,0.5583,19.8149,0.2929,0.1364
3960,41.0572,0.409,54.13,28.91,43.24,11.2831,2.105,13.3881,0.3151,42.4948,0.6009,0.0155
3961,40.7324,0.3695,33.66,84.07,27.56,10.7197,1.9458,12.6655,0.2864,44.2177,0.637,0.0167
3962,26.0096,0.5744,13.01,80.35,49.25,7.1448,2.9082,10.053,0.4486,22.4109,0.4315,0.1642
3963,27.1174,0.5061,9.98,79.52,88.19,7.4348,2.475,9.9098,0.394,25.1546,0.5005,0.1453
3964,39.2168,0.3318,71.72,5.52,56.31,9.8891,1.6749,11.564,0.2516,45.9649,0.6812,0.023
3965,39.3195,0.6303,86.73,25.43,46.61,10.5432,3.0838,13.6269,0.4912,27.7415,0.3777,0.1006
3966,20.621,0.402,70.25,9.37,1.98,5.5215,1.6619,7.1834,0.292,24.6009,0.63,0.0203
3967,36.3817,0.3097,21.58,7.62,23.87,8.6571,1.5136,10.1707,0.2258,45.0471,0.7137,0.0166
3968,29.5282,0.5677,2.83,71.42,21.03,8.2243,2.802,11.0263,0.4351,25.3414,0.4485,0.1514
3969,34.4271,0.5055,85.02,49.26,79.18,9.6148,2.4677,12.0825,0.4002,30.1926,0.493,0.129
3970,23.9065,0.4792,45.69,41.58,0.86,6.671,2.5004,9.1714,0.3707,24.7394,0.5304,0.182
3971,37.1878,0.3413,50.35,37.64,86.27,9.634,1.7693,11.4033,0.269,42.3878,0.6591,0.0155
3972,19.9744,0.6588,88.92,70.0,70.05,5.2289,3.1988,8.4277,0.5109,16.4951,0.3527,0.1807
3973,25.8435,0.6716,20.25,86.17,28.09,6.4694,3.3745,9.8439,0.5344,18.4193,0.3228,0.1561
3974,32.4656,0.6701,52.56,49.33,65.29,8.2975,3.2874,11.5849,0.5215,22.2134,0.3393,0.126
3975,38.8142,0.5577,31.84,1.13,3.63,10.8481,2.7991,13.6471,0.4491,30.3899,0.4309,0.106
3976,24.1306,0.3031,42.49,68.18,15.0,5.5745,1.4474,7.0219,0.2163,32.4593,0.7257,0.0166
3977,16.1062,0.6294,12.96,19.44,2.6,4.5838,3.0169,7.6007,0.4491,16.9248,0.4302,0.2618
3978,31.4304,0.5099,6.95,31.6,47.84,8.8132,2.7035,11.5167,0.3934,29.2717,0.5015,0.138
3979,38.702,0.3524,29.6,83.83,87.09,10.1646,1.8187,11.9833,0.2759,43.441,0.6504,0.0153
3980,36.0067,0.4995,82.85,39.74,51.74,10.1316,2.56,12.6916,0.3908,32.4785,0.5051,0.1143
3981,29.1069,0.4506,41.37,76.97,13.03,8.1181,2.2589,10.377,0.3466,29.9353,0.5607,0.1467
3982,44.4695,0.4571,73.98,20.84,24.4,12.4143,2.4547,14.8689,0.3555,41.826,0.5495,0.0986
3983,35.7707,0.6717,55.3,19.85,47.34,9.124,3.3935,12.5175,0.5321,23.5232,0.3257,0.1062
3984,46.7786,0.4694,80.29,6.66,16.92,13.1055,2.4232,15.5287,0.3653,42.5133,0.5372,0.09
3985,17.7335,0.5599,57.11,6.62,11.03,4.8176,2.8322,7.6498,0.4529,16.8913,0.4262,0.2203
3986,37.4598,0.5789,45.43,67.05,14.35,10.4182,2.861,13.2792,0.4555,29.1552,0.423,0.1054
3987,33.2675,0.6055,78.81,21.95,17.31,9.0235,3.0642,12.0878,0.4785,25.2634,0.3938,0.121
3988,20.0231,0.3793,79.87,84.46,38.8,5.2124,1.9905,7.2029,0.2962,24.3142,0.6246,0.0186
3989,15.7432,0.5693,87.24,22.79,64.59,4.4148,2.6233,7.0382,0.4176,16.8524,0.4709,0.2167
3990,25.9893,0.5435,72.33,32.6,9.9,7.2347,2.5793,9.814,0.4261,23.0307,0.4602,0.1404
3991,23.8595,0.6652,6.67,70.4,38.22,6.1574,3.2619,9.4192,0.5149,18.2919,0.3475,0.1693
3992,36.3771,0.5465,42.68,51.9,34.43,10.1454,2.7891,12.9345,0.4306,30.0379,0.4543,0.1111
3993,24.6749,0.5568,79.58,23.83,56.47,6.8148,2.767,9.5818,0.4354,22.0088,0.4481,0.164
3994,39.7049,0.5486,28.22,0.69,60.14,10.9909,2.8553,13.8462,0.4362,31.7419,0.4473,0.0962
3995,32.6333,0.483,58.51,32.19,29.29,9.1509,2.4799,11.6307,0.3739,31.1045,0.5263,0.1206
3996,34.4314,0.4772,36.96,79.13,74.32,9.6081,2.4182,12.0263,0.3713,32.3913,0.5297,0.1116
3997,20.806,0.3871,79.7,40.73,51.3,5.7523,1.9985,7.7508,0.3033,25.5576,0.6157,0.0178
3998,39.6595,0.4103,25.54,13.33,76.89,10.7617,2.0582,12.8199,0.3237,39.6024,0.5898,0.0991
3999,38.6357,0.3006,79.24,81.19,11.18,9.1421,1.4094,10.5515,0.2225,47.4316,0.7181,0.0171
4000,21.07,0.3018,34.09,26.03,27.83,4.8175,1.386,6.2035,0.2114,29.3442,0.7321,0.0197
4001,22.1778,0.3433,36.75,37.78,38.01,5.6128,1.744,7.3568,0.2562,28.7103,0.6753,0.0174
4002,41.9325,0.6839,38.21,22.53,43.29,10.5186,3.4684,13.987,0.5381,25.9944,0.3182,0.1044
4003,19.5977,0.579,42.65,3.82,11.93,5.3094,2.7937,8.1031,0.478,16.9537,0.3942,0.21
4004,38.2804,0.5886,25.51,29.72,1.47,10.5542,2.9204,13.4746,0.4688,28.744,0.4061,0.1076
4005,33.5197,0.6351,57.16,8.44,87.74,8.7744,3.1123,11.8868,0.5007,23.7384,0.3657,0.1263
4006,45.2586,0.6567,68.42,55.57,67.21,11.7557,3.3022,15.0579,0.5167,29.1445,0.3454,0.0927
4007,26.0805,0.4021,49.69,68.13,77.54,7.0625,1.9984,9.0609,0.3127,28.9808,0.6038,0.0176
4008,25.437,0.6405,82.2,19.48,32.42,6.5501,3.1977,9.7478,0.5069,19.2296,0.3576,0.1507
4009,32.9289,0.5121,39.19,49.88,47.99,9.2719,2.546,11.8179,0.4025,29.3638,0.49,0.1241
4010,31.1978,0.6263,8.54,75.51,61.13,8.2187,3.2217,11.4404,0.4913,23.2861,0.3772,0.1264
4011,29.0323,0.6053,24.97,33.25,78.05,7.7948,2.9655,10.7603,0.4785,22.4857,0.3934,0.1412
4012,29.1241,0.6034,49.77,15.02,19.01,7.9788,3.0362,11.0151,0.4746,23.2073,0.3987,0.1462
4013,30.4707,0.3117,58.0,48.03,8.38,7.4597,1.6514,9.111,0.2347,38.8234,0.7025,0.0153
4014,43.6823,0.5961,30.49,71.01,33.39,12.0188,3.0436,15.0624,0.467,32.2506,0.4082,0.0973
4015,41.2255,0.64,17.25,54.82,83.16,10.8501,3.2415,14.0916,0.511,27.5763,0.3526,0.1075
4016,31.5767,0.6268,89.41,46.3,60.67,8.3429,3.1599,11.5028,0.4953,23.223,0.3724,0.1289
4017,29.5602,0.404,48.12,78.51,31.28,8.0102,2.1251,10.1353,0.3098,32.7106,0.6073,0.0156
4018,20.7075,0.4582,5.18,56.32,13.66,5.7184,2.4668,8.1853,0.3646,22.4503,0.5381,0.232
4019,45.177,0.4338,13.7,29.13,54.88,12.5726,2.2207,14.7933,0.3349,44.1786,0.5755,0.0932
4020,33.8166,0.3596,52.05,85.95,14.26,8.8677,1.7022,10.5699,0.2732,38.6873,0.6538,0.017
4021,17.061,0.3247,53.26,33.05,64.2,4.3221,1.7337,6.0559,0.246,24.614,0.6882,0.023
4022,37.9315,0.4229,72.35,79.68,47.59,10.4457,2.2562,12.7019,0.3292,38.5823,0.583,0.1168
4023,17.0234,0.3385,1.55,79.93,29.18,4.186,1.6833,5.8693,0.2386,24.6023,0.6974,0.0202
4024,41.0368,0.3108,79.22,42.32,23.74,9.9031,1.6637,11.5669,0.229,50.5039,0.7098,0.0171
4025,34.9107,0.5234,82.82,11.49,66.11,9.7999,2.6056,12.4055,0.409,30.3348,0.4817,0.1047
4026,44.6963,0.5931,61.8,87.38,63.13,12.2745,2.9587,15.2332,0.4666,32.6503,0.4087,0.0923
4027,43.1583,0.3131,82.16,50.66,12.73,10.4911,1.5676,12.0587,0.2305,52.3204,0.7078,0.0159
4028,41.8729,0.5564,41.53,72.26,71.24,11.6755,2.886,14.5615,0.4368,33.3373,0.4465,0.0896
4029,17.331,0.4198,25.6,8.27,0.8,4.6318,2.1358,6.7676,0.305,22.1919,0.6136,0.0178
4030,15.7468,0.5975,29.18,7.19,59.58,4.2286,3.0665,7.2951,0.4779,15.266,0.3944,0.2422
4031,32.6958,0.5483,4.41,79.62,0.84,9.0455,2.7565,11.802,0.4223,27.9495,0.465,0.1422
4032,27.4654,0.3202,6.16,38.91,81.04,6.9624,1.371,8.3334,0.2604,32.0036,0.6692,0.0241
4033,31.8917,0.4698,14.59,59.7,16.23,8.9971,2.3005,11.2976,0.3684,30.6636,0.5331,0.1346
4034,17.2395,0.3066,81.3,87.4,49.81,3.9158,1.484,5.3997,0.2169,24.8936,0.7253,0.0215
4035,46.7336,0.6154,20.56,79.26,43.36,12.6112,3.1717,15.7828,0.4845,32.5743,0.3861,0.0885
4036,31.3153,0.4678,2.71,15.83,5.28,8.6039,2.5314,11.1354,0.3614,30.808,0.5421,0.141
4037,37.808,0.5598,4.47,11.12,57.62,10.52,2.7227,13.2426,0.4358,30.3842,0.4478,0.1233
4038,26.161,0.3034,67.33,76.51,19.64,6.1479,1.4317,7.5796,0.2244,33.7776,0.7155,0.0175
4039,17.5282,0.3166,10.95,34.7,46.04,4.409,1.7746,6.1836,0.2557,24.1808,0.676,0.0201
4040,34.6469,0.6794,41.39,6.28,67.31,8.6907,3.3504,12.0411,0.5393,22.3262,0.3165,0.1162
4041,46.1228,0.3836,20.7,63.65,76.89,12.3899,2.0851,14.475,0.2977,48.6186,0.6227,0.0147
4042,24.6653,0.4969,42.36,9.76,12.86,6.876,2.4961,9.3722,0.3939,23.7941,0.5008,0.1722
4043,15.9167,0.5102,27.41,71.93,9.65,4.5092,2.3274,6.8366,0.3668,18.6379,0.535,0.2345
4044,29.6354,0.4068,19.57,33.77,48.37,8.117,2.1022,10.2192,0.3167,32.2721,0.5989,0.0199
4045,32.4591,0.6767,8.33,80.73,23.75,8.2125,3.3761,11.5886,0.5302,21.8573,0.328,0.1295
4046,40.9445,0.4722,29.62,28.53,12.26,11.5324,2.3963,13.9287,0.3639,38.2774,0.5388,0.1011
4047,46.0459,0.5925,87.18,0.34,16.59,12.3621,3.0514,15.4135,0.4794,32.1542,0.3924,0.0836
4048,26.0514,0.6955,44.71,38.09,74.17,6.3595,3.3034,9.6629,0.5528,17.4799,0.2993,0.1506
4049,38.6872,0.4427,38.71,10.47,13.23,10.7916,2.1447,12.9363,0.3455,37.4372,0.5621,0.114
4050,31.5053,0.5127,84.53,26.49,71.25,8.8506,2.6466,11.4971,0.3994,28.7881,0.494,0.1308
4051,20.8146,0.3372,45.76,63.88,4.52,5.0954,1.4708,6.5662,0.2406,27.2883,0.695,0.0169
4052,39.5185,0.5738,40.68,50.23,34.27,11.0029,2.854,13.8568,0.4538,30.536,0.425,0.1019
4053,34.0018,0.5403,33.99,25.53,62.39,9.5572,2.7828,12.34,0.4264,28.9407,0.4596,0.1156
4054,28.3527,0.6175,42.93,78.67,62.77,7.6043,3.1006,10.7049,0.4864,22.0103,0.3838,0.1396
4055,19.9723,0.5741,49.85,53.49,55.32,5.5957,2.8004,8.3961,0.4457,18.8369,0.4353,0.1889
4056,40.9516,0.4986,81.12,58.45,7.07,11.5202,2.5728,14.093,0.3824,36.8542,0.5155,0.1023
4057,41.2267,0.6005,33.55,87.44,28.12,11.1866,2.998,14.1846,0.4705,30.1473,0.4038,0.0951
4058,44.3343,0.4191,38.07,53.12,32.83,12.3172,2.2279,14.5451,0.3265,44.5515,0.5862,0.0963
4059,20.4863,0.6597,59.76,47.4,26.89,5.3444,3.2458,8.5902,0.5158,16.6539,0.3465,0.2082
4060,39.4775,0.5941,59.9,15.82,5.37,10.8041,2.874,13.6781,0.4705,29.0706,0.4039,0.115
4061,41.7365,0.5331,82.4,72.9,33.62,11.6317,2.8177,14.4495,0.4176,34.6039,0.4709,0.0861
4062,16.1449,0.4154,86.4,45.06,45.98,4.3415,2.0247,6.3662,0.306,20.8025,0.6121,0.0212
4063,39.9988,0.6965,29.71,57.6,55.43,9.8952,3.4241,13.3193,0.5485,24.2851,0.3052,0.1048
4064,36.2549,0.3971,73.69,79.61,60.6,9.7796,2.075,11.8546,0.3029,39.1412,0.6161,0.016
4065,44.1947,0.568,62.32,70.8,45.71,12.3435,2.843,15.1865,0.4436,34.236,0.4379,0.0888
4066,25.7496,0.6573,49.83,7.28,80.93,6.6141,3.2902,9.9043,0.5261,18.827,0.3333,0.1524
4067,17.322,0.6629,39.21,37.68,5.5,4.5605,3.4461,8.0065,0.5238,15.2845,0.3365,0.2431
4068,37.6499,0.5886,63.6,22.47,87.08,10.2786,2.9342,13.2128,0.4648,28.4252,0.4111,0.1094
4069,23.2354,0.3732,6.86,46.56,73.38,6.3026,2.0381,8.3407,0.3166,26.3461,0.5986,0.0205
4070,43.5748,0.6758,22.83,82.94,80.59,10.9797,3.3434,14.3232,0.5365,26.6989,0.3202,0.0916
4071,38.9098,0.5523,9.52,82.35,65.92,10.8571,2.7666,13.6238,0.4353,31.2993,0.4482,0.1026
4072,33.4886,0.4379,57.05,78.99,66.14,9.2628,2.1841,11.4469,0.3406,33.6089,0.5685,0.1274
4073,36.3641,0.516,40.45,40.12,21.59,10.2804,2.6824,12.9628,0.4045,32.0453,0.4875,0.1104
4074,30.8332,0.5177,61.93,69.02,43.82,8.6674,2.598,11.2654,0.4014,28.065,0.4915,0.1345
4075,17.9046,0.4074,79.96,68.74,29.26,4.655,2.0434,6.6984,0.2889,23.1846,0.6336,0.0189
4076,44.303,0.5296,44.88,81.55,12.15,12.4792,2.6835,15.1627,0.4175,36.3141,0.4709,0.0926
4077,22.4476,0.6423,49.29,78.44,24.92,6.0012,3.118,9.1192,0.4981,18.3085,0.3687,0.1717
4078,40.9985,0.3712,79.98,37.48,48.85,10.957,2.0092,12.9662,0.2904,44.6539,0.632,0.0149
4079,35.5705,0.3102,45.53,6.07,55.52,8.7721,1.6698,10.442,0.2344,44.5425,0.7029,0.0194
4080,31.3542,0.3473,49.46,79.64,83.83,8.1522,1.86,10.0122,0.2714,36.8851,0.656,0.0161
4081,25.6633,0.3345,62.06,42.71,83.4,6.5363,1.5473,8.0836,0.264,30.6164,0.6654,0.0212
4082,29.1073,0.6936,28.62,88.86,25.32,7.1349,3.5084,10.6433,0.5501,19.3482,0.3028,0.133
4083,44.5476,0.5137,20.83,8.39,28.2,12.4111,2.6693,15.0804,0.4029,37.433,0.4895,0.1001
4084,38.9747,0.3829,79.08,29.56,22.4,10.2694,1.8334,12.1028,0.2904,41.676,0.6318,0.0149
4085,15.8077,0.3661,29.39,11.94,31.51,4.2422,1.7508,5.9931,0.2669,22.455,0.6618,0.0199
4086,36.3323,0.6593,49.7,53.2,89.0,9.3336,3.3705,12.7041,0.5235,24.2687,0.3368,0.1067
4087,41.1924,0.3807,71.49,82.76,53.8,10.9769,2.0128,12.9897,0.2891,44.9372,0.6337,0.0151
4088,41.5592,0.3734,32.52,31.51,31.23,11.0359,1.9698,13.0056,0.2864,45.4103,0.637,0.0152
4089,17.7268,0.6136,42.78,87.88,44.6,4.8083,3.033,7.8413,0.4682,16.7489,0.4068,0.2079
4090,40.396,0.4852,22.78,65.84,55.7,11.3241,2.4686,13.7927,0.376,36.6784,0.5235,0.1052
4091,37.2902,0.4361,12.84,69.3,40.22,10.3651,2.2431,12.6083,0.3415,36.9254,0.5672,0.1143
4092,40.9659,0.4828,5.79,17.0,82.37,11.4589,2.478,13.9369,0.3734,37.3273,0.5267,0.1061
4093,46.6502,0.3616,63.29,29.02,11.57,12.3799,1.8562,14.2361,0.2792,50.9827,0.6461,0.0173
4094,26.4054,0.6101,55.57,62.64,72.79,7.0777,2.9463,10.024,0.483,20.7536,0.3883,0.161
4095,20.7123,0.3435,58.87,79.34,54.37,5.3446,1.7463,7.0909,0.2661,26.6431,0.6628,0.0185
4096,43.0047,0.47,4.01,23.38,50.64,12.058,2.5169,14.5749,0.3651,39.9195,0.5371,0.1082
4097,24.9246,0.5151,23.79,27.19,18.87,7.0228,2.59,9.6128,0.403,23.8557,0.4894,0.1699
4098,31.0442,0.5436,35.51,39.06,60.0,8.6134,2.7718,11.3852,0.4285,26.5704,0.457,0.1321
4099,39.6673,0.3592,58.45,40.47,74.31,10.4504,1.9038,12.3543,0.2763,44.7092,0.6499,0.0146
4100,41.8768,0.6623,88.07,51.81,83.45,10.5053,3.4914,13.9966,0.5342,26.2011,0.3229,0.1045
4101,27.5636,0.391,17.06,35.98,17.0,7.4165,1.8102,9.2267,0.2939,31.3908,0.6276,0.0169
4102,33.7925,0.5669,40.24,68.14,27.04,9.3452,2.8963,12.2415,0.4481,27.3176,0.432,0.1286
4103,21.0174,0.449,83.68,79.81,4.71,5.7452,1.967,7.7122,0.3354,22.9939,0.5748,0.0238
4104,23.5255,0.4264,46.23,24.51,27.63,6.4171,2.1109,8.528,0.3311,25.7599,0.5805,0.0196
4105,41.5801,0.6496,4.13,81.71,36.26,11.0406,3.2512,14.2918,0.4965,28.7878,0.3711,0.0945
4106,16.9135,0.6525,78.86,42.4,51.94,4.4923,3.3199,7.8122,0.5043,15.4918,0.3611,0.2711
4107,28.602,0.6057,11.73,44.85,59.65,7.8035,2.9899,10.7933,0.4682,23.0532,0.4068,0.137
4108,28.2271,0.3847,32.87,65.36,72.37,7.5123,1.798,9.3103,0.2945,31.6134,0.6269,0.0166
4109,40.3528,0.3714,36.01,58.35,13.52,10.6891,1.8773,12.5664,0.2816,44.6202,0.6432,0.0147
4110,32.8706,0.4103,31.31,69.89,75.48,8.9082,2.0112,10.9195,0.3159,34.5681,0.5997,0.0154
4111,17.9151,0.6398,27.66,30.52,29.21,4.8476,3.1358,7.9834,0.505,15.8074,0.3599,0.2382
4112,32.4024,0.6338,42.92,60.34,30.97,8.6495,3.1507,11.8001,0.4993,23.6347,0.3674,0.1235
4113,16.7694,0.4789,19.21,53.3,28.93,4.7676,2.3208,7.0884,0.3615,19.6085,0.5421,0.2981
4114,34.2385,0.4656,7.39,58.4,7.8,9.5612,2.2841,11.8454,0.3582,33.0656,0.5461,0.1311
4115,35.5551,0.4786,52.45,84.54,71.96,9.9689,2.4518,12.4207,0.3734,33.2629,0.5268,0.1177
4116,40.832,0.6804,8.52,26.14,21.92,10.4315,3.4145,13.846,0.5349,25.8859,0.3223,0.1137
4117,44.6886,0.5248,42.8,0.85,40.34,12.5806,2.6786,15.2593,0.4149,36.7795,0.4744,0.089
4118,26.0915,0.6683,39.53,85.57,19.82,6.5022,3.2259,9.7281,0.5325,18.2693,0.3253,0.1556
4119,43.21,0.3639,8.09,86.93,82.73,11.4718,1.981,13.4528,0.2885,46.6276,0.6343,0.0178
4120,46.4134,0.3791,1.1,36.78,68.99,12.6351,2.2186,14.8537,0.3042,48.8337,0.6145,0.0898
4121,17.8477,0.5624,64.45,15.34,21.74,4.8545,2.6966,7.551,0.4369,17.2842,0.4468,0.2172
4122,42.0903,0.4956,77.13,12.35,13.58,11.7807,2.6008,14.3816,0.3859,37.2633,0.511,0.1001
4123,19.8479,0.5793,51.37,32.25,54.02,5.4489,2.8224,8.2714,0.4502,18.371,0.4293,0.1952
4124,44.4713,0.592,30.49,45.71,62.97,12.1767,2.9581,15.1348,0.4662,32.4612,0.4093,0.0939
4125,37.1122,0.5021,44.13,89.57,28.98,10.376,2.576,12.9521,0.3951,32.7805,0.4993,0.1037
4126,43.6493,0.3043,88.41,32.4,75.35,10.8597,1.6747,12.5344,0.2415,51.8949,0.6937,0.0143
4127,40.2083,0.3033,41.17,40.64,71.55,9.9444,1.5876,11.532,0.2341,49.2653,0.7034,0.0151
4128,25.4667,0.472,84.68,7.68,58.98,7.1026,2.3655,9.4681,0.3696,25.6171,0.5317,0.1529
4129,34.561,0.4069,66.87,87.12,13.36,9.3387,2.0044,11.3431,0.3067,36.9878,0.6114,0.0176
4130,43.771,0.4537,10.67,18.82,81.76,12.1331,2.4276,14.5607,0.3544,41.0911,0.5511,0.0919
4131,37.667,0.4519,29.26,61.26,70.56,10.5628,2.3056,12.8684,0.3539,36.3653,0.5516,0.1084
4132,37.8152,0.3444,24.88,15.29,78.32,9.7311,1.7733,11.5045,0.2701,42.5999,0.6577,0.0157
4133,17.5749,0.5199,31.93,20.34,16.16,4.8713,2.5661,7.4374,0.4023,18.4889,0.4902,0.2454
4134,15.7086,0.6249,52.14,13.37,78.68,4.2592,2.9132,7.1724,0.4843,14.8089,0.3862,0.2431
4135,27.7998,0.6854,29.5,9.09,3.46,6.9224,3.3725,10.2948,0.5469,18.8242,0.3068,0.139
4136,28.6006,0.5647,51.02,3.9,43.15,7.884,2.8656,10.7497,0.4498,23.9012,0.43,0.1391
4137,44.7261,0.3268,18.04,4.93,5.57,10.7856,1.4897,12.2753,0.2282,53.7885,0.7109,0.021
4138,25.6159,0.618,20.87,19.87,58.41,6.7838,3.0904,9.8741,0.4903,20.1394,0.3785,0.1374
4139,18.1355,0.6178,41.51,62.33,26.96,4.883,3.049,7.932,0.4808,16.4965,0.3909,0.2411
4140,34.3935,0.3444,82.04,73.27,23.66,8.763,1.7281,10.4911,0.2608,40.2332,0.6694,0.0163
4141,17.081,0.5616,62.87,18.72,22.82,4.7613,2.6825,7.4438,0.4309,17.2742,0.4539,0.2305
4142,19.1772,0.4042,44.93,57.26,26.4,5.2251,1.9521,7.1772,0.3054,23.5046,0.6131,0.0198
4143,26.3009,0.6948,86.63,38.46,85.24,6.448,3.3055,9.7535,0.5464,17.8514,0.3077,0.1354
4144,36.9041,0.3496,76.45,66.35,81.53,9.544,1.7462,11.2902,0.2687,42.0202,0.6595,0.0162
4145,23.7066,0.4836,33.67,79.94,45.37,6.6542,2.4349,9.0891,0.3807,23.8757,0.5176,0.1762
4146,31.4979,0.6295,16.79,66.97,70.55,8.269,3.2832,11.5522,0.5066,22.8015,0.3579,0.1389
4147,44.3978,0.4371,45.89,60.91,46.38,12.3792,2.3267,14.7059,0.3435,42.8178,0.5649,0.0949
4148,34.9516,0.5509,16.37,52.39,49.25,9.8024,2.8131,12.6155,0.4343,29.05,0.4498,0.1153
4149,37.3261,0.3623,47.88,75.11,78.62,9.8781,1.8825,11.7607,0.2846,41.329,0.6394,0.0147
4150,16.9415,0.598,39.02,27.14,86.66,4.6906,2.8478,7.5384,0.4558,16.5372,0.4221,0.2136
4151,23.9537,0.4211,73.71,8.78,61.35,6.5496,2.1432,8.6929,0.3262,26.6487,0.5866,0.0214
4152,42.9057,0.6543,67.5,71.25,47.79,11.168,3.3263,14.4944,0.5137,28.2168,0.3492,0.0892
4153,37.6742,0.637,46.54,17.49,77.34,9.8435,3.2054,13.0489,0.5046,25.8575,0.3606,0.1063
4154,29.761,0.5307,2.04,46.23,65.23,8.4192,2.669,11.0882,0.4069,27.2513,0.4845,0.1606
4155,29.8861,0.5922,74.56,29.76,63.94,8.1769,2.9969,11.1738,0.4657,23.9926,0.41,0.1374
4156,33.8624,0.5129,62.13,52.04,3.5,9.5349,2.4856,12.0205,0.3946,30.4589,0.5001,0.1228
4157,22.114,0.4218,80.0,9.47,89.79,6.1004,2.1268,8.2273,0.3266,25.1877,0.586,0.0197
4158,31.0731,0.3422,87.07,89.78,55.55,7.9154,1.7349,9.6503,0.259,37.2609,0.6718,0.0154
4159,27.8814,0.6998,85.88,66.83,10.53,6.7914,3.3959,10.1874,0.5481,18.5851,0.3056,0.1435
4160,21.5007,0.5535,54.06,74.56,29.13,5.9948,2.7377,8.7325,0.4205,20.767,0.4673,0.1913
4161,18.8065,0.4802,9.9,41.82,7.29,5.2733,2.5296,7.8028,0.3704,21.0669,0.5307,0.226
4162,36.8494,0.3154,34.94,35.23,1.2,9.0604,1.7461,10.8065,0.2333,46.3238,0.7044,0.0156
4163,15.9797,0.5182,25.01,75.9,43.97,4.4692,2.3778,6.847,0.3922,17.4571,0.5029,0.2796
4164,41.5571,0.6376,51.16,71.15,43.11,11.0442,3.2859,14.33,0.5021,28.5385,0.3637,0.0981
4165,25.0803,0.3459,78.27,31.7,23.76,6.3573,1.6611,8.0184,0.2688,29.8304,0.6594,0.0183
4166,37.3107,0.4444,33.43,48.55,49.39,10.4739,2.3027,12.7766,0.3487,36.6396,0.5583,0.117
4167,25.8161,0.6865,86.1,51.72,21.19,6.3804,3.292,9.6724,0.5434,17.8004,0.3115,0.1545
4168,21.5488,0.442,8.27,71.33,72.51,5.9166,2.3387,8.2553,0.3499,23.5909,0.5566,0.1981
4169,29.3919,0.4336,26.33,0.75,12.07,8.0067,2.1984,10.2051,0.3177,32.1237,0.5975,0.0175
4170,44.7486,0.5073,3.86,54.44,66.98,12.5419,2.7363,15.2782,0.3962,38.564,0.498,0.0951
4171,31.4635,0.3519,59.76,52.3,84.61,8.2316,1.7846,10.0162,0.2706,37.0203,0.6571,0.0154
4172,16.4221,0.3275,68.37,44.88,75.1,4.1558,1.5318,5.6877,0.2493,22.8152,0.684,0.019
4173,46.5492,0.6827,86.05,69.66,76.8,11.6215,3.437,15.0585,0.5399,27.8904,0.3161,0.0846
4174,25.0893,0.4057,79.35,84.04,3.24,6.7314,2.0691,8.8005,0.3117,28.2361,0.6049,0.0201
4175,32.0101,0.5978,40.21,19.52,51.27,8.6922,3.0362,11.7285,0.4718,24.8567,0.4021,0.1332
4176,21.411,0.5361,48.28,29.59,23.25,5.9707,2.5974,8.5682,0.4151,20.6436,0.4739,0.1808
4177,24.4591,0.3449,25.65,76.69,86.32,6.2274,1.711,7.9384,0.2598,30.556,0.6709,0.0181
4178,39.2231,0.3887,38.57,11.2,39.73,10.512,2.0159,12.528,0.3004,41.7045,0.6193,0.0173
4179,33.0871,0.6083,47.95,20.46,68.93,8.961,3.0927,12.0536,0.4802,25.0988,0.3918,0.1272
4180,39.7026,0.5832,73.12,6.84,66.87,10.8875,2.9321,13.8196,0.457,30.2402,0.4211,0.1036
4181,34.286,0.4023,56.65,74.42,70.66,9.3338,2.0278,11.3616,0.3131,36.2899,0.6034,0.0158
4182,16.4748,0.5414,64.87,88.27,30.34,4.5903,2.5929,7.1832,0.4187,17.1545,0.4693,0.272
4183,35.2783,0.4379,88.05,77.79,77.54,9.8102,2.2557,12.0659,0.3399,35.5008,0.5694,0.1232
4184,22.8888,0.4672,78.48,69.31,70.43,6.375,2.3404,8.7153,0.3577,24.3631,0.5468,0.1657
4185,39.2731,0.4276,0.03,31.39,69.21,10.9302,1.9247,12.855,0.333,38.6013,0.578,0.1175
4186,20.2698,0.5634,10.09,5.04,70.47,5.6084,2.786,8.3944,0.4334,19.3672,0.4507,0.1825
4187,16.1002,0.3259,37.19,20.49,19.38,4.0168,1.5288,5.5456,0.2346,23.6361,0.7024,0.0208
4188,17.9053,0.3532,77.74,20.4,87.59,4.5841,1.7882,6.3723,0.2829,22.5248,0.6415,0.0181
4189,27.1107,0.5131,24.82,67.41,76.07,7.5685,2.5479,10.1164,0.3996,25.3163,0.4938,0.1588
4190,22.6926,0.5244,19.95,2.34,7.54,6.4626,2.6638,9.1264,0.3901,23.3952,0.5055,0.2121
4191,27.2699,0.4429,69.19,63.58,47.53,7.4824,2.1584,9.6409,0.3432,28.0934,0.5652,0.1561
4192,31.8499,0.3425,43.33,8.3,84.04,8.1007,1.7127,9.8134,0.2614,37.5482,0.6686,0.0185
4193,17.3555,0.3912,35.23,64.88,12.88,4.5978,1.9976,6.5954,0.279,23.6363,0.6462,0.0176
4194,25.2908,0.6285,88.98,61.14,12.03,6.6913,3.0864,9.7777,0.4973,19.6609,0.3702,0.1578
4195,16.9922,0.6756,49.57,51.14,61.84,4.411,3.2574,7.6684,0.5147,14.8983,0.348,0.2258
4196,25.1601,0.3765,47.85,86.92,35.91,6.7225,1.8614,8.5839,0.2897,29.6256,0.6326,0.0157
4197,35.5098,0.4882,63.33,85.82,13.73,10.0197,2.5222,12.5418,0.3781,33.1703,0.521,0.1144
4198,30.4082,0.6123,17.5,62.16,10.17,8.1615,3.2041,11.3656,0.4875,23.3134,0.3821,0.1426
4199,27.9605,0.5868,88.77,36.33,89.09,7.7279,2.8925,10.6204,0.4582,23.1784,0.4194,0.132
4200,27.9634,0.604,43.27,1.97,33.17,7.3762,3.1023,10.4785,0.4885,21.4492,0.3809,0.1394
4201,36.7737,0.3407,15.04,58.66,22.53,9.3737,1.7154,11.0891,0.2552,43.4479,0.6765,0.0145
4202,46.4609,0.5834,41.49,17.63,33.84,12.8062,3.0046,15.8108,0.4595,34.4086,0.418,0.0888
4203,22.9061,0.3274,70.93,55.63,87.94,5.7427,1.7173,7.46,0.2505,29.784,0.6825,0.0163
4204,16.0474,0.3915,35.86,6.24,81.56,4.2104,1.8322,6.0426,0.2912,20.7507,0.6309,0.0194
4205,27.5161,0.6328,13.22,11.75,70.26,7.3026,3.0898,10.3924,0.4888,21.262,0.3808,0.143
4206,32.7943,0.6142,80.21,5.8,87.22,8.7573,2.9726,11.7299,0.4894,23.9658,0.3798,0.1219
4207,27.48,0.4982,79.39,1.97,32.82,7.6465,2.6475,10.294,0.3955,26.0248,0.4989,0.1417
4208,18.8907,0.5601,85.77,31.86,83.23,5.1029,2.7121,7.815,0.4322,18.083,0.4525,0.1774
4209,16.3435,0.6861,37.58,8.15,0.2,3.9803,3.6562,7.6364,0.5633,13.5555,0.2861,0.2602
4210,22.2422,0.5426,87.67,83.54,8.57,6.2438,2.6413,8.8851,0.403,22.0448,0.4893,0.1719
4211,33.5607,0.5903,70.25,35.43,21.88,9.1888,3.0078,12.1966,0.463,26.3417,0.4133,0.122
4212,27.8902,0.6905,36.98,65.1,41.01,6.8105,3.2957,10.1062,0.5467,18.4855,0.3072,0.1371
4213,23.1208,0.655,26.82,49.0,3.86,6.1473,3.3973,9.5446,0.5122,18.6357,0.3513,0.1674
4214,40.2126,0.6871,10.77,33.62,37.96,9.914,3.5009,13.4149,0.5442,24.6511,0.3105,0.1092
4215,26.3432,0.3357,85.86,43.85,7.83,6.6899,1.4108,8.1007,0.2533,31.9855,0.6789,0.018
4216,25.6227,0.3826,88.15,64.67,70.95,6.9108,1.8943,8.8051,0.2954,29.8101,0.6257,0.017
4217,33.3711,0.3774,13.55,54.88,83.58,8.9694,1.817,10.7864,0.2906,37.1201,0.6319,0.0155
4218,38.5296,0.362,68.56,80.21,70.65,10.1148,1.8303,11.9451,0.2775,43.0426,0.6484,0.0146
4219,42.6467,0.3942,9.32,14.02,19.58,11.5313,2.0924,13.6238,0.3004,45.3473,0.6194,0.0184
4220,29.9485,0.6543,64.66,44.35,35.27,7.7975,3.2362,11.0337,0.5145,21.4447,0.348,0.1268
4221,36.8254,0.5291,80.83,76.96,65.91,10.4271,2.701,13.1281,0.4131,31.7812,0.4766,0.1119
4222,26.8556,0.4476,12.23,17.06,12.03,7.3855,2.0464,9.4319,0.3434,27.4637,0.5647,0.1793
4223,26.5949,0.5902,35.23,18.92,15.37,7.2721,2.8037,10.0758,0.4701,21.4311,0.4039,0.165
4224,36.1221,0.6135,9.12,3.47,26.85,9.7751,3.1894,12.9645,0.4888,26.5249,0.3809,0.1236
4225,16.0831,0.6169,62.9,3.6,79.74,4.1782,3.1226,7.3008,0.507,14.3997,0.3575,0.2686
4226,28.6207,0.5552,38.12,40.8,7.63,8.0868,2.6743,10.7612,0.4185,25.7162,0.47,0.1502
4227,35.7385,0.5676,56.31,6.8,56.63,9.8464,2.9,12.7464,0.4459,28.5863,0.435,0.1096
4228,26.6619,0.4877,41.46,86.09,15.05,7.446,2.2643,9.7103,0.3857,25.1739,0.511,0.1514
4229,32.5171,0.6586,35.27,80.95,17.4,8.3353,3.2683,11.6036,0.5229,22.1905,0.3376,0.1288
4230,18.0951,0.375,78.73,36.02,24.23,4.5812,1.7555,6.3368,0.2737,23.1483,0.6533,0.0168
4231,44.1527,0.5775,5.22,29.95,26.78,12.2812,3.0742,15.3554,0.4483,34.2493,0.4317,0.101
4232,20.694,0.6149,43.6,57.54,49.67,5.6253,2.9955,8.6208,0.4784,18.0199,0.3938,0.1769
4233,25.4309,0.3867,14.7,21.27,79.06,6.7207,1.9647,8.6854,0.3031,28.6562,0.6159,0.0167
4234,40.0904,0.6032,76.78,33.09,88.64,10.8685,3.0082,13.8767,0.4657,29.7951,0.4099,0.0941
4235,16.3383,0.5915,45.41,30.8,76.37,4.522,2.7788,7.3008,0.4622,15.7972,0.4143,0.2315
4236,39.908,0.3854,65.39,45.32,44.47,10.7502,2.0682,12.8184,0.3001,42.7109,0.6198,0.0161
4237,18.5995,0.5929,48.88,47.63,85.92,5.0692,2.8446,7.9138,0.4577,17.2921,0.4203,0.2218
4238,23.6428,0.4757,87.46,51.52,17.81,6.5838,2.464,9.0478,0.3722,24.3073,0.5284,0.1818
4239,35.2722,0.3098,71.29,73.38,33.18,8.6519,1.6034,10.2553,0.2372,43.2394,0.6995,0.0146
4240,15.7251,0.6472,48.66,30.07,30.86,4.353,2.9962,7.3492,0.4988,14.7348,0.3682,0.2561
4241,30.5212,0.4195,67.39,74.75,30.17,8.3136,2.1286,10.4422,0.3214,32.493,0.5928,0.0176
4242,16.5394,0.6767,37.14,14.63,52.25,4.1841,3.3011,7.4852,0.5394,13.8778,0.3162,0.2626
4243,19.5071,0.6747,15.34,13.03,72.48,4.9595,3.2706,8.23,0.5196,15.8388,0.3414,0.1996
4244,38.4891,0.4837,55.74,28.22,37.82,10.8346,2.4303,13.265,0.38,34.905,0.5187,0.1083
4245,29.2343,0.3436,13.42,1.13,70.75,7.3031,1.739,9.0422,0.2491,36.2997,0.6843,0.0161
4246,21.1066,0.5158,56.72,70.63,70.71,5.9292,2.4696,8.3987,0.4002,20.9884,0.4929,0.204
4247,22.2128,0.4487,35.59,10.91,24.6,6.2418,2.1393,8.381,0.3457,24.245,0.5618,0.0181
4248,31.6298,0.5001,21.43,27.38,57.08,8.8417,2.6051,11.4468,0.3916,29.2337,0.5038,0.1264
4249,17.8405,0.5846,38.81,89.08,17.1,4.9079,2.8911,7.799,0.4415,17.6666,0.4407,0.201
4250,16.4518,0.3021,10.58,27.71,79.53,4.0104,1.4387,5.449,0.2344,23.2494,0.7003,0.0225
4251,38.7754,0.3144,41.89,0.67,66.16,9.3327,1.6085,10.9413,0.223,49.0583,0.7174,0.0145
4252,36.923,0.4639,50.41,38.82,50.14,10.3484,2.3676,12.716,0.3643,34.9037,0.5383,0.1189
4253,33.1382,0.3534,73.06,44.63,18.98,8.6458,1.725,10.3708,0.2715,38.1926,0.6558,0.0169
4254,27.8565,0.5902,55.63,35.4,59.22,7.6123,2.8412,10.4535,0.4631,22.5723,0.4132,0.1616
4255,45.2491,0.3306,59.28,45.62,37.77,11.582,1.6989,13.2808,0.2549,52.1085,0.677,0.0146
4256,20.8679,0.3937,66.95,9.49,55.59,5.5427,1.8192,7.3619,0.2932,25.1065,0.6283,0.0188
4257,19.439,0.5025,1.49,8.4,30.4,5.5129,2.6869,8.1998,0.3931,20.86,0.5018,0.2521
4258,25.0965,0.6489,77.14,4.75,25.94,6.4493,3.2649,9.7141,0.5224,18.5962,0.3382,0.1392
4259,37.912,0.4603,81.02,68.97,43.18,10.5866,2.3763,12.9629,0.3581,36.1968,0.5462,0.1079
4260,43.0979,0.3273,89.3,34.29,77.36,11.044,1.8118,12.8558,0.2573,49.9661,0.6741,0.0152
4261,34.6102,0.4275,14.4,69.56,14.83,9.5383,2.1703,11.7087,0.3288,35.6144,0.5832,0.1331
4262,40.6691,0.5849,48.16,25.47,43.65,11.2665,2.9569,14.2234,0.4537,31.3494,0.4251,0.0987
4263,16.5962,0.6819,30.31,0.01,52.66,3.7808,3.4946,7.2754,0.5711,12.74,0.2765,0.2796
4264,31.8082,0.4973,17.26,5.39,62.92,8.8847,2.4246,11.3093,0.3906,28.9521,0.5049,0.1273
4265,29.9448,0.3012,15.83,18.52,22.31,7.0174,1.4669,8.4843,0.2222,38.1803,0.7182,0.0191
4266,44.7327,0.3481,64.21,78.25,15.34,11.6153,1.7844,13.3997,0.2667,50.2386,0.6621,0.0155
4267,31.2086,0.675,41.31,13.88,39.1,7.7889,3.3351,11.124,0.5357,20.7657,0.3213,0.1293
4268,45.007,0.4456,73.97,72.85,41.45,12.5237,2.3053,14.829,0.3459,42.8751,0.5617,0.0921
4269,41.1795,0.3304,61.98,8.07,14.07,10.3057,1.7987,12.1044,0.249,48.6066,0.6844,0.0157
4270,44.449,0.5612,49.73,19.87,20.0,12.4381,2.8932,15.3313,0.441,34.7673,0.4413,0.0863
4271,20.564,0.5695,70.6,88.23,1.12,5.5802,2.7048,8.285,0.4469,18.5394,0.4337,0.1869
4272,22.1368,0.3492,81.25,30.26,21.28,5.6373,1.7156,7.3529,0.2598,28.2989,0.6707,0.0171
4273,22.1167,0.3133,73.82,3.78,73.31,5.3046,1.372,6.6766,0.2245,29.7363,0.7154,0.0275
4274,29.6192,0.3177,67.68,2.81,31.66,7.1067,1.521,8.6277,0.225,38.3433,0.7148,0.0178
4275,19.1427,0.5228,18.84,67.14,5.55,5.3341,2.6139,7.948,0.4022,19.7597,0.4903,0.213
4276,35.8708,0.6504,6.94,57.92,31.86,9.4509,3.2874,12.7382,0.508,25.0744,0.3563,0.1193
4277,32.6165,0.617,70.29,64.04,39.84,8.7958,3.0113,11.8071,0.4786,24.6674,0.3933,0.1156
4278,17.5224,0.3841,76.71,4.57,7.77,4.6018,1.9103,6.5121,0.2775,23.4667,0.6482,0.0177
4279,23.9271,0.3474,19.61,21.88,60.43,6.1526,1.7943,7.9469,0.2713,29.2913,0.6562,0.0214
4280,28.2947,0.6888,77.21,81.02,16.71,7.0702,3.3941,10.4643,0.5351,19.5546,0.3219,0.1256
4281,20.8667,0.5179,41.32,53.48,7.68,5.8696,2.4454,8.3151,0.3946,21.0737,0.5,0.1817
4282,44.6232,0.4184,66.12,56.86,43.57,12.369,2.223,14.592,0.3283,44.4414,0.5838,0.0887
4283,23.8022,0.5729,63.38,79.93,34.36,6.6038,2.8364,9.4402,0.448,21.0731,0.4324,0.1701
4284,33.9908,0.5988,80.94,11.79,45.52,9.2298,2.9624,12.1922,0.466,26.1616,0.4094,0.1051
4285,44.4634,0.6221,60.8,86.97,6.74,11.8191,3.115,14.934,0.4961,30.1042,0.3716,0.0939
4286,15.7243,0.4687,33.52,71.18,82.63,4.3945,2.0512,6.4457,0.3519,18.3194,0.5541,0.2438
4287,30.2128,0.5451,50.87,3.54,47.17,8.4827,2.7787,11.2614,0.4349,25.8972,0.4491,0.1316
4288,26.2791,0.6381,56.3,17.33,73.03,6.9273,3.138,10.0653,0.5017,20.0636,0.3643,0.1615
4289,22.1153,0.3943,54.21,43.5,86.31,5.9997,2.0084,8.0081,0.3064,26.1376,0.6117,0.0168
4290,20.12,0.3725,52.97,80.41,27.98,5.1738,1.8301,7.004,0.2749,25.4749,0.6515,0.0165
4291,25.5766,0.6235,84.12,70.14,8.16,6.8188,3.0141,9.8329,0.4912,20.0162,0.3776,0.1444
4292,19.8915,0.3804,51.88,21.62,28.46,5.1991,1.8492,7.0483,0.2913,24.1997,0.6307,0.017
4293,33.1089,0.5286,76.2,14.62,21.18,9.2426,2.6617,11.9043,0.4141,28.7471,0.4753,0.1349
4294,32.1359,0.3382,65.82,77.24,67.66,8.1892,1.7189,9.9081,0.2587,38.3016,0.6722,0.0146
4295,42.8587,0.6996,89.61,80.61,13.13,10.3664,3.5579,13.9244,0.5563,25.0295,0.2951,0.089
4296,35.4629,0.3313,15.53,60.04,23.17,9.0222,1.7502,10.7724,0.2481,43.425,0.6856,0.0155
4297,29.4504,0.574,88.46,84.82,82.94,8.1325,2.9352,11.0677,0.4504,24.5712,0.4292,0.1461
4298,31.4619,0.4875,57.84,16.42,80.54,8.7278,2.4475,11.1753,0.3861,28.9468,0.5107,0.1236
4299,28.431,0.6452,63.82,52.36,16.6,7.4584,3.1423,10.6007,0.5077,20.8818,0.3567,0.153
4300,37.1478,0.3046,84.29,74.11,18.28,9.0399,1.5626,10.6025,0.2304,46.0112,0.7079,0.0161
4301,41.4466,0.3515,57.49,17.73,26.83,10.6945,1.8488,12.5433,0.2668,47.0063,0.6619,0.0152
4302,21.253,0.4956,65.9,45.94,25.11,5.9726,2.5023,8.4749,0.3838,22.0822,0.5136,0.1878
4303,19.249,0.3447,11.58,70.24,21.83,4.9369,1.7598,6.6967,0.2653,25.2444,0.6638,0.0186
4304,16.0125,0.446,35.94,69.51,83.55,4.4228,2.0018,6.4246,0.3319,19.3546,0.5791,0.0229
4305,34.6255,0.4206,5.62,2.63,45.85,9.3595,2.1406,11.5001,0.3246,35.4266,0.5886,0.1089
4306,21.8886,0.6258,24.98,24.11,41.09,5.8554,3.1275,8.9829,0.4908,18.3014,0.3783,0.1891
4307,19.9047,0.4156,88.85,67.05,9.39,5.34,1.9337,7.2737,0.3032,23.9934,0.6157,0.0185
4308,18.4261,0.39,65.37,44.84,50.1,4.8463,1.9359,6.7822,0.2931,23.1422,0.6286,0.0168
4309,29.3655,0.6709,76.19,42.09,41.61,7.5489,3.2666,10.8156,0.5185,20.859,0.3433,0.1311
4310,15.7105,0.3345,6.3,37.29,30.81,4.0877,1.5587,5.6464,0.2609,21.6456,0.6694,0.022
4311,38.3254,0.6985,24.79,82.43,74.05,9.2934,3.4845,12.778,0.5555,23.0042,0.296,0.107
4312,35.0468,0.6233,28.71,47.83,30.67,9.3936,3.1654,12.559,0.4923,25.5089,0.3761,0.1171
4313,18.3696,0.5357,77.56,16.93,87.39,4.9968,2.5536,7.5505,0.4196,17.9957,0.4684,0.2192
4314,43.5554,0.333,38.79,70.83,29.5,11.0418,1.7949,12.8366,0.2564,50.0648,0.675,0.0148
4315,25.5325,0.5729,24.58,60.39,39.07,7.1293,2.7852,9.9145,0.4507,21.996,0.4288,0.1613
4316,24.3099,0.4569,13.63,77.38,38.5,6.6776,2.2571,8.9346,0.3535,25.2715,0.552,0.1667
4317,29.8771,0.4582,18.39,46.98,72.66,8.3356,2.3368,10.6724,0.3573,29.8703,0.5473,0.136
4318,28.6367,0.326,3.68,60.25,33.78,7.4355,1.783,9.2185,0.2633,35.0147,0.6662,0.0207
4319,28.5997,0.3245,60.41,77.51,15.51,7.1582,1.6146,8.7728,0.2397,36.5936,0.6962,0.0164
4320,46.1704,0.5599,7.86,73.07,44.64,12.9152,2.881,15.7962,0.4368,36.1621,0.4467,0.0899
4321,24.4823,0.6815,47.69,72.93,38.0,6.195,3.4038,9.5988,0.5343,17.9662,0.3234,0.1733
4322,39.2563,0.6052,35.98,73.49,2.4,10.7151,2.8642,13.5793,0.4759,28.5319,0.3968,0.108
4323,25.8633,0.5262,69.16,61.13,71.76,7.329,2.5588,9.8878,0.41,24.1152,0.4802,0.1585
4324,39.2173,0.466,40.05,85.28,77.46,11.0498,2.3308,13.3806,0.3674,36.4211,0.5344,0.1093
4325,17.4013,0.6338,71.19,67.78,26.62,4.811,2.9698,7.7807,0.4739,16.4196,0.3996,0.2131
4326,39.7335,0.6393,36.95,71.43,14.14,10.4281,3.1457,13.5738,0.5066,26.7935,0.3579,0.109
4327,42.8271,0.5868,86.78,33.28,17.75,11.8216,3.1391,14.9607,0.4628,32.3241,0.4135,0.0936
4328,41.2096,0.5736,38.41,40.05,66.93,11.4554,2.871,14.3264,0.446,32.1218,0.4349,0.0925
4329,37.4335,0.5736,52.56,86.16,23.79,10.3714,2.8834,13.2548,0.4514,29.3636,0.4279,0.1099
4330,28.8252,0.5202,57.84,12.27,41.97,8.1313,2.5691,10.7004,0.4043,26.4661,0.4875,0.1436
4331,25.0013,0.6401,16.08,34.59,5.35,6.5749,3.2749,9.8498,0.5135,19.1813,0.3493,0.1805
4332,41.8504,0.4133,15.41,70.26,54.43,11.4669,2.2144,13.6813,0.3188,42.9205,0.5962,0.1066
4333,27.8037,0.4129,76.61,0.75,39.3,7.6368,2.1311,9.768,0.3185,30.6704,0.5965,0.0203
4334,35.1617,0.3755,82.69,88.0,31.13,9.2675,1.9117,11.1792,0.2858,39.1218,0.6378,0.0156
4335,19.8653,0.6645,36.53,70.07,5.65,5.1469,3.2572,8.4042,0.5255,15.9925,0.334,0.1905
4336,31.5806,0.4893,2.4,68.99,87.31,8.7827,2.6364,11.4191,0.38,30.0513,0.5183,0.1399
4337,44.4398,0.6472,17.27,82.57,13.94,11.53,3.2406,14.7706,0.5207,28.3693,0.3401,0.0905
4338,43.9749,0.4051,30.4,52.0,78.71,12.0306,2.1566,14.1871,0.3146,45.0944,0.6014,0.0974
4339,41.0633,0.3487,0.56,26.1,87.99,10.6193,1.6974,12.3166,0.2695,45.7099,0.6587,0.017
4340,28.9786,0.3401,77.17,32.05,56.2,7.529,1.7804,9.3094,0.2678,34.7648,0.6605,0.0158
4341,28.1664,0.3273,14.14,68.32,70.11,7.1188,1.5924,8.7112,0.2457,35.4611,0.6886,0.0174
4342,45.5336,0.6251,87.81,47.51,30.89,12.0739,3.2168,15.2907,0.4937,30.9689,0.3745,0.0837
4343,44.3714,0.4365,37.36,29.27,36.84,12.395,2.399,14.794,0.3416,43.3063,0.567,0.0931
4344,45.5954,0.3926,30.67,35.85,58.79,12.3311,2.1157,14.4468,0.3048,47.4018,0.6138,0.0147
4345,38.4888,0.3619,72.49,30.85,52.24,10.1448,1.7358,11.8807,0.284,41.8347,0.64,0.0159
4346,17.7054,0.6932,64.35,84.32,52.24,4.321,3.3643,7.6854,0.5408,14.2122,0.3151,0.2261
4347,46.1199,0.6013,59.75,71.55,18.45,12.5119,3.0464,15.5584,0.4766,32.644,0.3962,0.0938
4348,28.4613,0.4817,48.79,46.63,27.65,8.0296,2.3711,10.4007,0.3705,28.0741,0.5306,0.1298
4349,28.4645,0.5331,3.32,0.36,87.22,7.6769,2.5992,10.2761,0.4085,25.1527,0.4824,0.1447
4350,31.9294,0.4898,27.03,41.48,17.99,9.0214,2.4747,11.4962,0.3791,30.3271,0.5197,0.1338
4351,37.7467,0.3748,72.44,21.25,14.76,10.1003,1.9215,12.0219,0.2913,41.2635,0.6306,0.0177
4352,17.3447,0.6294,11.71,2.21,76.82,4.5285,3.0703,7.5988,0.482,15.7647,0.3893,0.2253
4353,16.4298,0.305,12.56,14.48,62.31,4.0581,1.5343,5.5924,0.238,23.4983,0.6952,0.0249
4354,19.458,0.6382,64.11,44.97,53.33,5.2181,3.1615,8.3796,0.5002,16.7524,0.3661,0.2351
4355,34.6667,0.3875,1.05,31.45,12.35,9.522,2.1097,11.6317,0.3051,38.1243,0.6133,0.0167
4356,31.5358,0.4285,49.2,54.73,60.38,8.7859,2.2091,10.995,0.3408,32.2631,0.5682,0.016
4357,20.1863,0.3865,51.35,15.44,83.81,5.2721,1.8296,7.1017,0.2909,24.4146,0.6311,0.0191
4358,37.7951,0.4724,49.23,17.1,64.73,10.6058,2.3612,12.967,0.371,34.9505,0.53,0.1159
4359,44.9371,0.5228,18.81,79.83,58.51,12.6317,2.6621,15.2937,0.412,37.1224,0.478,0.0872
4360,44.4519,0.5886,38.19,64.93,82.44,12.2069,3.016,15.2229,0.4633,32.8564,0.413,0.0874
4361,22.199,0.6826,39.09,59.61,62.73,5.6795,3.3943,9.0738,0.5257,17.2609,0.3338,0.1841
4362,16.9269,0.4341,63.44,30.19,47.57,4.6363,2.1588,6.795,0.3418,19.883,0.5668,0.0206
4363,19.5084,0.5768,0.51,63.32,79.74,5.3669,3.103,8.4699,0.4415,19.1853,0.4405,0.2021
4364,23.7204,0.3482,9.1,44.2,79.98,6.2411,1.8461,8.0873,0.2898,27.9032,0.6324,0.0207
4365,41.7405,0.3878,76.69,74.19,86.33,11.2501,2.0411,13.2912,0.3008,44.1828,0.6189,0.0154
4366,38.0319,0.3454,0.46,1.28,50.06,9.754,1.7077,11.4617,0.2541,45.1099,0.678,0.0193
4367,25.8595,0.5835,2.19,77.28,10.95,7.0704,2.597,9.6675,0.455,21.2474,0.4232,0.1594
4368,40.9096,0.5597,21.83,58.92,7.01,11.4597,2.8183,14.278,0.4406,32.4039,0.4415,0.1078
4369,44.971,0.4284,72.79,81.2,79.84,12.438,2.1999,14.638,0.3339,43.8384,0.5769,0.0897
4370,37.5174,0.3157,12.98,65.37,82.76,9.135,1.4678,10.6028,0.2347,45.1696,0.7025,0.0152
4371,36.9009,0.4542,28.06,80.34,46.74,10.3916,2.4033,12.7949,0.3593,35.6119,0.5447,0.1093
4372,45.2821,0.6229,0.7,63.68,70.52,12.2754,3.2319,15.5073,0.4864,31.8831,0.3837,0.0836
4373,43.2357,0.4002,0.13,67.74,8.24,11.8689,2.2684,14.1373,0.3035,46.5735,0.6154,0.0163
4374,32.4385,0.3142,58.06,47.53,49.1,7.9667,1.5327,9.4994,0.2432,39.068,0.6918,0.0172
4375,27.0706,0.6485,48.96,33.35,17.24,7.089,3.0219,10.111,0.5096,19.8417,0.3541,0.1509
4376,42.1783,0.6436,45.67,37.54,49.76,11.1293,3.3302,14.4594,0.5061,28.5676,0.3586,0.0952
4377,31.9878,0.6547,22.61,84.74,79.97,8.1909,3.2355,11.4264,0.5237,21.8179,0.3365,0.127
4378,17.0959,0.5456,51.93,2.87,13.46,4.7157,2.8336,7.5493,0.4337,17.4086,0.4505,0.254
4379,33.4624,0.3484,39.5,46.09,76.81,8.6222,1.7783,10.4005,0.2683,38.7717,0.6601,0.0164
4380,41.1178,0.4073,65.93,49.87,89.17,11.3497,2.1503,13.4999,0.3157,42.7626,0.6,0.0146
4381,18.9154,0.6607,21.32,72.97,86.68,4.6718,3.3184,7.9901,0.5257,15.2004,0.334,0.1943
4382,35.9296,0.5525,13.4,64.66,29.13,10.1085,2.8447,12.9532,0.436,29.7085,0.4475,0.1144
4383,39.57,0.59,88.14,80.56,30.5,10.7751,2.9373,13.7123,0.4618,29.6957,0.4147,0.0934
4384,29.9718,0.5287,10.21,53.49,45.64,8.3578,2.744,11.1018,0.4206,26.3974,0.4669,0.1364
4385,29.7194,0.5512,79.2,68.17,78.6,8.2426,2.8471,11.0898,0.4376,25.3419,0.4455,0.1418
4386,34.9881,0.6639,43.14,58.78,86.79,9.0141,3.3594,12.3735,0.5245,23.5907,0.3352,0.1151
4387,39.0427,0.4159,22.51,77.3,56.61,10.6386,2.0187,12.6574,0.3162,40.0249,0.5993,0.0164
4388,34.7264,0.4572,66.87,14.58,68.42,9.6527,2.2599,11.9126,0.3538,33.6696,0.5516,0.1089
4389,45.891,0.3677,50.32,88.19,54.69,12.1515,1.859,14.0104,0.2839,49.3512,0.6399,0.0153
4390,17.8595,0.5919,36.0,64.81,38.18,4.8258,2.8055,7.6314,0.4554,16.7571,0.4228,0.2296
4391,18.627,0.5501,78.78,2.35,73.96,5.2058,2.6703,7.8761,0.4434,17.7617,0.4384,0.2044
4392,41.4124,0.5199,88.26,21.09,53.02,11.5547,2.6723,14.227,0.4065,35.0019,0.4849,0.1037
4393,24.3623,0.432,57.18,0.22,5.0,6.6869,2.2373,8.9242,0.3178,28.0778,0.5972,0.019
4394,32.6033,0.6179,19.96,87.49,13.17,8.643,3.0281,11.6711,0.494,23.6279,0.3739,0.1268
4395,29.4269,0.6941,66.26,31.26,14.71,7.3443,3.4467,10.791,0.5422,19.9023,0.3128,0.148
4396,44.8913,0.3035,39.22,48.69,48.92,11.0708,1.5982,12.669,0.2365,53.5785,0.7003,0.0138
4397,28.4232,0.5356,76.79,9.14,54.86,nan,nan,nan,nan,nan,nan,nan
4398,40.8273,0.4041,52.03,54.98,71.11,11.1553,2.11,13.2652,0.3138,42.2692,0.6024,0.0151
4399,31.0859,0.3485,58.64,58.09,62.4,8.1569,1.765,9.9219,0.2755,36.0098,0.6508,0.0168
4400,26.7426,0.6027,4.44,1.68,22.29,7.2396,2.887,10.1266,0.4651,21.7752,0.4108,0.1709
4401,28.1109,0.469,5.74,70.84,34.14,7.9478,2.2916,10.2394,0.3645,28.0938,0.5381,0.1552
4402,35.8577,0.5623,83.52,43.78,24.77,9.9796,2.8923,12.8719,0.4428,29.0677,0.439,0.1175
4403,21.512,0.3982,35.16,66.29,65.84,5.6954,1.9493,7.6446,0.301,25.3958,0.6183,0.0189
4404,44.8572,0.6448,14.31,4.86,23.98,11.5302,3.2629,14.7931,0.5209,28.399,0.3399,0.1061
4405,23.8416,0.3329,56.58,45.5,15.44,5.991,1.6982,7.6892,0.2533,30.3551,0.679,0.0168
4406,24.0369,0.5471,17.35,42.08,55.69,6.7191,2.6279,9.347,0.4319,21.6398,0.4528,0.1741
4407,43.2523,0.4479,13.48,2.56,34.2,12.0006,2.3091,14.3097,0.3421,41.8298,0.5665,0.0945
4408,38.2954,0.3788,8.37,46.46,71.78,10.3119,1.9192,12.2311,0.2937,41.6495,0.6279,0.0187
4409,38.0927,0.5039,56.98,20.85,14.56,nan,nan,nan,nan,nan,nan,nan
4410,41.4252,0.3325,38.58,61.19,30.57,10.5648,1.7106,12.2755,0.2552,48.0925,0.6765,0.0161
4411,40.2741,0.6359,25.8,64.38,43.69,10.6424,3.1634,13.8057,0.5,27.6139,0.3665,0.0962
4412,38.9257,0.3269,54.16,41.2,13.39,9.7714,1.6846,11.456,0.2469,46.3985,0.687,0.0156
4413,28.3042,0.5818,49.58,39.28,22.21,7.853,2.7704,10.6234,0.4526,23.4695,0.4265,0.1534
4414,22.218,0.6687,83.41,64.11,46.19,5.6824,3.3769,9.0593,0.5172,17.517,0.3448,0.1881
4415,26.8992,0.518,86.46,19.7,49.56,7.4886,2.4494,9.938,0.4038,24.6122,0.4884,0.1469
4416,22.1083,0.3736,2.53,35.55,83.18,5.8436,2.1402,7.9838,0.3127,25.5334,0.6035,0.0212
4417,30.9171,0.474,83.99,15.64,48.57,8.6588,2.4306,11.0894,0.3739,29.6595,0.5265,0.1251
4418,41.951,0.6481,20.3,14.86,6.58,10.8751,3.3944,14.2694,0.5207,27.4052,0.3404,0.1014
4419,22.9329,0.6994,0.68,24.27,66.38,5.6003,3.5542,9.1545,0.5551,16.4914,0.2962,0.1825
4420,17.1811,0.597,81.22,0.31,30.83,4.554,3.0099,7.5639,0.4932,15.3367,0.3754,0.23
4421,22.8891,0.3871,40.08,79.49,13.89,6.1488,2.0865,8.2354,0.291,28.2961,0.6311,0.0197
4422,31.5322,0.6234,60.76,28.5,64.18,8.3962,3.1447,11.5409,0.4903,23.5365,0.3788,0.136
4423,32.2289,0.4515,35.77,44.81,9.0,8.941,2.2626,11.2036,0.3449,32.4797,0.5629,0.1248
4424,24.7984,0.5786,59.56,80.71,77.2,6.7868,2.9189,9.7057,0.4563,21.2712,0.4218,0.1728
4425,19.8303,0.5213,88.0,4.92,24.51,5.5471,2.3762,7.9233,0.4161,19.0423,0.4729,0.1993
4426,25.447,0.6273,72.56,37.17,43.8,6.7469,3.0123,9.7592,0.4982,19.5901,0.3687,0.1484
4427,32.5767,0.4132,20.43,65.1,29.69,8.9931,2.0439,11.037,0.3186,34.6447,0.5964,0.0173
4428,19.9761,0.4145,34.04,75.49,57.65,5.4005,2.0473,7.4478,0.3151,23.6396,0.6006,0.0212
4429,35.3614,0.3354,23.41,81.47,18.15,8.8548,1.7163,10.5711,0.2474,42.7219,0.6865,0.0155
4430,46.4014,0.6516,66.09,41.46,58.21,12.035,3.3615,15.3966,0.5181,29.718,0.3433,0.0894
4431,33.3402,0.3819,9.59,82.15,61.8,8.846,1.9159,10.7619,0.294,36.6032,0.6273,0.0163
4432,42.0481,0.6752,69.92,67.27,53.08,10.6611,3.4183,14.0794,0.5303,26.5483,0.3281,0.0923
4433,15.7149,0.3279,51.42,40.46,33.2,3.5471,1.2163,4.7634,0.2234,21.3182,0.7169,0.0217
4434,28.3713,0.5036,59.24,21.84,71.15,7.9804,2.5489,10.5294,0.3929,26.7994,0.5021,0.1388
4435,34.1977,0.3368,39.26,46.82,51.63,8.6749,1.7491,10.424,0.2621,39.7638,0.6677,0.0168
4436,16.2455,0.441,31.6,48.51,44.81,4.3791,2.0355,6.4146,0.3328,19.2772,0.5783,0.0187
4437,15.9876,0.5236,84.25,25.66,52.11,4.4377,2.5888,7.0265,0.3918,17.9358,0.5036,0.2587
4438,41.5481,0.3671,34.05,60.05,33.05,11.0044,1.911,12.9154,0.2836,45.5378,0.6406,0.0163
4439,42.2243,0.3219,83.01,30.38,56.59,10.6406,1.7693,12.4099,0.2518,49.2904,0.681,0.0153
4440,28.3065,0.6503,86.79,48.45,10.92,7.4836,3.1138,10.5973,0.5028,21.0769,0.3629,0.1358
4441,22.0889,0.545,7.18,8.38,80.46,6.103,2.7374,8.8404,0.4254,20.7816,0.4608,0.1685
4442,46.2277,0.6155,29.91,22.84,44.32,12.499,3.1157,15.6146,0.4808,32.4785,0.3909,0.0896
4443,31.6918,0.6383,17.8,79.84,6.18,8.1125,3.2681,11.3807,0.5155,22.079,0.347,0.1269
4444,41.3421,0.4172,45.02,32.36,25.87,11.3781,2.1338,13.5119,0.3221,41.9471,0.5918,0.0979
4445,28.7638,0.4828,55.42,21.94,86.5,8.0323,2.4406,10.4729,0.3746,27.9546,0.5254,0.1324
4446,35.6842,0.5501,6.42,82.09,87.73,9.8573,2.8135,12.6708,0.4267,29.6921,0.4595,0.1031
4447,18.3051,0.5001,60.15,36.87,60.55,5.0896,2.5207,7.6104,0.3865,19.689,0.5102,0.2183
4448,17.7861,0.6909,27.66,88.58,39.73,4.3826,3.5109,7.8935,0.5459,14.4587,0.3082,0.223
4449,34.216,0.5348,51.64,77.03,37.86,9.6005,2.7414,12.3418,0.4181,29.5173,0.4701,0.1295
4450,39.6263,0.3462,0.72,48.63,12.02,10.3511,1.5084,11.8595,0.2638,44.9601,0.6652,0.0226
4451,42.5648,0.6649,61.92,53.12,85.01,10.9293,3.4225,14.3517,0.525,27.3375,0.3349,0.091
4452,27.6582,0.5024,72.59,3.93,64.61,7.8246,2.582,10.4066,0.397,26.2161,0.4969,0.142
4453,41.0948,0.4883,41.46,24.79,55.0,11.5883,2.4847,14.0731,0.3795,37.0857,0.519,0.0967
4454,34.5904,0.3752,10.95,87.76,48.96,9.2419,1.9496,11.1915,0.2919,38.3425,0.6301,0.0158
4455,39.4773,0.503,25.12,84.38,3.0,11.0849,2.4096,13.4945,0.3924,34.3893,0.5028,0.1022
4456,37.5428,0.313,25.85,9.51,82.64,9.1788,1.7077,10.8865,0.2431,44.7899,0.6918,0.0153
4457,35.7269,0.4518,49.48,82.26,28.17,9.9429,2.394,12.3369,0.3543,34.823,0.551,0.1151
4458,43.0337,0.6537,85.58,29.57,70.53,11.2641,3.349,14.613,0.5123,28.523,0.351,0.0853
4459,26.0861,0.6023,61.05,56.98,65.03,7.1454,2.8721,10.0175,0.4639,21.5963,0.4122,0.1517
4460,23.7363,0.4885,38.87,41.12,65.17,6.6788,2.5302,9.209,0.392,23.4945,0.5032,0.165
4461,44.382,0.4825,48.56,18.35,41.42,12.4934,2.5222,15.0156,0.3788,39.6388,0.5199,0.0989
4462,37.8563,0.6062,19.4,24.47,82.4,10.1663,2.9622,13.1286,0.4818,27.2501,0.3893,0.1016
4463,44.7006,0.4726,25.9,77.02,77.35,12.5444,2.4728,15.0172,0.3707,40.5095,0.5303,0.0911
4464,46.9588,0.4303,80.7,43.17,22.18,12.9492,2.2235,15.1726,0.3293,46.0779,0.5828,0.0825
4465,34.9109,0.4563,78.21,25.34,68.67,9.7426,2.3962,12.1388,0.3603,33.6876,0.5433,0.12
4466,16.4876,0.5067,89.87,12.04,1.13,4.6502,2.5525,7.2027,0.3798,18.9646,0.5188,0.2595
4467,27.2684,0.6401,29.31,30.17,49.91,7.2202,3.0597,10.28,0.4996,20.5771,0.3667,0.1501
4468,46.7707,0.6561,42.03,12.37,48.85,12.0372,3.3354,15.3726,0.5182,29.6638,0.3432,0.0832
4469,39.0577,0.5119,78.91,19.3,83.24,10.951,2.5295,13.4806,0.4024,33.5037,0.4901,0.1053
4470,42.6415,0.3434,21.57,14.36,67.69,10.8441,1.8611,12.7052,0.2605,48.7684,0.6699,0.0148
4471,37.5323,0.4065,18.86,68.69,54.53,10.2625,2.1295,12.392,0.3156,39.2686,0.6001,0.0161
4472,24.1495,0.4706,23.17,79.21,51.59,6.6945,2.3277,9.0222,0.3619,24.9285,0.5411,0.1655
4473,44.2719,0.3656,80.53,24.03,47.05,11.7071,1.9974,13.7045,0.2881,47.5683,0.6349,0.0147
4474,23.0718,0.4323,65.78,44.65,13.88,6.356,2.2368,8.5928,0.3335,25.7639,0.5774,0.0206
4475,27.5476,0.5682,29.08,25.68,45.22,7.6059,2.6917,10.2977,0.4452,23.1319,0.436,0.1583
4476,31.1759,0.4431,24.18,22.37,63.42,8.6178,2.2944,10.9121,0.3419,31.9205,0.5669,0.1278
4477,42.2836,0.5767,23.63,25.75,83.67,11.6165,2.9752,14.5917,0.4544,32.1112,0.4244,0.098
4478,42.5806,0.5693,59.59,74.83,85.59,11.8085,2.9609,14.7694,0.4515,32.7145,0.4281,0.1034
4479,47.1228,0.3232,47.51,68.7,54.31,11.9776,1.7266,13.7042,0.2508,54.6434,0.6822,0.014
4480,46.2235,0.3476,44.1,67.98,78.45,11.9249,1.8431,13.7681,0.2655,51.8619,0.6636,0.0143
4481,25.3044,0.6679,57.06,16.97,68.61,6.3846,3.3588,9.7434,0.528,18.4542,0.3311,0.1599
4482,46.1423,0.4558,15.07,77.98,62.09,12.979,2.3377,15.3167,0.3554,43.0954,0.5496,0.0881
4483,16.386,0.3959,65.3,26.93,18.69,4.3555,1.8363,6.1918,0.2843,21.7761,0.6394,0.0207
4484,24.4877,0.4136,59.54,7.01,82.11,6.5948,2.0852,8.68,0.3066,28.3065,0.6114,0.0189
4485,44.2937,0.4578,81.09,65.83,6.31,12.3703,2.3299,14.7002,0.3533,41.6058,0.5523,0.0915
4486,46.3594,0.3062,75.86,88.26,2.72,10.9821,1.3479,12.33,0.2211,55.7556,0.7197,0.0149
4487,40.8856,0.4794,47.27,29.89,55.07,11.5689,2.4851,14.054,0.3721,37.7696,0.5286,0.1065
4488,21.1581,0.3976,31.61,70.7,33.22,5.6579,1.9642,7.622,0.2953,25.8077,0.6256,0.0194
4489,21.1687,0.4846,71.02,60.34,16.89,5.8846,2.3181,8.2027,0.3618,22.6701,0.5416,0.1737
4490,24.2651,0.6824,60.01,52.69,32.06,6.1224,3.3208,9.4432,0.5412,17.4475,0.3142,0.1651
4491,36.7928,0.474,67.65,69.12,31.97,10.2755,2.4578,12.7333,0.3673,34.672,0.5346,0.1054
4492,18.7801,0.4173,63.93,38.78,5.62,5.1471,2.1167,7.2639,0.3172,22.8981,0.598,0.0239
4493,22.5293,0.6123,72.32,37.15,89.7,6.0503,3.0663,9.1166,0.4858,18.765,0.3845,0.1591
4494,30.4822,0.3468,42.37,79.51,23.91,7.8633,1.8095,9.6728,0.2665,36.2979,0.6624,0.0177
4495,35.2264,0.4333,5.93,61.95,1.34,9.7606,2.3899,12.1505,0.3309,36.7174,0.5807,0.1316
4496,22.2242,0.6067,44.05,53.37,42.37,6.0686,3.1138,9.1825,0.4768,19.2584,0.3959,0.1784
4497,18.0075,0.4247,23.48,42.85,28.53,4.9712,2.1189,7.09,0.3265,21.7124,0.5861,0.0173
4498,27.8767,0.3801,35.81,44.33,67.41,7.5375,1.862,9.3995,0.3037,30.9548,0.6153,0.0159
4499,16.3793,0.6562,70.52,29.25,25.57,4.2404,3.1352,7.3756,0.5135,14.3636,0.3492,0.267
4500,42.4567,0.3415,75.99,80.96,43.49,10.869,1.8617,12.7307,0.263,48.3977,0.6667,0.0144
4501,18.5268,0.4992,14.49,1.72,75.13,5.0359,2.2451,7.281,0.3821,19.0553,0.5154,0.2239
4502,17.9704,0.3633,43.01,18.9,43.61,4.6,1.8767,6.4767,0.2771,23.3759,0.6487,0.0199
4503,32.9598,0.3868,59.12,31.41,14.98,8.8822,2.0502,10.9324,0.2996,36.4861,0.6201,0.0174
4504,39.3336,0.378,14.72,81.09,49.66,10.4601,1.9325,12.3926,0.29,42.7274,0.6324,0.0161
4505,29.7581,0.6375,46.73,19.14,11.68,7.7239,3.2506,10.9745,0.5068,21.6545,0.358,0.1457
4506,19.3625,0.5264,46.55,76.57,37.3,5.3906,2.445,7.8356,0.3949,19.8427,0.4998,0.2019
4507,19.2756,0.4999,84.85,47.69,59.57,5.3721,2.6638,8.0359,0.3846,20.8948,0.5128,0.2123
4508,40.8727,0.4363,48.65,14.31,53.08,11.324,2.2703,13.5943,0.3391,40.0843,0.5703,0.1081
4509,36.1853,0.3828,47.53,15.35,76.36,9.6326,1.9992,11.6317,0.298,39.0391,0.6223,0.0166
4510,44.1871,0.4808,29.08,56.72,45.07,12.4678,2.5521,15.0199,0.375,40.0564,0.5248,0.093
4511,33.0617,0.3536,26.52,84.96,83.45,8.5455,1.788,10.3336,0.2664,38.7903,0.6623,0.0167
4512,27.4544,0.4977,0.01,26.0,37.27,7.7071,2.2503,9.9574,0.3819,26.0715,0.516,0.1613
4513,30.7333,0.4666,49.48,14.93,13.45,8.6,2.4504,11.0503,0.3649,30.2861,0.5376,0.1438
4514,19.5856,0.3708,31.92,36.97,77.18,5.1619,1.7608,6.9226,0.2818,24.5615,0.6426,0.0178
4515,32.6994,0.3019,44.34,35.12,70.21,8.2127,1.5864,9.7991,0.2398,40.8585,0.6961,0.0162
4516,16.5071,0.3108,89.59,50.87,88.74,4.0629,1.5401,5.603,0.2369,23.6483,0.6997,0.0336
4517,25.5598,0.3198,18.64,57.05,78.8,6.3771,1.6066,7.9838,0.2456,32.5089,0.6887,0.0202
4518,28.4729,0.3639,14.9,17.26,25.07,7.4505,1.8148,9.2652,0.2752,33.6726,0.651,0.0175
4519,26.3833,0.3258,66.59,58.99,59.16,6.7024,1.5341,8.2365,0.2598,31.7043,0.6709,0.0164
4520,34.4119,0.6666,4.63,49.08,63.23,9.0403,3.3739,12.4142,0.5079,24.4436,0.3563,0.1292
4521,21.4594,0.6294,68.61,34.05,62.24,5.7358,3.0283,8.7642,0.4924,17.7975,0.376,0.1877
4522,46.5038,0.5787,58.88,35.21,29.1,12.816,2.9494,15.7654,0.4522,34.8645,0.4269,0.0872
4523,44.9172,0.4183,12.35,41.44,7.05,12.3218,2.0302,14.352,0.3164,45.356,0.5991,0.0976
4524,40.0706,0.4134,82.21,28.07,35.17,10.8855,2.1274,13.0129,0.3218,40.4317,0.5923,0.1044
4525,24.2474,0.6099,67.6,6.56,63.72,6.508,3.0656,9.5736,0.4854,19.7217,0.3848,0.1588
4526,44.636,0.6754,56.84,78.25,59.13,11.2646,3.3442,14.6088,0.5371,27.1992,0.3194,0.09
4527,42.2419,0.3826,40.3,0.63,31.11,11.1966,1.9957,13.1922,0.2867,46.0153,0.6367,0.0163
4528,35.0108,0.5622,71.91,5.62,82.03,9.7686,2.7374,12.5061,0.4382,28.5414,0.4447,0.1164
4529,32.264,0.6484,49.36,35.53,13.45,8.4296,3.2553,11.6849,0.5131,22.7754,0.3501,0.1243
4530,24.814,0.6717,20.35,18.38,31.97,6.1893,3.45,9.6392,0.5399,17.8552,0.3159,0.1553
4531,30.0004,0.6442,38.65,43.76,45.72,7.9544,3.1947,11.1491,0.5062,22.0241,0.3587,0.1261
4532,28.3685,0.6465,70.33,19.44,59.09,7.5038,3.2168,10.7206,0.5023,21.3439,0.3637,0.1442
4533,25.4657,0.6946,69.93,67.14,41.81,6.3672,3.3601,9.7274,0.5412,17.9723,0.3143,0.1404
4534,26.6458,0.5717,39.77,89.12,88.64,7.3707,2.8571,10.2277,0.4484,22.8106,0.432,0.1583
4535,19.5634,0.5225,0.55,41.85,77.44,5.4628,2.7622,8.2249,0.4053,20.2923,0.4866,0.2191
4536,42.8408,0.3016,19.79,38.63,89.54,10.3288,1.6523,11.9811,0.2286,52.4189,0.7103,0.0157
4537,33.4849,0.3247,32.97,53.61,18.71,8.2688,1.5636,9.8324,0.2422,40.5877,0.693,0.0192
4538,27.6516,0.3401,79.54,62.84,49.93,7.1057,1.7457,8.8514,0.2678,33.058,0.6608,0.0158
4539,20.0162,0.4186,28.03,7.28,45.16,5.5116,1.9303,7.4419,0.315,23.6249,0.6007,0.0204
4540,45.9451,0.4658,23.14,21.49,8.67,12.8665,2.4567,15.3233,0.3605,42.5066,0.5433,0.0934
4541,27.1943,0.6594,76.07,33.11,80.12,7.0258,3.2007,10.2265,0.5168,19.7891,0.3453,0.1492
4542,36.5772,0.378,1.32,4.01,14.24,9.8538,1.9096,11.7634,0.2912,40.3971,0.6306,0.0239
4543,46.6992,0.3452,8.05,36.16,23.68,12.1674,1.7874,13.9548,0.2663,52.4086,0.6625,0.0155
4544,20.1687,0.3399,60.64,57.78,36.02,5.1138,1.6791,6.7929,0.2606,26.0645,0.6697,0.0213
4545,27.0611,0.5943,34.82,25.9,89.64,7.2351,2.9024,10.1375,0.4717,21.4912,0.4024,0.1288
4546,28.3814,0.5014,56.24,61.43,69.72,7.9748,2.4785,10.4533,0.3928,26.6111,0.5024,0.1408
4547,45.8584,0.328,67.4,67.96,23.75,11.5776,1.7454,13.323,0.2536,52.5351,0.6786,0.0143
4548,29.8955,0.3574,40.13,11.53,31.15,7.8041,1.9151,9.7192,0.2745,35.4043,0.6519,0.0171
4549,37.9894,0.386,71.42,56.18,51.17,10.2854,2.045,12.3304,0.3016,40.889,0.6178,0.0146
4550,40.9645,0.4248,28.64,82.99,9.76,11.2953,2.2049,13.5002,0.3237,41.7008,0.5899,0.1051
4551,33.0461,0.5895,84.17,2.63,55.81,8.9113,2.8616,11.7729,0.4745,24.8126,0.3988,0.1219
4552,45.4773,0.6035,14.0,54.55,32.75,12.2999,3.1462,15.4461,0.4807,32.1317,0.3907,0.0904
4553,42.3749,0.5727,87.39,45.32,43.54,11.7175,2.9945,14.712,0.4522,32.5354,0.427,0.0927
4554,24.9547,0.4766,45.36,49.2,14.63,6.9625,2.3729,9.3354,0.3744,24.9346,0.5255,0.1737
4555,17.8321,0.5965,72.76,43.0,23.72,4.9752,3.1154,8.0905,0.4705,17.1941,0.4038,0.227
4556,31.6447,0.6001,7.98,78.65,32.44,8.5225,3.084,11.6066,0.4686,24.7702,0.4064,0.1339
4557,30.4322,0.4367,86.69,23.98,61.46,8.4447,2.3525,10.7973,0.3397,31.7854,0.5696,0.1362
4558,20.5361,0.6181,42.83,24.2,27.76,5.4302,3.0827,8.5129,0.4949,17.2023,0.3729,0.1769
4559,27.7428,0.4407,47.58,14.26,89.61,7.6563,2.2493,9.9057,0.3461,28.6215,0.5612,0.1374
4560,36.6926,0.5023,79.87,20.85,68.29,10.2962,2.5672,12.8634,0.3975,32.3574,0.4961,0.1065
4561,31.5467,0.3548,75.55,78.47,79.29,8.2544,1.769,10.0234,0.2781,36.0444,0.6475,0.0175
4562,39.6682,0.5385,70.84,41.08,88.33,11.1228,2.696,13.8187,0.4212,32.8048,0.4662,0.0943
4563,45.3471,0.6632,32.83,44.35,69.8,11.6237,3.3307,14.9544,0.5236,28.5593,0.3366,0.0909
4564,19.85,0.4711,31.5,69.34,81.34,5.3729,2.2323,7.6051,0.3579,21.2518,0.5463,0.2048
4565,36.1965,0.6692,15.9,62.89,42.71,9.1755,3.4292,12.6047,0.5328,23.6596,0.3249,0.105
4566,24.6688,0.4181,4.54,27.06,37.22,6.8594,1.9834,8.8428,0.344,25.7089,0.5631,0.0217
4567,34.8988,0.6341,87.42,29.95,1.49,9.486,3.2888,12.7748,0.4862,26.2724,0.3839,0.1099
4568,46.1373,0.6275,51.25,84.69,62.95,12.4326,3.095,15.5276,0.49,31.6917,0.3792,0.0865
4569,40.0976,0.4128,25.64,66.69,68.2,11.0066,2.0801,13.0867,0.317,41.2882,0.5983,0.0152
4570,39.5857,0.3119,32.87,20.59,20.34,9.6674,1.518,11.1854,0.2364,47.3232,0.7004,0.0157
4571,16.1196,0.5894,30.64,27.09,24.42,4.6252,2.8386,7.4638,0.4477,16.6721,0.4326,0.2252
4572,31.6187,0.504,18.95,4.52,24.74,8.975,2.4654,11.4404,0.3989,28.6771,0.4945,0.1424
4573,29.2841,0.5562,53.9,18.29,86.58,8.0603,2.827,10.8873,0.4374,24.8937,0.4458,0.1311
4574,38.5843,0.6308,14.13,39.98,74.05,10.1716,3.2323,13.404,0.5074,26.4165,0.3568,0.1041
4575,34.9237,0.5182,0.38,53.08,65.03,9.864,2.8134,12.6774,0.4086,31.0247,0.482,0.1281
4576,28.0415,0.3087,45.89,26.59,19.71,6.7283,1.4258,8.1541,0.2253,36.1984,0.7144,0.0157
4577,18.4811,0.6841,74.46,18.77,5.92,4.3886,3.4923,7.8809,0.545,14.4615,0.3094,0.2038
4578,31.6059,0.4347,54.84,64.91,9.94,8.8228,2.1604,10.9832,0.3383,32.4694,0.5713,0.124
4579,38.4607,0.549,51.23,26.36,2.62,10.7818,2.6736,13.4554,0.4348,30.9465,0.4493,0.114
4580,17.5348,0.3272,79.08,84.81,40.38,4.2883,1.7768,6.0652,0.2438,24.8751,0.6909,0.0174
4581,45.7062,0.4817,21.78,49.49,72.54,12.8708,2.5567,15.4275,0.3777,40.8444,0.5214,0.0879
4582,23.3483,0.3713,74.18,60.32,37.19,6.1885,1.9434,8.1319,0.2888,28.1542,0.6339,0.0163
4583,20.6177,0.6354,85.85,17.21,16.28,5.3662,3.0607,8.4269,0.5036,16.7337,0.362,0.2128
4584,23.3681,0.3076,10.31,10.28,84.96,5.7512,1.6704,7.4216,0.2577,28.7949,0.6732,0.0221
4585,22.822,0.3363,19.04,22.2,18.27,5.5183,1.547,7.0653,0.2456,28.7692,0.6885,0.0185
4586,34.2973,0.6263,40.46,51.17,19.58,9.1839,3.1698,12.3537,0.4941,25.0036,0.3741,0.1283
4587,42.8285,0.6818,57.01,0.67,50.5,10.421,3.4799,13.9009,0.5571,24.9519,0.2944,0.0984
4588,34.1102,0.6738,47.86,63.21,5.44,8.6295,3.2767,11.9062,0.5339,22.2995,0.3233,0.1243
4589,37.1811,0.6209,85.66,86.6,47.29,9.8773,3.1609,13.0382,0.4898,26.6201,0.3794,0.1049
4590,44.2144,0.695,13.31,64.5,21.9,10.6471,3.5694,14.2165,0.5601,25.3824,0.2902,0.092
4591,42.8343,0.5277,53.29,41.52,67.82,12.0269,2.78,14.8069,0.4156,35.6286,0.4733,0.1009
4592,22.3885,0.6432,73.69,13.75,54.1,5.8761,3.0852,8.9613,0.5036,17.7945,0.362,0.185
4593,43.9017,0.472,38.43,54.27,56.64,12.3539,2.5138,14.8677,0.3736,39.7932,0.5265,0.094
4594,18.2418,0.6889,81.21,36.57,4.28,4.3247,3.7171,8.0418,0.5542,14.5114,0.2978,0.2513
4595,47.11,0.5621,8.11,37.17,33.45,13.1954,2.9258,16.1212,0.4415,36.5134,0.4405,0.0966
4596,27.5944,0.5184,34.52,19.08,17.21,7.7647,2.4447,10.2093,0.4026,25.359,0.4895,0.1548
4597,29.3345,0.6468,58.43,44.79,73.24,7.7108,3.1608,10.8716,0.5085,21.3795,0.3555,0.1462
4598,29.784,0.4776,74.7,73.99,46.27,8.3284,2.4605,10.7889,0.3714,29.0525,0.5293,0.1397
4599,27.0122,0.4546,33.53,17.2,71.77,7.4563,2.155,9.6113,0.3569,26.933,0.5475,0.1481
4600,44.4334,0.6247,30.31,29.25,15.29,11.9301,3.2033,15.1335,0.4933,30.679,0.3751,0.0916
4601,37.9672,0.5598,80.57,60.09,14.48,10.5696,2.8675,13.4371,0.4394,30.5808,0.4432,0.1091
4602,45.6398,0.4124,78.32,32.92,75.17,12.508,2.1608,14.6687,0.3257,45.041,0.5873,0.0908
4603,43.1467,0.3119,35.37,37.63,49.12,10.6061,1.7253,12.3314,0.2386,51.6752,0.6976,0.0143
4604,29.6087,0.3256,11.49,24.64,57.43,7.3807,1.6559,9.0367,0.2449,36.9036,0.6898,0.0197
4605,37.7144,0.5932,26.8,42.91,55.84,10.2728,2.959,13.2319,0.4713,28.0753,0.4027,0.1134
4606,45.2841,0.6399,9.42,62.87,4.24,11.893,3.1757,15.0687,0.5112,29.4788,0.3524,0.1016
4607,44.3743,0.6457,41.48,10.99,9.77,11.3896,3.2917,14.6813,0.5185,28.3171,0.3431,0.0906
4608,41.0761,0.6218,37.63,67.51,42.71,11.0169,3.1767,14.1936,0.4887,29.0454,0.3809,0.0933
4609,26.9223,0.4654,87.87,87.63,37.12,7.4352,2.2161,9.6513,0.3559,27.1164,0.549,0.1468
4610,24.3976,0.6427,83.71,70.87,49.17,6.3037,3.1642,9.4679,0.5051,18.7463,0.3603,0.1604
4611,40.0785,0.4723,65.45,61.52,73.86,11.2696,2.4123,13.6819,0.3679,37.1863,0.5337,0.1022
4612,21.0058,0.6307,30.46,28.4,20.41,5.5752,3.0851,8.6604,0.4995,17.3381,0.367,0.2138
4613,40.7525,0.3336,53.82,29.53,85.04,10.2943,1.7964,12.0907,0.2544,47.5201,0.6776,0.0158
4614,29.9418,0.4343,67.87,67.66,57.79,8.2303,2.2805,10.5107,0.3364,31.2407,0.5737,0.0171
4615,47.0253,0.6077,84.63,13.13,3.65,12.5921,3.1736,15.7657,0.4798,32.8575,0.3918,0.0799
4616,44.8566,0.4777,29.81,4.95,50.77,12.6407,2.4533,15.094,0.372,40.5712,0.5285,0.0896
4617,27.3396,0.6892,74.78,4.52,80.41,6.7065,3.5577,10.2642,0.5579,18.3984,0.2932,0.1564
4618,39.8945,0.5447,83.92,23.77,78.65,11.1221,2.6978,13.8199,0.4232,32.6558,0.4637,0.1028
4619,21.5582,0.6976,69.39,17.84,19.63,5.4159,3.3087,8.7246,0.5471,15.9483,0.3069,0.1882
4620,37.3739,0.6742,37.77,51.54,65.44,9.4638,3.3679,12.8317,0.5303,24.1976,0.3283,0.1036
4621,22.8669,0.3018,55.18,22.01,31.56,5.518,1.497,7.015,0.2299,30.5105,0.7085,0.0183
4622,18.9194,0.5884,80.41,65.95,30.61,5.2117,2.8857,8.0975,0.4448,18.2054,0.4366,0.1906
4623,20.0171,0.4958,59.69,62.61,75.71,5.5764,2.4757,8.0521,0.3892,20.6885,0.5068,0.1973
4624,43.3182,0.3935,18.72,5.95,34.17,11.6155,2.0816,13.6971,0.3014,45.4464,0.618,0.0185
4625,41.7723,0.3883,63.3,45.94,49.17,11.3645,2.1046,13.4691,0.3035,44.3743,0.6155,0.0145
4626,35.3965,0.579,73.77,87.75,76.87,9.6807,2.9248,12.6056,0.4552,27.6908,0.4232,0.1158
4627,38.2977,0.5828,49.86,29.76,15.21,10.5746,2.8694,13.444,0.4581,29.3451,0.4194,0.1091
4628,21.2778,0.4049,78.71,29.68,51.89,5.8463,2.0005,7.8468,0.3166,24.7854,0.5986,0.0179
4629,38.8602,0.4254,6.02,63.16,46.4,10.7442,2.1267,12.8709,0.3338,38.5631,0.577,0.1076
4630,42.5288,0.4922,0.24,54.28,1.85,12.1931,2.7535,14.9466,0.3749,39.8721,0.525,0.1117
4631,17.5832,0.4933,22.26,69.9,89.4,4.8717,2.3681,7.2397,0.3884,18.6393,0.5076,0.2283
4632,26.4758,0.4475,4.02,13.91,43.33,7.344,2.0595,9.4035,0.3531,26.628,0.5523,0.1771
4633,29.5243,0.6799,42.48,59.47,54.99,7.6031,3.422,11.0251,0.5286,20.8572,0.3302,0.1222
4634,42.4102,0.5523,22.68,57.66,47.17,11.8935,2.8388,14.7323,0.4337,33.9678,0.4505,0.0975
4635,45.5557,0.4635,26.76,78.46,85.76,12.7868,2.3391,15.1259,0.3609,41.9095,0.5425,0.0864
4636,18.8075,0.5264,36.25,17.89,84.48,5.0307,2.5614,7.592,0.4117,18.4417,0.4782,0.1952
4637,30.1833,0.3443,73.17,51.0,28.81,7.7138,1.794,9.5078,0.262,36.2928,0.6679,0.0161
4638,28.1468,0.3926,76.07,2.07,7.97,7.4153,1.9621,9.3774,0.2835,33.0772,0.6409,0.0189
4639,43.5754,0.359,14.62,3.24,75.63,11.1195,1.8213,12.9408,0.2602,49.7428,0.6703,0.0164
4640,37.4418,0.3314,2.48,88.56,83.35,9.8248,1.7689,11.5938,0.2797,41.4462,0.6454,0.0203
4641,43.4537,0.6143,37.43,42.12,48.01,11.7694,3.119,14.8884,0.4834,30.8003,0.3876,0.0929
4642,24.0958,0.4637,8.87,5.29,89.61,6.3854,2.4167,8.8021,0.3652,24.1003,0.5372,0.1557
4643,31.578,0.5489,0.82,87.45,12.33,8.861,2.9219,11.7829,0.4264,27.632,0.4597,0.1507
4644,27.314,0.516,14.19,87.28,39.11,7.5852,2.5892,10.1743,0.3978,25.5788,0.4962,0.1448
4645,36.7842,0.5984,76.12,88.56,11.73,10.0143,3.1046,13.1189,0.4692,27.9605,0.4058,0.1037
4646,17.9508,0.5921,30.18,82.77,43.34,4.8622,2.9941,7.8562,0.4609,17.0448,0.4162,0.2065
4647,28.4222,0.6012,56.18,39.37,52.9,7.7546,2.9145,10.669,0.4671,22.8398,0.408,0.1453
4648,43.4173,0.6927,55.5,52.8,26.54,10.6378,3.5041,14.142,0.5482,25.7951,0.3055,0.0991
4649,16.8877,0.6002,8.56,85.27,81.55,4.6111,2.7505,7.3616,0.4343,16.9517,0.4496,0.2447
4650,39.8834,0.3121,6.84,9.13,57.79,9.878,1.4914,11.3694,0.2471,46.0097,0.6866,0.0185
4651,43.02,0.3457,55.24,45.66,12.74,11.1308,1.8337,12.9645,0.2629,49.3144,0.6667,0.0146
4652,38.6517,0.5989,42.17,9.02,81.63,10.4752,2.9574,13.4326,0.4676,28.7284,0.4075,0.1102
4653,16.2251,0.5086,74.1,40.46,37.5,4.5773,2.4144,6.9917,0.3898,17.9384,0.5063,0.2859
4654,17.9341,0.3264,75.56,44.13,44.97,4.5441,1.75,6.294,0.2499,25.1856,0.6832,0.0187
4655,30.7887,0.6772,82.59,25.95,24.08,7.768,3.4731,11.2411,0.5369,20.936,0.3196,0.1231
4656,20.8484,0.3821,26.81,40.63,41.47,5.4865,1.7893,7.2758,0.2878,25.2805,0.6353,0.0184
4657,31.4571,0.4285,77.25,59.99,80.75,8.7423,2.1916,10.9339,0.335,32.6402,0.5756,0.0164
4658,29.0244,0.5482,27.72,80.27,21.26,8.1598,2.7505,10.9103,0.4275,25.5207,0.4581,0.1376
4659,22.0458,0.4598,52.65,23.58,74.74,6.1007,2.2314,8.3321,0.3561,23.4005,0.5489,0.1809
4660,42.9303,0.6736,64.13,1.01,82.14,10.5987,3.5573,14.156,0.5509,25.698,0.302,0.0976
4661,43.9333,0.6163,37.75,74.32,12.32,11.8665,3.0954,14.9619,0.4875,30.6924,0.3824,0.0924
4662,36.4173,0.3454,36.16,42.34,79.98,9.4538,1.7918,11.2456,0.2656,42.3454,0.6635,0.0179
4663,23.3064,0.3266,68.87,76.82,60.24,5.7553,1.5569,7.3122,0.2405,30.4057,0.6953,0.0181
4664,24.7331,0.3338,40.01,17.91,39.39,6.2284,1.7483,7.9766,0.2598,30.6972,0.6706,0.0163
4665,37.1133,0.4993,55.75,1.04,84.77,10.436,2.565,13.001,0.3893,33.3919,0.5067,0.1103
4666,18.3298,0.3371,55.59,86.43,85.94,4.4813,1.6099,6.0912,0.2362,25.7929,0.7006,0.0196
4667,25.4849,0.6496,16.52,11.57,43.41,6.611,3.3,9.911,0.5103,19.4205,0.3534,0.1735
4668,18.564,0.6398,85.09,70.87,52.55,5.0495,3.1664,8.2159,0.4883,16.8246,0.3813,0.2132
4669,33.844,0.6013,13.13,77.03,42.98,9.1305,2.9915,12.122,0.477,25.4105,0.3954,0.1197
4670,25.2095,0.5345,67.9,64.2,11.21,7.0848,2.6537,9.7385,0.414,23.5216,0.4755,0.1659
4671,35.2624,0.437,10.45,29.63,72.28,9.7851,2.3162,12.1013,0.3397,35.624,0.5695,0.1301
4672,41.8433,0.639,14.61,24.1,5.73,11.0869,3.3334,14.4203,0.5055,28.5293,0.3593,0.1058
4673,16.1829,0.5946,8.45,32.7,44.16,4.5403,2.7692,7.3096,0.4403,16.5998,0.4419,0.2597
4674,42.7125,0.4355,22.13,87.85,79.16,11.8594,2.3252,14.1846,0.3421,41.469,0.5664,0.0955
4675,45.0557,0.6074,70.59,78.03,24.41,12.2144,3.0383,15.2527,0.4759,32.0524,0.397,0.0822
4676,20.2619,0.3348,51.58,75.9,85.24,5.0254,1.6268,6.6522,0.2432,27.3513,0.6916,0.0173
4677,39.9698,0.3617,78.07,24.81,6.22,10.3686,1.6443,12.0129,0.2699,44.5072,0.6579,0.0152
4678,20.8702,0.6999,26.72,41.33,32.21,5.0343,3.4718,8.5061,0.5595,15.202,0.2909,0.2054
4679,26.6477,0.6679,47.37,25.11,20.37,6.7993,3.2465,10.0458,0.5338,18.8189,0.3237,0.1497
4680,46.9968,0.6518,62.27,42.76,56.11,12.2784,3.3161,15.5946,0.5143,30.3201,0.3484,0.0829
4681,26.7348,0.6643,66.92,16.27,52.11,6.8852,3.2114,10.0967,0.5153,19.5919,0.3468,0.1468
4682,47.0992,0.6469,7.87,49.64,54.58,12.3971,3.334,15.7311,0.5087,30.9232,0.3554,0.0861
4683,37.7152,0.4127,60.69,27.13,30.65,10.326,2.0556,12.3816,0.3214,38.5278,0.5929,0.0159
4684,39.3277,0.3349,67.07,54.01,18.26,9.9412,1.7025,11.6437,0.2534,45.9506,0.6787,0.0157
4685,23.1754,0.6788,4.86,34.7,29.77,5.9787,3.295,9.2737,0.5262,17.6229,0.3333,0.1908
4686,44.4485,0.3619,58.61,35.12,71.74,11.8973,1.9629,13.8603,0.2879,48.1356,0.6352,0.0154
4687,22.0504,0.688,67.09,6.54,13.6,5.3318,3.3972,8.729,0.558,15.6447,0.2929,0.1663
4688,46.4919,0.3735,86.99,86.9,60.23,12.343,1.9483,14.2913,0.2867,49.8473,0.6367,0.0158
4689,27.0754,0.4769,74.15,1.48,64.35,7.6707,2.4639,10.1346,0.3723,27.2214,0.5283,0.1596
4690,33.7184,0.5355,88.34,36.35,22.44,9.5116,2.7473,12.2589,0.4141,29.6042,0.4752,0.1212
4691,37.2035,0.3495,14.86,27.69,63.68,9.6855,1.8682,11.5537,0.272,42.4761,0.6552,0.0161
4692,34.2254,0.6021,36.85,7.31,40.82,9.2635,2.9355,12.1991,0.4771,25.5674,0.3955,0.1125
4693,20.0461,0.3966,62.11,30.4,66.27,5.4554,1.9947,7.4501,0.3143,23.7051,0.6017,0.0202
4694,35.1863,0.5682,57.61,83.62,82.22,9.7052,2.8591,12.5644,0.4495,27.9497,0.4305,0.1125
4695,34.8371,0.686,20.53,37.66,3.02,8.6377,3.616,12.2537,0.5465,22.4222,0.3075,0.1301
4696,29.8577,0.6575,83.97,9.01,22.7,7.6011,3.3011,10.9023,0.5183,21.0341,0.3432,0.1467
4697,37.4691,0.3912,33.02,28.58,52.39,10.1466,2.069,12.2156,0.3092,39.5098,0.6081,0.016
4698,16.9993,0.6714,26.85,47.24,37.16,4.4241,3.2935,7.7176,0.5318,14.5132,0.3266,0.2605
4699,33.6051,0.3763,77.45,9.01,39.14,8.9826,1.9093,10.892,0.2959,36.804,0.6247,0.0199
4700,34.7765,0.5738,56.9,28.3,36.71,9.6332,2.9038,12.5371,0.4497,27.8816,0.4302,0.1121
4701,44.242,0.5292,45.9,85.11,52.27,12.4365,2.6845,15.121,0.4158,36.3703,0.4731,0.0903
4702,36.8384,0.668,78.05,45.66,50.24,9.4275,3.3175,12.7449,0.5279,24.1425,0.3311,0.1047
4703,42.5501,0.4119,69.88,83.51,67.41,11.7436,2.2256,13.9692,0.3214,43.4582,0.5928,0.0148
4704,21.771,0.5566,42.37,26.47,68.02,6.0122,2.7258,8.738,0.4398,19.8668,0.4427,0.1815
4705,18.139,0.339,1.64,82.31,70.67,4.5661,1.8578,6.4239,0.2502,25.6768,0.683,0.0214
4706,36.0931,0.5721,5.88,27.5,63.51,9.9882,2.9303,12.9186,0.4484,28.8126,0.4318,0.1222
4707,34.8046,0.358,13.71,34.02,11.7,9.0634,1.7685,10.8319,0.2668,40.6044,0.662,0.0182
4708,23.6617,0.5281,3.27,86.36,26.79,6.598,2.6356,9.2337,0.4139,22.3083,0.4754,0.1716
4709,21.3421,0.5094,5.4,59.54,85.37,5.8125,2.7928,8.6054,0.4051,21.2406,0.4865,0.2008
4710,47.024,0.3824,55.78,89.06,16.23,12.6595,1.9789,14.6385,0.293,49.9581,0.6287,0.0151
4711,22.0512,0.4161,19.36,21.93,60.9,6.042,2.0701,8.1121,0.3234,25.0869,0.5904,0.0217
4712,22.9554,0.3965,65.47,72.48,7.19,6.0692,1.999,8.0682,0.2918,27.6485,0.6301,0.0176
4713,25.7815,0.341,26.0,2.89,8.05,6.1613,1.5088,7.6702,0.2251,34.0719,0.7146,0.0196
4714,42.7092,0.4432,74.98,14.11,41.52,11.8389,2.4011,14.24,0.3433,41.4775,0.5649,0.0977
4715,26.8865,0.6957,22.09,77.28,41.74,6.4915,3.4621,9.9536,0.5545,17.9503,0.2971,0.148
4716,39.3954,0.6616,4.39,44.12,35.09,10.4653,3.1836,13.649,0.5036,27.1046,0.3619,0.114
4717,27.3539,0.351,82.39,38.7,74.47,7.1911,1.7512,8.9423,0.2797,31.9757,0.6455,0.0166
4718,30.4519,0.4015,37.12,7.59,74.81,8.227,2.0338,10.2608,0.3091,33.1989,0.6082,0.0237
4719,27.6759,0.4175,19.56,87.68,53.8,7.4552,1.9888,9.444,0.3194,29.5698,0.5953,0.0203
4720,45.2806,0.3311,77.42,25.67,54.18,11.5823,1.7067,13.289,0.2596,51.1999,0.6709,0.0144
4721,26.7249,0.4374,18.55,56.14,30.96,7.4047,2.097,9.5018,0.3405,27.907,0.5685,0.0178
4722,40.7375,0.3101,70.22,76.0,80.07,10.0208,1.6077,11.6285,0.2361,49.2455,0.7008,0.0147
4723,16.6937,0.5724,32.1,86.74,29.3,4.6319,2.7687,7.4006,0.4283,17.2805,0.4575,0.2274
4724,34.2222,0.6415,10.04,5.15,62.16,8.9266,3.1962,12.1228,0.5062,23.9497,0.3587,0.1137
4725,41.9001,0.5287,51.14,38.07,52.71,11.7791,2.7902,14.5693,0.4158,35.0365,0.4732,0.1041
4726,22.4276,0.4826,24.5,52.36,49.11,6.2691,2.3987,8.6677,0.3799,22.8185,0.5186,0.1832
4727,39.1012,0.6158,21.08,18.0,44.55,10.4296,3.0728,13.5025,0.4919,27.4521,0.3766,0.1115
4728,33.7705,0.3547,77.32,10.74,87.71,8.7368,1.7718,10.5086,0.2756,38.1291,0.6507,0.0181
4729,35.1127,0.5287,37.2,50.62,23.95,9.9349,2.7374,12.6723,0.4135,30.6485,0.4762,0.1159
4730,25.7419,0.5219,22.44,68.13,34.21,7.3352,2.568,9.9033,0.4079,24.2798,0.4831,0.1644
4731,19.937,0.5843,37.58,40.75,61.14,5.4054,2.8754,8.2808,0.46,18.002,0.4174,0.1939
4732,22.6776,0.3721,7.69,16.49,78.47,6.0197,1.9409,7.9606,0.3077,25.8723,0.61,0.0213
4733,23.7496,0.4603,1.95,37.96,84.21,6.5904,2.3264,8.9168,0.3777,23.6057,0.5212,0.1795
4734,47.0288,0.5097,6.22,51.46,32.16,13.3235,2.6957,16.0193,0.3978,40.2649,0.4961,0.0907
4735,33.3421,0.6658,50.93,57.33,87.0,8.3725,3.2419,11.6144,0.5332,21.7839,0.3242,0.1394
4736,40.7315,0.3781,19.27,46.52,42.2,10.8322,1.9267,12.7589,0.2878,44.3257,0.6352,0.0159
4737,17.1473,0.6654,87.04,58.3,19.35,4.6353,3.34,7.9754,0.5031,15.8519,0.3625,0.208
4738,42.3038,0.4869,6.14,3.92,4.93,11.7018,2.6033,14.3052,0.3749,38.1619,0.5248,0.1089
4739,29.876,0.3554,50.64,63.15,50.59,7.8158,1.8596,9.6754,0.2804,34.5032,0.6447,0.0156
4740,37.4036,0.3151,53.79,89.84,30.23,9.1993,1.6754,10.8747,0.2398,45.3405,0.6961,0.0169
4741,46.0812,0.6784,58.11,63.99,55.51,11.7236,3.3532,15.0768,0.5311,28.3884,0.3269,0.0862
4742,37.7194,0.6528,48.79,27.53,20.5,9.8783,3.1791,13.0575,0.5144,25.3858,0.3484,0.1048
4743,29.4313,0.4107,71.45,64.19,62.84,8.0153,2.1535,10.1688,0.3174,32.0423,0.5977,0.0167
4744,46.702,0.6722,20.71,77.58,58.56,11.7317,3.3942,15.126,0.5388,28.0728,0.3172,0.0875
4745,37.7202,0.6463,18.38,7.02,55.44,9.7756,3.199,12.9746,0.5103,25.4254,0.3533,0.1033
4746,23.3404,0.3888,61.99,43.67,26.63,6.2438,1.9526,8.1964,0.3015,27.1874,0.618,0.0168
4747,37.9833,0.4848,47.28,13.95,8.04,10.6687,2.3907,13.0594,0.3816,34.2223,0.5166,0.1139
4748,45.9735,0.316,86.45,66.35,50.41,11.385,1.6428,13.0278,0.2416,53.9128,0.6938,0.0157
4749,45.0282,0.4309,28.52,52.97,11.13,12.5156,2.2137,14.7294,0.3325,44.2948,0.5788,0.0989
4750,29.7388,0.4053,51.88,67.06,55.09,8.0805,2.0611,10.1417,0.3191,31.7825,0.5956,0.0157
4751,17.6746,0.4528,39.65,26.04,29.21,4.8683,2.265,7.1333,0.3415,20.8913,0.5674,0.0236
4752,17.3685,0.4304,39.52,62.98,31.82,4.6839,1.8921,6.576,0.3178,20.6921,0.5973,0.0187
4753,30.5414,0.5334,75.05,3.54,12.3,8.539,2.7256,11.2646,0.4256,26.4704,0.4609,0.1423
4754,30.1499,0.3016,39.26,67.78,76.73,7.2196,1.4682,8.6878,0.2272,38.237,0.712,0.0161
4755,19.2725,0.3131,8.79,56.11,18.73,4.8718,1.7532,6.625,0.2544,26.0428,0.6776,0.0196
4756,31.2205,0.3496,64.83,72.19,72.26,8.1042,1.8246,9.9288,0.2677,37.096,0.6608,0.0153
4757,42.2268,0.5622,81.04,32.12,29.75,11.7453,2.9103,14.6556,0.4383,33.4401,0.4445,0.0888
4758,45.658,0.342,10.22,57.93,7.53,11.712,1.5627,13.2748,0.2547,52.1261,0.6772,0.0152
4759,35.5689,0.4063,46.02,89.65,12.27,9.6886,2.1284,11.817,0.3141,37.6269,0.6021,0.0163
4760,27.1353,0.5286,35.31,26.24,68.83,7.6122,2.494,10.1062,0.4177,24.1947,0.4705,0.1469
4761,46.4496,0.6093,72.56,21.66,24.12,12.55,3.1331,15.6831,0.4776,32.8353,0.3947,0.0835
4762,25.0131,0.3418,7.64,68.32,21.95,6.4854,1.5266,8.0121,0.2756,29.0691,0.6505,0.0202
4763,33.518,0.3212,35.45,38.74,65.71,8.5566,1.7132,10.2698,0.2553,40.2292,0.6765,0.0152
4764,34.0938,0.6328,27.22,35.23,85.23,8.9852,3.2404,12.2256,0.4976,24.5696,0.3692,0.1136
4765,30.8886,0.4041,61.64,42.35,74.92,8.3414,2.0837,10.4251,0.3128,33.3262,0.6037,0.0176
4766,38.2594,0.3553,79.36,24.98,12.61,9.9154,1.7706,11.686,0.274,42.6534,0.6527,0.0162
4767,18.4863,0.3702,69.51,13.99,48.0,4.7304,1.7931,6.5235,0.2817,23.1604,0.6431,0.0214
4768,36.7816,0.6122,68.16,40.11,8.4,9.9047,3.1566,13.0613,0.4832,27.0327,0.388,0.1101
4769,16.5427,0.3997,87.31,41.09,36.33,4.5213,2.0579,6.5791,0.3026,21.7427,0.6165,0.0163
4770,38.7211,0.3648,0.83,12.28,7.37,10.2705,1.5868,11.8573,0.2827,41.9368,0.641,0.0239
4771,30.1124,0.4842,59.01,38.06,3.73,8.3814,2.5991,10.9806,0.375,29.2793,0.5249,0.1488
4772,26.7254,0.3753,6.26,9.69,56.88,7.1831,1.7799,8.963,0.3012,29.7596,0.618,0.0202
4773,16.3941,0.6152,87.31,56.68,5.76,4.585,3.0518,7.6368,0.4486,17.0237,0.4317,0.2504
4774,23.2912,0.5193,59.37,74.0,85.15,6.6205,2.6216,9.2422,0.4105,22.5136,0.4799,0.1826
4775,44.3163,0.5746,74.71,74.16,25.9,12.2316,2.9238,15.1555,0.4493,33.7339,0.4309,0.0888
4776,21.9012,0.4702,7.34,58.78,47.69,6.1255,2.4654,8.591,0.3801,22.6006,0.5183,0.1998
4777,41.4108,0.3313,32.87,15.49,75.46,10.3924,1.774,12.1663,0.2548,47.7489,0.6772,0.0152
4778,40.5218,0.6961,2.09,59.27,64.49,10.3115,3.2693,13.5808,0.5275,25.7437,0.3316,0.106
4779,45.7659,0.5116,53.64,9.01,27.64,12.8541,2.5852,15.4393,0.4011,38.4888,0.4915,0.0968
4780,44.5455,0.5218,53.71,33.18,35.69,12.5387,2.6976,15.2363,0.4103,37.1348,0.48,0.0951
4781,30.298,0.4543,55.93,28.42,50.89,8.4072,2.3655,10.7727,0.3568,30.191,0.5478,0.1396
4782,46.6843,0.5277,83.11,78.64,22.96,13.0828,2.7056,15.7884,0.4116,38.3597,0.4785,0.0857
4783,46.1417,0.59,71.53,54.5,76.43,12.6311,3.0,15.6311,0.4648,33.6275,0.411,0.0853
4784,30.9009,0.6181,57.9,26.85,9.31,8.2383,3.173,11.4114,0.4853,23.5128,0.3849,0.1302
4785,26.4121,0.5361,81.8,7.66,30.19,7.3613,2.7108,10.072,0.4218,23.8793,0.4654,0.1561
4786,18.4677,0.3085,27.37,1.9,59.59,4.416,1.3026,5.7186,0.2219,25.7734,0.7187,0.0372
4787,30.1062,0.5041,6.08,24.8,16.91,8.3988,2.6041,11.0029,0.3861,28.4942,0.5107,0.1422
4788,26.2464,0.351,21.03,79.94,83.38,6.6581,1.6501,8.3082,0.2648,31.3741,0.6644,0.0159
4789,30.3465,0.3571,6.89,39.21,82.38,7.9601,1.8748,9.8349,0.2833,34.7127,0.6409,0.0184
4790,38.784,0.6078,9.36,59.64,77.69,10.557,3.0602,13.6172,0.4798,28.3818,0.3922,0.1093
4791,28.1864,0.4214,28.46,73.28,89.77,7.758,2.1059,9.8639,0.3273,30.1365,0.5852,0.0165
4792,38.9304,0.38,72.87,52.35,4.14,10.3103,1.8127,12.1231,0.2831,42.8244,0.6413,0.0159
4793,30.3064,0.5238,63.39,68.61,68.78,8.5725,2.6433,11.2158,0.4084,27.4618,0.4824,0.1304
4794,22.4116,0.5382,44.41,21.75,76.3,6.2367,2.5935,8.8302,0.4165,21.2005,0.4722,0.1828
4795,22.3495,0.4026,53.54,51.1,11.39,6.1055,2.064,8.1695,0.3066,26.6448,0.6114,0.0192
4796,46.6524,0.4525,16.63,7.05,88.38,12.827,2.415,15.242,0.3515,43.3592,0.5545,0.0809
4797,20.5458,0.6513,71.32,67.29,7.74,5.3961,3.1191,8.5152,0.5038,16.9008,0.3616,0.1788
4798,39.4439,0.3518,88.26,4.98,42.72,10.0679,1.8321,11.9,0.2639,45.0994,0.6655,0.0189
4799,25.3965,0.3253,42.33,51.07,16.34,6.2835,1.5665,7.85,0.2472,31.7608,0.6867,0.0161
4800,16.9918,0.3309,37.61,83.91,15.27,4.1808,1.6231,5.8038,0.2326,24.9561,0.7051,0.026
4801,36.0992,0.3403,61.57,5.05,65.47,9.2242,1.7443,10.9685,0.2549,43.0246,0.6768,0.0221
4802,36.6161,0.5085,40.55,37.63,75.24,10.2803,2.656,12.9363,0.4018,32.1956,0.4908,0.1095
4803,36.9253,0.6752,82.45,49.8,1.92,9.1719,3.6879,12.8598,0.5465,23.5305,0.3074,0.1084
4804,31.8977,0.5953,12.64,3.19,8.17,8.5516,2.9437,11.4953,0.4869,23.6069,0.3828,0.1477
4805,22.0882,0.59,24.13,88.3,86.55,6.0546,2.9837,9.0384,0.4694,19.2569,0.4051,0.1689
4806,24.3129,0.3436,47.27,89.37,43.42,6.2623,1.8225,8.0848,0.2692,30.037,0.659,0.0152
4807,26.8865,0.576,64.58,61.75,63.65,7.5197,2.7266,10.2463,0.4407,23.2509,0.4417,0.1387
4808,16.1712,0.3608,60.07,44.32,0.82,4.1085,1.6145,5.723,0.2404,23.8073,0.6954,0.0202
4809,24.1718,0.5938,46.93,34.31,16.02,6.564,2.9605,9.5245,0.472,20.1791,0.4017,0.1739
4810,45.1692,0.6429,48.39,72.67,46.98,11.9527,3.1715,15.1241,0.5033,30.0513,0.3625,0.0862
4811,43.3334,0.6371,41.8,11.91,19.75,11.3927,3.262,14.6547,0.5062,28.95,0.3587,0.0929
4812,25.625,0.4943,35.75,44.52,31.49,7.2548,2.3416,9.5964,0.3871,24.79,0.5096,0.176
4813,20.5401,0.4064,28.32,27.17,61.82,5.4698,1.9745,7.4443,0.304,24.4902,0.6148,0.019
4814,31.6946,0.3938,76.01,20.62,79.71,8.5315,1.9815,10.5131,0.3068,34.2628,0.6112,0.017
4815,24.6984,0.482,42.48,76.18,71.15,6.9536,2.3927,9.3463,0.3807,24.5471,0.5175,0.1682
4816,46.3751,0.4759,68.57,34.82,73.41,13.0604,2.4367,15.497,0.3739,41.4481,0.5263,0.0929
4817,32.2445,0.5701,66.02,41.89,25.29,8.9898,2.8743,11.8641,0.4471,26.5336,0.4333,0.1261
4818,30.1413,0.6077,28.04,20.95,17.52,8.0729,3.1129,11.1858,0.485,23.0629,0.3858,0.1441
4819,37.1982,0.6883,43.48,58.68,56.25,9.3425,3.4358,12.7783,0.5389,23.7117,0.3172,0.1107
4820,19.241,0.6535,57.54,33.64,21.64,5.0251,3.2046,8.2297,0.5175,15.9036,0.3444,0.2254
4821,27.9636,0.4621,49.95,78.5,60.31,7.8004,2.3415,10.1419,0.3535,28.6906,0.5519,0.1547
4822,33.9338,0.639,85.58,4.25,48.71,8.7444,3.1463,11.8907,0.5133,23.1672,0.3496,0.1281
4823,46.2695,0.4991,19.96,77.0,78.37,13.0186,2.5848,15.6034,0.3907,39.9362,0.5048,0.0937
4824,30.9553,0.5656,7.47,87.42,73.05,8.5021,2.9273,11.4294,0.4413,25.9022,0.4408,0.1212
4825,24.3157,0.5375,31.66,69.29,75.84,6.8532,2.7487,9.6018,0.4214,22.7835,0.466,0.1654
4826,40.5166,0.352,25.37,87.65,25.63,10.3946,1.8247,12.2193,0.2677,45.6378,0.6607,0.0146
4827,24.618,0.5395,6.15,56.02,83.15,6.7654,2.5955,9.3609,0.4313,21.7042,0.4534,0.1597
4828,34.8303,0.397,42.58,24.99,64.29,9.446,2.1111,11.5572,0.307,37.6436,0.6111,0.0164
4829,22.3245,0.6154,21.71,65.63,27.39,6.0134,3.0713,9.0848,0.4836,18.7846,0.3874,0.1985
4830,17.2255,0.5155,80.93,0.54,51.78,4.8279,2.4907,7.3186,0.4101,17.8464,0.4803,0.2198
4831,18.2434,0.412,61.03,23.34,3.66,4.9165,2.1458,7.0623,0.3217,21.9516,0.592,0.0192
4832,22.5601,0.3671,79.79,14.36,89.86,5.8372,1.8872,7.7244,0.2869,26.9263,0.6363,0.0158
4833,29.0992,0.6703,78.75,73.46,4.39,7.405,3.4958,10.9007,0.5282,20.6361,0.3307,0.1482
4834,39.8004,0.6169,66.89,33.02,84.4,10.6679,3.0528,13.7207,0.4807,28.5447,0.3913,0.0989
4835,32.1228,0.6044,18.23,31.48,46.64,8.7464,3.0352,11.7816,0.4777,24.6608,0.3947,0.1209
4836,25.8358,0.422,12.63,64.23,50.05,7.2214,2.0381,9.2595,0.335,27.637,0.5753,0.0203
4837,46.6973,0.49,76.33,76.09,52.0,13.1639,2.5425,15.7063,0.3817,41.144,0.5164,0.0818
4838,30.9451,0.4892,2.54,72.86,5.5,8.6295,2.6837,11.3132,0.3784,29.8992,0.5207,0.1442
4839,27.87,0.4562,8.98,68.31,69.28,7.8531,2.2079,10.0609,0.3545,28.3824,0.5507,0.1574
4840,28.324,0.4923,13.97,71.17,8.92,7.9004,2.4395,10.3399,0.3769,27.4375,0.5224,0.1542
4841,20.0977,0.3402,37.36,33.73,1.06,4.959,1.4721,6.4311,0.2422,26.548,0.693,0.0169
4842,26.1029,0.4033,54.96,7.67,61.47,7.0563,2.0372,9.0935,0.3116,29.1817,0.6051,0.0192
4843,18.4227,0.5635,30.97,22.95,41.36,5.0567,2.7279,7.7847,0.4346,17.9113,0.4494,0.2012
4844,38.8758,0.5794,22.73,44.06,74.54,10.6493,2.8471,13.4964,0.4631,29.1409,0.4131,0.1089
4845,41.9756,0.5358,48.79,17.07,80.74,11.7518,2.7973,14.549,0.4178,34.8222,0.4707,0.0939
4846,42.0581,0.3299,35.75,29.3,37.01,10.699,1.7879,12.4869,0.2547,49.021,0.6772,0.0147
4847,19.5438,0.4241,83.3,70.04,59.69,5.2588,2.2031,7.4619,0.3118,23.9319,0.6046,0.0204
4848,25.5414,0.3865,74.09,71.04,2.93,6.8239,1.8227,8.6466,0.29,29.8188,0.6324,0.0213
4849,28.2067,0.4904,27.21,28.21,16.58,7.9131,2.312,10.2251,0.3735,27.3729,0.5264,0.1484
4850,39.658,0.5341,18.03,26.05,85.87,11.1382,2.6352,13.7734,0.4169,33.0374,0.4715,0.1063
4851,30.4754,0.6525,80.25,58.77,82.47,7.8475,3.2721,11.1196,0.5176,21.4831,0.3441,0.1272
4852,37.1018,0.6009,49.55,36.55,80.68,10.1027,2.9688,13.0715,0.4705,27.7803,0.4037,0.1091
4853,16.2108,0.449,18.16,34.4,32.84,4.5991,2.1737,6.7728,0.3479,19.4684,0.5591,0.0193
4854,29.3415,0.6555,30.73,41.34,37.76,7.6848,3.1887,10.8736,0.5133,21.1833,0.3496,0.1399
4855,38.0111,0.6399,31.1,46.78,69.31,9.9678,3.1416,13.1094,0.5077,25.8199,0.3566,0.1068
4856,33.3274,0.5475,69.2,29.71,89.52,9.2322,2.7239,11.9561,0.4272,27.9886,0.4587,0.1224
4857,36.9043,0.619,68.44,80.83,45.98,9.9474,3.1176,13.0651,0.4852,26.9268,0.3852,0.106
4858,16.0343,0.6443,81.12,60.1,13.22,4.39,3.099,7.4891,0.4786,15.6471,0.3935,0.2528
4859,19.2443,0.5539,46.02,13.92,0.8,5.236,2.7067,7.9427,0.4411,18.008,0.441,0.2244
4860,30.1048,0.3757,69.56,85.89,72.33,8.0019,1.9546,9.9565,0.2899,34.3482,0.6326,0.0181
4861,15.9736,0.5282,22.94,85.58,10.68,4.5234,2.4369,6.9604,0.3818,18.2326,0.5162,0.2595
4862,40.1896,0.5218,53.89,3.57,66.31,11.3795,2.6737,14.0532,0.4115,34.1527,0.4787,0.1116
4863,28.261,0.4402,11.05,52.38,44.15,7.8963,2.1905,10.0868,0.3511,28.7311,0.5549,0.1434
4864,45.1375,0.6923,11.51,66.41,38.79,11.0771,3.5195,14.5966,0.5511,26.4885,0.3017,0.0893
4865,27.3412,0.3128,18.01,55.55,71.83,6.6115,1.4985,8.11,0.2293,35.3678,0.7093,0.0173
4866,38.83,0.5504,8.84,79.06,72.49,10.7856,2.7604,13.5461,0.4364,31.04,0.4472,0.1014
4867,36.1339,0.3724,81.28,56.42,47.76,9.5433,1.9789,11.5223,0.2879,40.0255,0.6353,0.0166
4868,20.101,0.3486,40.06,2.65,88.09,4.9201,1.3647,6.2848,0.2406,26.1239,0.6951,0.0168
4869,30.5184,0.502,88.81,69.57,77.98,8.586,2.6471,11.2331,0.4022,27.9314,0.4902,0.1222
4870,27.9031,0.3027,68.26,33.27,1.1,6.575,1.1985,7.7735,0.2189,35.5044,0.7226,0.016
4871,21.4595,0.3404,45.61,40.7,48.74,5.2262,1.6948,6.921,0.2502,27.6605,0.6827,0.0176
4872,23.1333,0.401,84.01,20.93,54.88,6.2976,1.9922,8.2898,0.312,26.5678,0.6045,0.0187
4873,45.3931,0.4985,16.17,43.76,14.57,12.8816,2.5734,15.455,0.3839,40.2627,0.5135,0.0918
4874,34.2777,0.4331,85.65,1.97,70.74,9.4774,2.0234,11.5008,0.3278,35.0821,0.5846,0.016
4875,38.0861,0.5809,24.65,33.75,48.64,10.4645,2.8594,13.3239,0.4587,29.0477,0.4186,0.1155
4876,44.3271,0.3275,13.72,31.79,0.5,11.1232,1.5473,12.6705,0.2384,53.1455,0.6978,0.0165
4877,30.9161,0.4962,61.03,43.81,37.96,8.7358,2.543,11.2789,0.3848,29.31,0.5123,0.1317
4878,27.8982,0.6077,60.35,51.01,17.68,7.6576,2.9144,10.5721,0.4761,22.2064,0.3969,0.1507
4879,45.8064,0.5206,51.26,49.7,68.06,12.9271,2.6127,15.5398,0.4106,37.8493,0.4796,0.0935
4880,35.3138,0.5901,72.92,5.89,53.58,9.6369,2.9537,12.5905,0.463,27.1951,0.4133,0.1049
4881,45.1754,0.6874,71.87,29.75,47.89,11.2341,3.4742,14.7084,0.5396,27.259,0.3165,0.0906
4882,19.3658,0.3044,77.05,20.59,3.7,4.6577,1.3673,6.025,0.2313,26.0463,0.7068,0.0226
4883,40.7269,0.4623,73.44,87.85,7.07,11.277,2.2959,13.5729,0.3526,38.4986,0.5532,0.1005
4884,20.7609,0.6714,22.3,89.61,67.54,5.3294,3.258,8.5874,0.5258,16.3327,0.3335,0.1876
4885,38.1502,0.3295,83.96,52.61,88.41,9.5851,1.6121,11.1973,0.2466,45.3977,0.6873,0.0156
4886,34.4858,0.614,48.72,47.87,14.25,9.307,3.1016,12.4086,0.4882,25.4181,0.3818,0.1275
4887,19.919,0.3916,75.14,35.69,86.76,5.4002,1.8826,7.2828,0.3063,23.7801,0.6118,0.0189
4888,18.4572,0.3005,7.07,45.39,37.84,4.6348,1.7777,6.4125,0.2502,25.6337,0.6831,0.0263
4889,32.0268,0.4304,75.68,79.29,59.44,8.821,2.143,10.964,0.3301,33.21,0.5817,0.0156
4890,21.8789,0.3848,59.25,89.11,65.45,5.8902,1.8642,7.7544,0.292,26.5562,0.6297,0.0176
4891,27.4276,0.4068,68.21,18.84,1.8,7.394,1.6895,9.0835,0.3043,29.854,0.6144,0.0202
4892,37.7688,0.4125,27.57,67.85,12.44,10.3737,2.0949,12.4686,0.3152,39.5589,0.6006,0.0165
4893,44.573,0.5494,69.93,38.72,14.48,12.46,2.8802,15.3402,0.4361,35.18,0.4475,0.0868
4894,22.9278,0.3939,17.63,43.05,17.49,6.0966,1.8981,7.9946,0.2929,27.2903,0.6287,0.0184
4895,37.9603,0.5172,44.15,64.34,45.08,10.7721,2.6297,13.4018,0.406,33.0064,0.4854,0.1041
4896,38.3101,0.4497,9.39,1.92,82.15,10.4987,2.3757,12.8744,0.3425,37.5868,0.566,0.1102
4897,40.521,0.4675,89.46,5.55,41.49,11.241,2.4577,13.6987,0.3592,38.1366,0.5447,0.1042
4898,45.3593,0.4507,7.43,82.37,72.05,12.6874,2.3046,14.9919,0.3538,42.3752,0.5515,0.0935
4899,16.5218,0.3699,76.44,21.18,27.2,4.3313,1.7441,6.0754,0.2689,22.594,0.659,0.0215
4900,28.3353,0.4184,7.97,43.96,32.05,7.8298,2.0298,9.8596,0.3252,30.3212,0.5876,0.0182
4901,43.1348,0.3494,11.72,29.49,4.91,11.03,1.9511,12.9811,0.2583,50.2623,0.6728,0.0214
4902,37.1483,0.356,35.4,43.04,39.84,9.722,1.8831,11.6051,0.2733,42.4662,0.6537,0.0149
4903,38.2201,0.6643,2.51,85.51,41.24,10.0129,3.1996,13.2125,0.5085,25.9848,0.3555,0.1006
4904,40.466,0.6702,43.71,75.24,67.34,10.3903,3.3072,13.6975,0.5265,26.0187,0.3331,0.0931
4905,16.5008,0.4808,0.65,59.74,29.22,4.5936,2.2354,6.829,0.3507,19.4698,0.5555,0.2906
4906,41.7481,0.6869,47.92,88.32,65.59,10.4669,3.4308,13.8977,0.5365,25.9067,0.3202,0.1016
4907,35.9966,0.5794,15.08,52.07,80.76,9.9457,2.9868,12.9325,0.4568,28.3082,0.421,0.1235
4908,22.422,0.5696,38.74,11.44,1.28,6.1934,2.8927,9.0861,0.4409,20.6083,0.4413,0.189
4909,38.2387,0.4304,13.41,65.91,81.04,10.5601,2.2059,12.766,0.3323,38.4185,0.5788,0.1085
4910,19.2223,0.3152,63.56,25.08,21.11,4.5792,1.4841,6.0633,0.2355,25.7487,0.7014,0.0174
4911,39.9976,0.4829,71.96,20.0,41.87,11.3242,2.4605,13.7847,0.3779,36.4766,0.5212,0.1039
4912,28.1397,0.6936,52.89,31.58,77.77,6.9791,3.4037,10.3827,0.5457,19.0261,0.3085,0.1298
4913,26.6135,0.3605,60.59,36.88,9.78,6.9982,1.5983,8.5965,0.2777,30.9554,0.6481,0.0149
4914,30.8219,0.5936,65.6,28.65,11.45,8.3547,3.1163,11.471,0.4663,24.6008,0.4091,0.1322
4915,39.6387,0.4835,40.55,19.41,65.47,11.1062,2.3286,13.4349,0.3762,35.7113,0.5234,0.1091
4916,17.9472,0.3112,78.56,29.14,71.78,4.3559,1.6254,5.9813,0.245,24.4087,0.6892,0.0189
4917,36.4483,0.4907,81.01,88.53,30.07,10.1658,2.5275,12.6934,0.3781,33.5701,0.521,0.1013
4918,17.7668,0.4782,22.74,39.25,35.94,5.0268,2.3618,7.3886,0.3779,19.5527,0.5212,0.2199
4919,18.4812,0.6327,28.56,54.01,42.45,4.892,3.1445,8.0365,0.4974,16.1578,0.3696,0.2323
4920,43.4966,0.6173,28.05,13.94,71.87,11.6514,3.1827,14.8342,0.4857,30.5414,0.3847,0.0908
4921,30.9939,0.4654,73.85,85.55,18.18,8.5872,2.3616,10.9487,0.3619,30.2496,0.5413,0.1222
4922,32.9256,0.3846,24.66,43.75,84.07,8.8624,1.9524,10.8148,0.2979,36.3012,0.6225,0.0164
4923,36.921,0.4295,83.25,14.21,51.7,10.1702,2.2118,12.382,0.3361,36.8399,0.5742,0.1106
4924,16.3577,0.5136,44.17,46.96,50.38,4.6203,2.4421,7.0624,0.3802,18.5767,0.5181,0.2381
4925,40.6815,0.4012,78.93,55.51,89.17,11.1155,2.1206,13.2361,0.3093,42.7906,0.608,0.0151
4926,18.0035,0.6479,5.47,64.12,47.85,4.8338,3.1919,8.0257,0.4765,16.8435,0.3965,0.2318
4927,45.2697,0.6294,19.27,81.88,79.76,12.0534,3.1602,15.2136,0.4966,30.6375,0.3705,0.0867
4928,44.6373,0.3773,56.58,32.44,29.61,11.9418,1.9891,13.9309,0.296,47.0648,0.6249,0.0162
4929,30.604,0.4166,66.36,51.48,69.42,8.3917,2.2178,10.6095,0.3254,32.6026,0.5875,0.0169
4930,35.415,0.4132,21.99,61.76,78.6,9.7315,2.1732,11.9047,0.318,37.441,0.5971,0.0159
4931,30.9615,0.3786,53.46,44.47,62.91,8.3763,2.0108,10.3871,0.3074,33.7847,0.6105,0.0161
4932,27.3606,0.4783,23.99,19.47,25.9,7.6801,2.2784,9.9585,0.372,26.7701,0.5287,0.1556
4933,26.0776,0.6851,81.87,54.83,51.0,6.4714,3.2149,9.6863,0.537,18.0365,0.3198,0.1569
4934,31.3814,0.4322,2.66,19.14,42.89,8.6349,2.3857,11.0206,0.3381,32.5933,0.5716,0.1366
4935,20.7749,0.4697,68.22,14.39,57.38,5.9009,2.2036,8.1045,0.3624,22.3648,0.5408,0.1877
4936,18.147,0.3804,85.15,85.99,44.77,4.7052,2.0157,6.7208,0.2903,23.1523,0.6321,0.0168
4937,33.6508,0.4952,40.82,28.7,2.32,9.4852,2.4167,11.9019,0.3814,31.2069,0.5168,0.1361
4938,22.6389,0.3677,73.92,48.57,10.45,5.8864,1.8243,7.7107,0.272,28.3494,0.6554,0.0204
4939,44.0257,0.5065,81.54,23.45,61.25,12.2969,2.687,14.9839,0.3972,37.7269,0.4966,0.0994
4940,19.7505,0.5087,34.05,64.3,9.46,5.4788,2.4245,7.9033,0.3907,20.2265,0.5049,0.2108
4941,42.2638,0.5813,54.22,81.82,65.74,11.6757,3.0181,14.6938,0.457,32.1529,0.421,0.0956
4942,40.9208,0.4616,44.83,40.44,17.3,11.5002,2.4389,13.9391,0.3596,38.7625,0.5444,0.0998
4943,43.7708,0.5546,79.68,43.6,65.09,12.1174,2.8688,14.9862,0.4374,34.2637,0.4459,0.0938
4944,36.4178,0.6269,62.92,29.23,63.35,9.6777,3.1685,12.8463,0.4942,25.9937,0.374,0.1083
4945,26.4722,0.3591,59.43,44.97,16.44,6.881,1.665,8.546,0.2749,31.0886,0.6517,0.018
4946,28.6423,0.5657,58.79,83.7,34.68,7.9928,2.8073,10.8001,0.4403,24.5273,0.442,0.1455
4947,25.4857,0.5869,76.68,84.58,13.5,6.9123,2.8609,9.7732,0.4562,21.4218,0.422,0.1467
4948,43.8771,0.6289,35.24,18.96,3.06,11.6596,3.3358,14.9953,0.4981,30.1043,0.3687,0.0914
4949,23.0884,0.3934,55.42,74.59,72.0,6.2048,1.9442,8.1489,0.3051,26.7086,0.6133,0.0195
4950,40.4178,0.4889,46.39,60.18,41.76,11.3958,2.5436,13.9394,0.3829,36.4071,0.5149,0.0949
4951,24.2304,0.6498,62.94,15.84,87.32,6.2043,3.2598,9.464,0.5146,18.3926,0.3481,0.163
4952,19.2534,0.4499,54.6,52.58,87.71,5.2486,2.1985,7.447,0.3414,21.8153,0.5672,0.0206
4953,22.0879,0.5752,3.09,65.94,14.11,6.0635,2.942,9.0055,0.4456,20.2107,0.4353,0.2122
4954,37.274,0.3773,3.06,44.41,58.37,10.1316,1.9647,12.0963,0.3115,38.8342,0.6052,0.106
4955,37.387,0.3479,30.3,19.07,25.51,9.5425,1.6883,11.2308,0.2652,42.3442,0.6639,0.0183
4956,41.5229,0.5201,55.82,45.02,48.45,11.7557,2.7091,14.4648,0.4087,35.3902,0.4823,0.094
4957,42.296,0.4648,33.85,84.92,74.49,11.821,2.4675,14.2885,0.3629,39.3699,0.5402,0.0952
4958,41.4663,0.4933,55.71,71.38,60.55,11.6948,2.581,14.2759,0.3818,37.3945,0.5163,0.0942
4959,45.9371,0.5572,40.28,60.18,69.54,12.8912,2.7912,15.6824,0.4373,35.859,0.4459,0.0907
4960,39.1269,0.5737,6.37,8.5,15.14,10.7775,2.8937,13.6713,0.4465,30.6182,0.4342,0.1218
4961,28.4522,0.4951,5.87,50.39,65.2,7.9614,2.3736,10.335,0.3837,26.9318,0.5134,0.142
4962,26.7451,0.6191,75.08,74.75,56.22,7.23,3.0078,10.2379,0.4844,21.1332,0.386,0.1437
4963,40.2736,0.3747,23.73,33.49,89.07,10.6928,1.9535,12.6463,0.2908,43.4846,0.6316,0.0163
4964,46.7655,0.6054,88.2,5.9,5.94,12.6377,3.0086,15.6463,0.4751,32.9306,0.3979,0.0927
4965,30.0988,0.666,79.48,11.66,0.94,7.6272,3.5802,11.2074,0.5285,21.2067,0.3302,0.1322
4966,27.7458,0.34,26.82,8.02,83.36,6.854,1.5845,8.4385,0.2475,34.097,0.6863,0.0203
4967,19.8891,0.3466,55.64,36.25,14.23,5.0392,1.7308,6.77,0.2579,26.2464,0.6731,0.0178
4968,41.5564,0.3457,85.37,78.76,33.3,10.6087,1.8607,12.4694,0.2677,46.5883,0.6609,0.0147
4969,36.8752,0.3964,82.01,15.59,16.62,9.9376,2.0572,11.9949,0.3048,39.3573,0.6137,0.0161
4970,21.9475,0.6126,17.42,10.46,33.64,6.047,2.9213,8.9684,0.4825,18.5873,0.3887,0.1996
4971,46.9504,0.5259,51.1,23.83,29.11,13.1598,2.7617,15.9215,0.4122,38.6256,0.4775,0.094
4972,17.9838,0.6921,79.6,70.33,64.0,4.6352,3.433,8.0682,0.5242,15.3914,0.336,0.2085
4973,40.2313,0.5948,25.9,57.4,22.22,11.0377,2.9295,13.9672,0.4699,29.7251,0.4048,0.1024
4974,36.096,0.535,20.11,15.9,21.46,10.1208,2.7678,12.8886,0.4245,30.3591,0.462,0.1197
4975,18.447,0.4141,64.34,50.31,66.69,4.9886,2.1271,7.1157,0.3157,22.5425,0.5999,0.0195
4976,21.8951,0.3798,54.77,68.36,82.89,5.834,1.9395,7.7734,0.2865,27.1317,0.637,0.0163
4977,42.3649,0.4677,53.8,74.53,32.93,11.8399,2.462,14.3019,0.3669,38.9764,0.535,0.103
4978,25.74,0.6597,58.26,65.47,87.7,6.502,3.2198,9.7217,0.5262,18.4748,0.3334,0.1641
4979,21.7316,0.3626,12.74,26.84,60.48,5.72,1.791,7.511,0.2796,26.8654,0.6455,0.0177
4980,30.3515,0.6673,72.27,10.07,43.54,7.7447,3.2906,11.0353,0.5195,21.2416,0.3417,0.1247
4981,42.937,0.5733,65.28,19.19,43.32,11.864,3.0079,14.872,0.4506,33.0072,0.4292,0.1005
4982,19.0538,0.6967,44.19,89.54,85.1,4.724,3.5159,8.2399,0.5455,15.1041,0.3085,0.2096
4983,38.9589,0.4337,23.5,77.81,41.46,10.8045,2.1717,12.9762,0.337,38.5067,0.573,0.1098
4984,27.5713,0.5414,2.76,68.0,28.74,7.7702,2.5174,10.2876,0.4136,24.8708,0.4757,0.1586
4985,40.3046,0.322,11.82,27.16,8.04,9.9479,1.3969,11.3448,0.2357,48.1293,0.7011,0.0173
4986,18.529,0.4917,86.47,82.87,0.29,5.0932,2.6007,7.6939,0.381,20.1932,0.5173,0.2209
4987,37.1315,0.3952,5.64,83.21,33.41,10.0542,2.018,12.0722,0.3169,38.0978,0.5985,0.0196
4988,27.2875,0.6025,71.56,89.13,70.73,7.2882,2.9763,10.2645,0.4772,21.5114,0.3954,0.1421
4989,34.4861,0.3467,26.64,45.6,55.76,8.9832,1.858,10.8412,0.2682,40.4293,0.6601,0.0167
4990,27.2803,0.309,48.52,39.98,32.44,6.5805,1.4804,8.061,0.2328,34.6318,0.705,0.015
4991,36.8538,0.4784,60.06,73.8,7.11,10.429,2.5503,12.9793,0.3766,34.4662,0.5229,0.1164
4992,24.2247,0.5722,78.24,26.44,24.15,6.7086,2.84,9.5486,0.4488,21.277,0.4315,0.1627
4993,15.8128,0.4095,61.91,73.37,80.89,4.249,1.8388,6.0878,0.3018,20.1723,0.6174,0.018
4994,44.8399,0.4939,44.55,79.31,49.03,12.6377,2.5154,15.153,0.3885,38.9993,0.5076,0.0868
4995,33.4574,0.3663,59.66,7.89,73.68,8.8004,1.8986,10.699,0.2835,37.7435,0.6408,0.0216
4996,16.9973,0.4978,66.93,29.6,15.46,4.8177,2.4143,7.232,0.3772,19.1721,0.5217,0.2502
4997,19.1553,0.5446,1.54,42.87,18.26,5.3766,2.8543,8.2309,0.4246,19.3859,0.4618,0.255
4998,21.5926,0.3883,77.38,42.41,86.24,5.8994,1.9711,7.8705,0.3062,25.6997,0.6118,0.0173
4999,42.8205,0.4902,69.68,53.28,3.29,12.0741,2.717,14.7911,0.3774,39.1936,0.5217,0.0981
5000,28.3797,0.3197,55.56,77.12,53.33,6.9693,1.6077,8.577,0.2435,35.2234,0.6915,0.0156
5001,18.602,0.4879,6.06,33.16,29.58,5.1385,2.5292,7.6677,0.3787,20.2483,0.5203,0.2308
5002,17.5392,0.461,49.55,35.07,1.82,4.8548,2.4321,7.2869,0.3469,21.0054,0.5602,0.0203
5003,30.6066,0.615,7.5,29.29,60.81,8.336,3.1341,11.47,0.4729,24.2523,0.4007,0.131
5004,24.2298,0.4975,82.86,55.37,48.48,6.8109,2.5163,9.3272,0.3914,23.8321,0.5042,0.1822
5005,23.8835,0.6468,55.67,75.57,44.77,6.2515,3.1948,9.4463,0.512,18.4487,0.351,0.1676
5006,21.8519,0.4123,73.58,22.91,8.95,5.938,1.942,7.8799,0.3065,25.7098,0.6115,0.0176
5007,35.6294,0.3295,83.51,12.4,28.69,8.9582,1.674,10.6322,0.2532,41.9856,0.679,0.0161
5008,19.1022,0.5468,80.2,60.08,47.52,5.3725,2.7602,8.1327,0.4228,19.2346,0.4643,0.2219
5009,45.9284,0.3391,40.28,19.18,29.34,11.8709,1.8759,13.7469,0.2652,51.8435,0.664,0.0174
5010,39.6685,0.6804,63.18,88.33,36.8,9.9781,3.3639,13.342,0.5358,24.9021,0.3214,0.0997
5011,22.71,0.4917,58.6,37.16,70.31,6.3068,2.4591,8.7659,0.387,22.6498,0.5096,0.1568
5012,17.1807,0.4191,36.87,53.0,3.85,4.626,2.1372,6.7631,0.2984,22.6647,0.6219,0.0239
5013,36.4613,0.3484,1.32,10.07,81.05,9.6191,1.869,11.4882,0.2817,40.7774,0.6425,0.0217
5014,28.1756,0.4429,21.42,5.35,14.07,7.8117,2.1475,9.9592,0.3289,30.2782,0.5831,0.018
5015,23.5198,0.5153,38.85,14.43,53.57,6.5067,2.5756,9.0823,0.41,22.1523,0.4805,0.1752
5016,33.4876,0.5698,42.99,34.32,48.34,9.2566,2.9262,12.1828,0.4473,27.2393,0.4336,0.1196
5017,34.4011,0.6023,88.76,63.79,76.99,9.3924,3.0007,12.3931,0.4705,26.3414,0.404,0.1231
5018,27.3306,0.3269,32.39,16.39,1.68,6.7347,1.3261,8.0608,0.235,34.3056,0.7018,0.0162
5019,31.6827,0.3154,60.16,15.56,88.66,7.7426,1.5633,9.3059,0.2439,38.1619,0.6909,0.0169
5020,45.1522,0.6877,74.86,60.55,79.92,11.2374,3.4861,14.7235,0.5436,27.0871,0.3113,0.0895
5021,16.9496,0.5044,58.53,25.11,73.19,4.7379,2.4403,7.1783,0.3843,18.6805,0.5128,0.2465
5022,23.6151,0.6102,0.64,14.83,15.96,6.4219,3.0554,9.4772,0.4854,19.5241,0.3848,0.2079
5023,28.4408,0.6097,27.06,22.76,33.74,7.6423,2.9993,10.6416,0.4837,22.0026,0.3873,0.1495
5024,40.3779,0.4377,87.47,70.38,50.05,11.1989,2.2855,13.4844,0.3423,39.3959,0.5664,0.1017
5025,40.837,0.6991,22.71,62.13,49.17,9.8084,3.4863,13.2946,0.5581,23.8221,0.2926,0.104
5026,16.347,0.5051,76.53,46.89,8.19,4.6426,2.5139,7.1565,0.3727,19.2029,0.5277,0.2523
5027,24.5007,0.5525,72.88,20.39,89.18,6.8083,2.871,9.6793,0.4369,22.1543,0.4464,0.1682
5028,36.6165,0.548,58.74,57.41,8.27,10.2734,2.9174,13.1907,0.4314,30.5794,0.4537,0.1024
5029,32.0074,0.5348,44.67,81.27,82.69,8.9828,2.688,11.6709,0.4203,27.7681,0.4675,0.121
5030,35.7059,0.6272,12.82,40.07,19.4,9.6349,3.1776,12.8124,0.4966,25.8016,0.3705,0.1146
5031,25.6756,0.3902,89.65,44.48,57.58,6.9107,1.8727,8.7833,0.3087,28.4529,0.6089,0.0182
5032,43.8934,0.4394,69.74,16.27,12.78,12.2537,2.3618,14.6154,0.3418,42.7628,0.5669,0.0922
5033,21.846,0.5959,68.55,77.99,44.23,5.9212,2.9817,8.9029,0.4637,19.2017,0.4126,0.1664
5034,46.5653,0.5964,77.89,3.03,63.64,12.7301,2.9797,15.7098,0.4765,32.9703,0.3962,0.0954
5035,40.6134,0.6365,31.29,0.33,0.01,10.5174,3.3633,13.8807,0.5221,26.5869,0.3385,0.1163
5036,18.6751,0.4404,57.71,64.1,58.7,5.1487,2.2128,7.3616,0.339,21.7135,0.5705,0.0201
5037,23.7918,0.5366,81.07,17.19,75.45,6.5395,2.6641,9.2036,0.4168,22.0823,0.472,0.1565
5038,17.2742,0.5729,41.66,7.33,45.93,4.7729,2.9238,7.6967,0.4663,16.5047,0.4092,0.2518
5039,26.444,0.4336,15.7,27.07,85.25,7.3053,2.08,9.3852,0.3298,28.4553,0.5822,0.0187
5040,32.085,0.5242,28.55,13.57,36.44,8.9281,2.6424,11.5705,0.4128,28.0317,0.4769,0.1303
5041,45.4218,0.5805,7.86,89.2,73.9,12.538,2.899,15.437,0.4543,33.9834,0.4243,0.0943
5042,16.1544,0.4858,28.36,78.28,44.22,4.4899,2.266,6.7559,0.3675,18.3854,0.5345,0.2774
5043,24.0499,0.343,31.87,84.66,36.07,6.0817,1.7989,7.8806,0.2598,30.3303,0.6706,0.017
5044,34.8629,0.6904,63.8,46.96,23.07,8.7195,3.4728,12.1923,0.5436,22.4293,0.311,0.1106
5045,32.346,0.4101,49.56,35.28,46.55,8.8127,2.0987,10.9114,0.3169,34.4303,0.5985,0.0158
5046,20.6342,0.6835,19.29,80.99,23.05,5.118,3.2971,8.415,0.5366,15.6832,0.3202,0.1947
5047,28.5258,0.4682,69.59,21.38,7.51,8.0143,2.2936,10.3079,0.3565,28.9107,0.5481,0.1586
5048,23.0352,0.6122,61.04,70.67,43.41,6.2775,3.0651,9.3426,0.48,19.4653,0.3918,0.171
5049,33.1776,0.6066,12.74,88.16,13.22,8.948,2.9613,11.9093,0.4798,24.8193,0.3918,0.1173
5050,33.4016,0.5994,36.29,19.19,6.26,9.0745,2.8963,11.9708,0.4723,25.3448,0.4016,0.1227
5051,15.9188,0.4014,64.28,32.01,3.2,4.3071,1.8306,6.1377,0.2787,22.0254,0.6461,0.0179
5052,17.5139,0.6749,53.98,75.56,58.84,4.5429,3.2794,7.8223,0.5149,15.191,0.3476,0.2135
5053,46.9375,0.5127,70.78,26.62,76.1,13.1803,2.6776,15.8579,0.3997,39.6764,0.4936,0.0881
5054,29.48,0.6639,36.28,86.71,76.11,7.6194,3.3573,10.9768,0.5233,20.975,0.3369,0.142
5055,19.9936,0.6208,48.65,48.2,89.17,5.324,3.0721,8.3961,0.4825,17.3996,0.3885,0.2033
5056,46.6415,0.305,17.04,64.04,42.4,11.3223,1.6723,12.9946,0.2274,57.1559,0.7118,0.0148
5057,23.2534,0.5531,73.39,51.35,43.46,6.4824,2.7525,9.2349,0.4327,21.3417,0.4515,0.1481
5058,42.7407,0.4144,23.71,42.62,35.67,11.7229,2.1981,13.921,0.3201,43.4932,0.5944,0.0919
5059,22.5644,0.5352,3.28,18.2,48.68,6.3315,2.74,9.0715,0.4191,21.6458,0.4689,0.1877
5060,40.7772,0.5073,8.96,9.63,1.05,11.3564,2.5734,13.9297,0.385,36.1842,0.5121,0.1162
5061,33.2875,0.5777,52.89,8.43,72.19,9.0784,2.8276,11.906,0.4566,26.0726,0.4213,0.1266
5062,17.3391,0.3832,82.11,12.41,2.14,4.5736,1.8867,6.4603,0.2844,22.7143,0.6397,0.0188
5063,28.4233,0.5525,74.0,17.75,14.63,7.9234,2.7625,10.6859,0.4284,24.941,0.4572,0.1335
5064,41.9209,0.5842,68.41,34.65,70.53,11.4816,2.9964,14.478,0.4572,31.666,0.4206,0.0951
5065,28.3766,0.5288,24.06,8.28,74.0,7.8418,2.6063,10.4481,0.4143,25.2197,0.4751,0.1424
5066,18.3768,0.3883,10.57,75.32,26.87,4.9129,2.0901,7.003,0.2988,23.435,0.6214,0.0185
5067,20.3442,0.5732,44.09,44.71,88.07,5.5999,2.809,8.4089,0.4432,18.9736,0.4385,0.1629
5068,27.2231,0.5116,59.51,63.13,71.71,7.663,2.4334,10.0963,0.3981,25.3635,0.4957,0.1543
5069,41.9509,0.555,0.57,56.46,83.53,11.8204,2.8266,14.647,0.4295,34.1019,0.4557,0.0968
5070,23.7814,0.4733,32.97,12.54,48.52,6.6005,2.3322,8.9327,0.369,24.2075,0.5324,0.1686
5071,20.9916,0.3507,19.56,28.56,13.69,5.1735,1.4049,6.5784,0.2522,26.0891,0.6803,0.0188
5072,33.6396,0.3251,22.75,60.2,12.39,8.188,1.4841,9.672,0.233,41.5139,0.7047,0.0173
5073,33.63,0.3025,53.97,27.74,26.76,8.1584,1.6376,9.7959,0.2341,41.8461,0.7033,0.015
5074,26.3045,0.6451,69.76,9.41,5.24,6.8516,3.1171,9.9686,0.5164,19.3023,0.3456,0.1575
5075,28.4809,0.6545,34.19,52.13,12.02,7.3337,3.1986,10.5324,0.5162,20.4049,0.3459,0.1426
5076,44.3103,0.5087,25.03,77.29,83.46,12.5301,2.6197,15.1498,0.4022,37.6654,0.4904,0.0922
5077,42.274,0.4818,24.16,64.49,67.62,11.925,2.5429,14.4679,0.3757,38.5065,0.5239,0.1003
5078,38.5392,0.6767,27.78,51.87,38.71,9.6988,3.3391,13.038,0.5376,24.2515,0.3188,0.0962
5079,32.7332,0.6269,1.4,80.31,44.34,8.9564,3.2453,12.2017,0.4821,25.3108,0.389,0.1303
5080,42.3872,0.3516,13.1,3.22,75.01,10.7307,1.8464,12.577,0.2536,49.5843,0.6784,0.0187
5081,33.9197,0.6797,52.38,39.52,79.65,8.4864,3.332,11.8184,0.5353,22.0796,0.3219,0.1228
5082,46.9552,0.4371,20.98,7.35,9.14,12.9909,2.2682,15.2591,0.3351,45.5414,0.5752,0.092
5083,43.0226,0.4563,48.12,55.1,11.01,12.0826,2.4488,14.5314,0.357,40.7095,0.5478,0.0942
5084,27.7486,0.5142,36.48,16.5,20.15,7.7788,2.5036,10.2824,0.4024,25.5532,0.4899,0.1401
5085,40.3547,0.3687,16.15,4.66,56.5,10.5176,1.896,12.4136,0.2747,45.1855,0.6518,0.0243
5086,43.7237,0.6571,83.93,77.15,72.28,11.2585,3.3486,14.6071,0.5234,27.91,0.3368,0.0917
5087,24.6935,0.4237,53.86,84.84,35.78,6.7722,2.156,8.9282,0.327,27.3065,0.5855,0.0189
5088,42.4242,0.6392,9.01,11.25,19.68,11.1479,3.334,14.4818,0.5087,28.4682,0.3554,0.0967
5089,22.5543,0.4081,46.62,65.8,7.66,6.0842,2.1067,8.1909,0.302,27.1188,0.6173,0.0242
5090,37.0747,0.5647,68.36,78.29,76.08,10.3093,2.8791,13.1884,0.4447,29.6597,0.4366,0.1084
5091,33.6996,0.3029,43.42,6.13,20.85,7.9595,1.4343,9.3939,0.2164,43.4168,0.7256,0.0197
5092,24.5447,0.639,71.99,10.07,58.5,6.3922,3.1035,9.4957,0.5034,18.8614,0.3621,0.1633
5093,25.1925,0.3295,13.81,23.78,78.07,6.3205,1.6434,7.9639,0.2547,31.2661,0.6771,0.0169
5094,27.3987,0.4388,40.67,83.54,82.19,7.5163,2.1283,9.6445,0.3406,28.3151,0.5683,0.1613
5095,43.3265,0.5897,45.05,82.8,36.07,11.9111,3.0121,14.9232,0.4627,32.2555,0.414,0.0918
5096,46.2447,0.4238,3.44,47.04,42.31,12.8525,2.4524,15.3049,0.3395,45.0862,0.5696,0.0989
5097,45.4349,0.4583,8.31,26.54,67.67,12.7589,2.4129,15.1718,0.3598,42.1662,0.544,0.0944
5098,46.5955,0.3692,67.48,80.4,81.32,12.3678,1.9366,14.3043,0.2845,50.2814,0.6395,0.0152
5099,21.9399,0.3272,58.28,70.11,27.36,5.4515,1.6059,7.0574,0.2491,28.3288,0.6842,0.0192
5100,15.7759,0.4562,75.82,43.35,49.03,4.3392,2.1468,6.486,0.3428,18.9194,0.5655,0.0212
5101,30.2326,0.521,38.36,48.38,13.87,8.5593,2.6568,11.216,0.4051,27.6904,0.4867,0.1452
5102,46.9049,0.6642,47.3,54.18,54.41,12.1786,3.3068,15.4854,0.5215,29.6965,0.3392,0.0849
5103,42.263,0.403,68.8,70.5,5.88,11.4569,2.2555,13.7124,0.3046,45.0142,0.6139,0.0155
5104,43.0585,0.6231,3.37,10.3,0.23,11.7941,3.4758,15.27,0.4758,32.0936,0.3971,0.106
5105,29.1586,0.4804,53.21,78.17,41.52,8.1664,2.455,10.6214,0.3686,28.8162,0.5328,0.1484
5106,36.5699,0.4755,5.77,36.98,0.32,10.2712,2.6326,12.9037,0.3704,34.8366,0.5304,0.1229
5107,37.4504,0.3438,2.23,6.07,7.04,9.8524,1.7298,11.5822,0.2765,41.8938,0.649,0.0234
5108,46.9025,0.6351,54.28,72.43,68.82,12.4829,3.2396,15.7224,0.4993,31.4862,0.3674,0.0869
5109,42.3092,0.478,23.51,68.2,27.78,11.9375,2.4898,14.4274,0.3728,38.6959,0.5275,0.0974
5110,45.3065,0.473,3.49,56.07,21.81,12.7447,2.6028,15.3476,0.3725,41.2015,0.528,0.1009
5111,45.3651,0.3247,21.82,8.92,7.14,11.0907,1.5724,12.6631,0.2369,53.4478,0.6996,0.0182
5112,33.6461,0.4654,12.75,40.87,31.85,9.4227,2.3599,11.7827,0.3613,32.6148,0.5424,0.1324
5113,41.6161,0.3262,20.65,73.04,42.29,10.3436,1.7103,12.0539,0.2402,50.1824,0.6957,0.0142
5114,22.3832,0.6518,79.56,56.23,5.1,5.9269,3.3714,9.2983,0.5045,18.4302,0.3608,0.1793
5115,17.0912,0.4704,46.53,77.13,86.04,4.6816,2.1935,6.8751,0.3472,19.8014,0.5602,0.21
5116,40.8263,0.5143,21.76,17.6,46.54,11.526,2.6099,14.1359,0.4035,35.0322,0.4888,0.104
5117,34.7341,0.3786,38.16,6.89,65.92,9.2296,1.9856,11.2152,0.2895,38.7412,0.6331,0.0174
5118,16.5233,0.6636,26.36,67.7,81.25,4.3185,3.1215,7.44,0.5166,14.4011,0.3453,0.2347
5119,16.407,0.6438,53.59,41.23,85.43,4.2749,2.9521,7.227,0.5056,14.2945,0.3593,0.2263
5120,33.57,0.3063,17.96,4.76,21.34,7.7538,1.2773,9.0311,0.2054,43.9778,0.7396,0.0192
5121,18.8058,0.6633,79.25,37.9,88.71,4.6843,3.3035,7.9878,0.526,15.1869,0.3336,0.2041
5122,18.5049,0.6689,32.08,88.48,73.99,4.7496,3.3125,8.062,0.5195,15.52,0.3418,0.2259
5123,31.2008,0.6784,25.49,0.77,12.85,7.3989,3.4645,10.8634,0.574,18.9268,0.2726,0.1303
5124,27.4536,0.6378,68.56,2.89,67.37,7.0559,3.2527,10.3085,0.5232,19.7022,0.3372,0.1561
5125,28.6205,0.5172,76.33,10.81,79.74,8.0216,2.6379,10.6595,0.4062,26.2405,0.4853,0.1284
5126,27.9449,0.3757,61.45,42.22,13.52,7.366,1.714,9.08,0.2838,31.9995,0.6405,0.0167
5127,41.7124,0.3107,68.43,10.73,26.76,10.2177,1.6921,11.9098,0.2361,50.4355,0.7007,0.0178
5128,31.7825,0.3295,66.49,59.68,55.61,8.152,1.6578,9.8098,0.2619,37.4585,0.6681,0.0156
5129,16.6721,0.5139,49.36,36.88,61.41,4.7069,2.5136,7.2205,0.3913,18.4507,0.5041,0.2286
5130,30.37,0.5229,55.21,32.28,85.58,8.4618,2.6428,11.1046,0.4067,27.3067,0.4847,0.121
5131,36.5767,0.5511,20.47,32.68,62.91,10.1428,2.8938,13.0366,0.4402,29.6126,0.4423,0.108
5132,43.8606,0.6411,40.76,76.89,16.04,11.5466,3.2344,14.781,0.5082,29.0861,0.356,0.0977
5133,41.8588,0.5303,89.63,79.32,64.91,11.8044,2.7844,14.5888,0.413,35.3276,0.4769,0.0928
5134,38.8356,0.5387,48.25,52.46,37.61,10.9629,2.6678,13.6308,0.4239,32.1572,0.4629,0.1
5135,37.6746,0.6118,74.73,11.68,88.29,10.0758,3.0746,13.1504,0.4809,27.3462,0.3906,0.0984
5136,26.6763,0.519,75.94,23.67,44.82,7.5257,2.5474,10.0731,0.4065,24.7782,0.4848,0.1569
5137,17.4223,0.585,49.88,86.45,27.95,4.7877,2.8301,7.6178,0.4504,16.912,0.4293,0.2292
5138,45.6265,0.5052,11.76,40.78,54.79,12.8907,2.6179,15.5086,0.3941,39.3561,0.5006,0.0888
5139,37.2909,0.4598,49.38,26.96,88.43,10.3831,2.363,12.7461,0.3589,35.5185,0.5454,0.1082
5140,40.7273,0.3655,49.4,34.93,17.76,10.7636,1.918,12.6816,0.28,45.2834,0.6451,0.015
5141,17.7508,0.3185,1.37,34.52,68.69,4.2396,1.4913,5.7309,0.2241,25.5781,0.716,0.022
5142,40.9127,0.4234,86.51,74.32,35.97,11.0898,2.2106,13.3004,0.3265,40.7404,0.5862,0.0946
5143,41.1396,0.3916,64.53,19.38,20.64,11.0337,2.0239,13.0576,0.299,43.6707,0.6211,0.0164
5144,17.7788,0.5611,31.66,60.54,5.92,4.95,2.8519,7.8019,0.431,18.1004,0.4538,0.205
5145,31.4132,0.5757,35.0,63.44,9.45,8.6928,2.8426,11.5353,0.4561,25.2933,0.4221,0.133
5146,38.3741,0.5362,58.01,6.41,84.3,10.6602,2.7073,13.3675,0.4218,31.6882,0.4656,0.1118
5147,38.4907,0.5328,39.6,20.71,62.2,10.7814,2.6182,13.3995,0.4182,32.0411,0.4701,0.1071
5148,42.4012,0.4491,81.01,55.05,68.03,11.8026,2.3819,14.1844,0.35,40.5224,0.5564,0.1054
5149,16.554,0.3361,84.51,9.69,6.04,4.0454,1.4469,5.4923,0.2318,23.6923,0.7062,0.022
5150,27.4899,0.6691,72.45,45.88,48.75,7.0799,3.1853,10.2652,0.5205,19.722,0.3406,0.1332
5151,35.7992,0.314,9.57,32.34,25.88,9.0023,1.672,10.6743,0.2447,43.6135,0.6897,0.0162
5152,43.1323,0.6965,67.03,15.51,53.4,10.3631,3.5545,13.9176,0.556,25.0329,0.2957,0.086
5153,43.3303,0.4553,72.31,43.2,22.52,12.1018,2.4462,14.548,0.3551,40.9695,0.5502,0.0917
5154,25.2946,0.5845,31.18,8.94,11.35,6.9538,2.9405,9.8943,0.4655,21.2545,0.4104,0.1535
5155,34.9469,0.5975,50.62,24.94,23.94,9.6106,3.0851,12.6957,0.47,27.013,0.4044,0.1147
5156,46.7972,0.5948,23.28,42.73,69.74,12.7632,3.0674,15.8306,0.4727,33.4898,0.4009,0.0867
5157,33.2804,0.4418,73.51,86.78,14.35,9.1247,2.1343,11.2589,0.3398,33.1343,0.5692,0.1204
5158,35.0402,0.6333,28.99,32.6,23.97,9.3264,3.234,12.5605,0.5032,24.9636,0.3624,0.1138
5159,20.1012,0.4333,7.87,65.81,13.98,5.5271,2.3273,7.8544,0.3439,22.8387,0.5641,0.0237
5160,29.7092,0.5854,49.32,69.05,87.41,8.1279,2.955,11.0828,0.4613,24.0238,0.4154,0.1427
5161,33.0935,0.4309,64.28,3.15,36.97,9.0477,1.9906,11.0383,0.3255,33.9082,0.5874,0.0181
5162,25.4806,0.5625,81.2,53.58,58.99,7.0874,2.6943,9.7817,0.4363,22.419,0.447,0.1507
5163,33.8189,0.5255,44.73,33.33,53.83,9.4643,2.682,12.1463,0.4098,29.6367,0.4807,0.1222
5164,38.0018,0.3805,66.57,45.09,46.42,10.2161,2.0148,12.231,0.297,41.1791,0.6237,0.0156
5165,45.4434,0.3883,34.13,55.93,26.95,12.2946,2.1031,14.3977,0.3026,47.5814,0.6167,0.0152
5166,42.7951,0.4461,12.67,39.25,55.33,11.9554,2.3705,14.3259,0.3465,41.3468,0.561,0.0967
5167,28.5772,0.6631,23.25,24.37,33.93,7.203,3.2771,10.4802,0.5336,19.6417,0.324,0.1553
5168,21.2872,0.6489,22.72,57.05,59.43,5.5817,3.2192,8.8008,0.5036,17.4758,0.362,0.1846
5169,32.3472,0.3804,16.92,39.29,51.68,8.6553,1.966,10.6213,0.2931,36.235,0.6284,0.0176
5170,22.2565,0.4175,0.85,17.11,31.51,6.2457,2.2416,8.4873,0.3327,25.5066,0.5773,0.0195
5171,39.7421,0.3694,6.2,67.5,25.04,10.5452,1.8111,12.3563,0.2897,42.6471,0.6328,0.0165
5172,39.3611,0.6228,11.17,71.08,16.86,10.5442,3.1577,13.7019,0.4953,27.6661,0.3725,0.1012
5173,42.8007,0.3346,0.48,80.45,41.8,10.9873,1.8372,12.8245,0.2582,49.6647,0.6727,0.0167
5174,15.9373,0.6328,69.16,51.27,84.07,4.2104,2.9479,7.1583,0.4957,14.4395,0.372,0.2797
5175,16.3566,0.5578,58.82,20.67,61.07,4.6023,2.6842,7.2865,0.4258,17.1136,0.4605,0.2473
5176,34.5913,0.6237,85.72,44.22,5.79,9.2382,3.202,12.4402,0.4887,25.4572,0.3806,0.1163
5177,24.5495,0.6938,63.23,71.7,66.23,5.9603,3.425,9.3853,0.5562,16.875,0.295,0.164
5178,34.1086,0.5184,88.51,19.63,83.21,9.4871,2.6036,12.0907,0.4031,29.9927,0.4891,0.1212
5179,28.6116,0.4586,40.33,29.02,45.18,7.917,2.2644,10.1814,0.3557,28.6241,0.5492,0.1484
5180,17.3503,0.3675,67.63,78.45,50.5,4.4953,1.8632,6.3585,0.2715,23.4183,0.6559,0.017
5181,16.1934,0.5065,13.74,65.22,68.08,4.4207,2.1849,6.6056,0.3731,17.7062,0.5273,0.2678
5182,39.0164,0.5714,44.14,85.53,38.77,10.8243,2.8155,13.6397,0.4497,30.3302,0.4303,0.106
5183,42.9096,0.5512,61.54,6.08,7.64,11.9762,2.9051,14.8813,0.4344,34.2611,0.4496,0.1031
5184,28.11,0.4873,67.25,48.75,39.41,7.8629,2.3638,10.2267,0.3777,27.0781,0.5215,0.1413
5185,36.9601,0.6739,71.51,22.49,29.54,9.2697,3.3949,12.6646,0.5326,23.7782,0.3251,0.108
5186,33.2322,0.5987,65.58,58.22,53.06,9.0417,2.9796,12.0213,0.4669,25.7484,0.4086,0.1199
5187,25.6164,0.3489,84.11,50.65,27.36,6.6268,1.5825,8.2093,0.2674,30.6991,0.661,0.0161
5188,18.4846,0.4835,15.94,78.82,75.45,5.02,2.4523,7.4723,0.3734,20.0093,0.527,0.2167
5189,43.7654,0.5549,54.08,6.44,75.55,12.0377,2.8592,14.897,0.4383,33.9848,0.4445,0.086
5190,46.3096,0.3736,4.89,87.62,34.41,12.4015,2.0463,14.4479,0.2962,48.7766,0.6247,0.1006
5191,44.5957,0.5373,65.26,35.99,37.33,12.5285,2.8129,15.3414,0.423,36.2643,0.4639,0.0902
5192,39.7061,0.5933,82.93,56.43,68.05,10.8367,2.9867,13.8234,0.4705,29.3796,0.404,0.0941
5193,20.5138,0.5744,7.27,15.31,63.83,5.6876,2.9404,8.628,0.4388,19.6631,0.4439,0.2022
5194,36.729,0.3913,68.28,68.27,70.7,9.9332,2.0256,11.9587,0.3012,39.7019,0.6185,0.015
5195,40.3006,0.6457,15.79,46.27,8.16,10.4904,3.2456,13.736,0.5163,26.6067,0.3456,0.1065
5196,46.1397,0.5753,68.66,36.68,46.1,12.7953,2.9337,15.729,0.4532,34.7096,0.4258,0.0905
5197,46.3233,0.6379,63.65,89.54,53.22,12.2652,3.1123,15.3775,0.4981,30.8697,0.3687,0.0895
5198,22.4026,0.6894,13.71,15.65,39.91,5.6059,3.3876,8.9935,0.5386,16.6965,0.3176,0.1929
5199,16.8356,0.5992,61.3,73.59,75.62,4.5706,2.8172,7.3878,0.4693,15.7427,0.4053,0.2416
5200,40.803,0.3177,38.92,5.31,38.29,10.0009,1.7654,11.7663,0.2367,49.7075,0.7001,0.0222
5201,30.5963,0.3434,40.93,87.25,50.97,7.8275,1.8196,9.6471,0.2639,36.5496,0.6655,0.0179
5202,26.4435,0.5962,10.87,38.02,57.81,7.2898,2.7946,10.0844,0.4621,21.8207,0.4144,0.1588
5203,44.5163,0.6049,14.93,15.35,3.84,11.9763,3.1157,15.092,0.4854,31.0927,0.3848,0.1091
5204,41.9255,0.4396,19.27,32.77,36.41,11.6751,2.3357,14.0108,0.3424,40.9175,0.566,0.0964
5205,42.3618,0.4895,86.19,10.46,85.09,11.782,2.5545,14.3365,0.382,37.533,0.5161,0.0874
5206,22.5717,0.4725,63.3,17.82,63.16,6.2679,2.3008,8.5688,0.3648,23.4875,0.5378,0.1873
5207,31.2283,0.659,43.98,12.6,53.5,7.9174,3.2752,11.1926,0.5214,21.4677,0.3394,0.131
5208,16.2143,0.6977,23.83,77.46,44.72,4.0359,3.3212,7.3571,0.5422,13.5682,0.3129,0.2457
5209,32.4268,0.5032,75.38,59.47,75.56,9.1674,2.5212,11.6886,0.3967,29.4633,0.4971,0.1163
5210,43.4986,0.474,74.66,85.87,36.35,12.1714,2.4729,14.6443,0.3702,39.5558,0.5308,0.0894
5211,37.599,0.4437,3.51,38.42,30.85,10.4962,2.1978,12.694,0.3539,35.8646,0.5515,0.1124
5212,18.3627,0.4769,7.98,10.27,5.08,4.9046,2.4648,7.3693,0.3559,20.7067,0.5489,0.2634
5213,26.2149,0.5244,45.66,12.43,88.05,7.2137,2.624,9.8377,0.4109,23.942,0.4794,0.1529
5214,16.5911,0.5494,72.03,35.39,24.51,4.6963,2.6162,7.3124,0.4183,17.4815,0.47,0.2793
5215,33.7725,0.4297,9.21,39.74,21.31,9.4329,2.1679,11.6008,0.3323,34.9062,0.5788,0.1353
5216,39.4986,0.3739,51.9,15.22,74.71,10.497,1.8106,12.3075,0.2893,42.5401,0.6334,0.0163
5217,37.9397,0.3659,14.47,59.71,17.7,10.0515,1.7887,11.8402,0.2764,42.8296,0.6495,0.0169
5218,46.4351,0.4979,32.36,74.58,28.42,13.0281,2.6275,15.6556,0.3884,40.3072,0.5079,0.0849
5219,36.505,0.4055,15.24,33.92,4.83,9.9681,2.2728,12.2408,0.3074,39.8265,0.6105,0.0215
5220,16.8305,0.34,38.92,74.68,42.38,4.2432,1.6347,5.8779,0.2531,23.2258,0.6791,0.0188
5221,43.9842,0.3059,32.51,63.53,79.77,10.7232,1.6708,12.394,0.2323,53.3503,0.7055,0.0153
5222,29.0414,0.3805,15.27,51.45,66.69,7.7221,1.9467,9.6688,0.2922,33.094,0.6297,0.017
5223,28.9138,0.5329,53.63,39.04,50.06,8.1082,2.6464,10.7545,0.4152,25.9002,0.4741,0.1414
5224,17.1075,0.6223,63.98,0.51,69.07,4.4808,3.1094,7.5902,0.5099,14.8857,0.354,0.2439
5225,19.6018,0.3729,5.99,13.88,83.16,5.1455,2.1106,7.256,0.2997,24.2104,0.6203,0.0213
5226,39.6895,0.5523,51.21,81.66,68.96,11.1388,2.7343,13.8731,0.4319,32.1242,0.4528,0.1056
5227,22.899,0.4008,29.6,29.47,74.41,6.1698,2.0625,8.2322,0.3049,27.0038,0.6135,0.019
5228,40.8809,0.6694,86.83,45.01,57.35,10.3193,3.3967,13.716,0.53,25.8786,0.3286,0.094
5229,37.3873,0.6609,28.04,28.57,77.47,9.5749,3.2183,12.7932,0.5213,24.5402,0.3393,0.1144
5230,36.8799,0.3577,79.49,61.6,41.65,9.6086,1.8635,11.4721,0.2777,41.3061,0.648,0.0177
5231,41.0873,0.3282,81.05,87.03,69.83,10.3824,1.8075,12.1899,0.2507,48.6146,0.6823,0.0172
5232,31.4875,0.6328,81.55,29.6,24.63,8.507,3.1885,11.6954,0.4965,23.5578,0.371,0.1192
5233,32.0112,0.384,67.88,24.61,88.69,8.5149,1.9736,10.4885,0.2984,35.1457,0.6219,0.0182
5234,19.0318,0.5943,55.52,28.44,80.23,5.2042,2.8461,8.0503,0.4564,17.6407,0.4215,0.1747
5235,41.9042,0.6867,20.6,50.97,3.14,10.4188,3.6495,14.0682,0.5493,25.6129,0.3041,0.1015
5236,19.3377,0.6291,52.16,48.7,41.41,5.2399,3.1162,8.3561,0.4941,16.9122,0.3737,0.1955
5237,28.342,0.4119,86.89,4.85,28.98,7.7256,2.195,9.9206,0.3157,31.427,0.6,0.0177
5238,40.9773,0.4909,69.39,26.14,48.16,11.5395,2.6081,14.1476,0.3822,37.0158,0.5157,0.106
5239,34.5946,0.5826,82.5,25.32,72.94,9.4908,2.8899,12.3808,0.456,27.1482,0.4224,0.1104
5240,39.8537,0.4909,14.09,64.49,81.06,11.2519,2.5048,13.7567,0.3827,35.9507,0.5151,0.0981
5241,26.0077,0.5963,71.23,47.85,67.43,7.0531,2.8003,9.8534,0.4673,21.0862,0.4079,0.1513
5242,33.8366,0.61,44.49,1.93,55.62,8.9748,2.948,11.9228,0.4927,24.199,0.3758,0.1219
5243,37.9448,0.6287,11.17,63.96,6.35,10.0918,3.1928,13.2846,0.5014,26.4932,0.3645,0.1165
5244,29.2955,0.3075,60.49,85.0,0.26,6.952,1.5496,8.5016,0.2175,39.0884,0.7243,0.0171
5245,37.3733,0.4867,85.85,10.43,47.56,10.39,2.5283,12.9183,0.382,33.8192,0.5159,0.1039
5246,21.8699,0.6493,52.24,40.49,58.17,5.7436,3.2351,8.9787,0.5094,17.625,0.3544,0.1931
5247,46.756,0.3908,0.21,17.07,83.48,12.6365,2.2155,14.852,0.306,48.5429,0.6123,0.1009
5248,28.9924,0.3797,87.79,61.87,57.25,7.6946,2.0327,9.7273,0.2971,32.7444,0.6234,0.0183
5249,40.1178,0.672,67.95,44.72,39.1,10.2397,3.4271,13.6668,0.5261,25.9795,0.3334,0.0924
5250,16.6138,0.5165,2.3,89.72,69.31,4.6793,2.4674,7.1467,0.3752,19.0455,0.5244,0.2542
5251,29.0076,0.6903,33.9,6.27,33.31,6.9511,3.3892,10.3403,0.5648,18.3063,0.2839,0.15
5252,46.6712,0.5576,82.14,78.74,32.81,12.9349,2.924,15.8589,0.4366,36.3208,0.4467,0.086
5253,33.0453,0.6688,13.84,28.66,9.09,8.4005,3.2796,11.6802,0.5335,21.8928,0.3238,0.1341
5254,24.131,0.611,50.54,63.29,24.76,6.4587,3.0925,9.5513,0.4853,19.6806,0.3855,0.1788
5255,33.8232,0.3912,7.56,77.32,29.57,9.0743,1.9891,11.0633,0.3064,36.1072,0.6117,0.0208
5256,39.0636,0.4788,79.59,32.88,64.57,10.868,2.353,13.2211,0.375,35.2527,0.5249,0.0963
5257,22.9812,0.6359,51.52,69.71,53.92,6.0599,3.1351,9.1951,0.4934,18.6376,0.375,0.1566
5258,44.1008,0.4926,21.74,66.88,87.73,12.4361,2.565,15.001,0.3869,38.772,0.5097,0.0897
5259,45.4804,0.3492,33.8,63.76,59.12,11.833,1.881,13.7139,0.2707,50.6591,0.6571,0.0149
5260,42.2466,0.3992,42.06,8.23,78.63,11.412,2.1977,13.6096,0.3109,43.7679,0.606,0.016
5261,18.6426,0.5153,38.65,28.42,13.7,5.2256,2.6099,7.8354,0.4005,19.5663,0.4927,0.2174
5262,37.7872,0.587,81.04,36.22,48.89,10.3349,2.9741,13.3091,0.4596,28.9602,0.4179,0.1115
5263,30.1185,0.519,26.73,57.21,67.69,8.5133,2.6379,11.1512,0.404,27.6018,0.4881,0.1382
5264,22.6394,0.4194,86.11,60.51,12.73,6.1113,2.1968,8.3081,0.3102,26.7866,0.6071,0.0187
5265,31.8477,0.4155,62.14,25.94,39.38,8.6604,2.1395,10.7999,0.3225,33.4889,0.5914,0.0188
5266,17.552,0.4111,40.89,58.73,63.11,4.6509,1.9183,6.5692,0.3148,20.8679,0.6011,0.0177
5267,23.3954,0.3822,81.92,5.62,24.43,6.1097,1.8807,7.9904,0.2782,28.721,0.6476,0.0216
5268,44.684,0.5246,19.14,80.84,86.18,12.5199,2.6719,15.1918,0.4105,37.0044,0.4798,0.094
5269,43.8367,0.5959,49.69,16.03,73.98,11.9678,3.0753,15.0431,0.4702,31.99,0.4042,0.0872
5270,19.2778,0.4825,20.85,12.94,9.85,5.3348,2.3237,7.6584,0.3727,20.5463,0.5276,0.2351
5271,22.3227,0.536,28.22,49.24,78.55,6.2246,2.7208,8.9454,0.4239,21.102,0.4628,0.1837
5272,25.8796,0.3394,28.68,75.81,79.53,6.5008,1.6286,8.1294,0.2568,31.6611,0.6745,0.0165
5273,26.1693,0.6586,47.06,81.76,32.5,6.7727,3.1613,9.934,0.5212,19.0606,0.3397,0.1441
5274,31.7548,0.4047,7.97,67.34,32.91,8.6534,2.0676,10.721,0.3196,33.5435,0.5951,0.0165
5275,22.6019,0.4871,49.22,5.06,23.89,6.258,2.3201,8.5781,0.3724,23.0353,0.528,0.2075
5276,18.9431,0.4118,53.68,5.65,55.54,5.1742,1.8538,7.028,0.3126,22.4823,0.6038,0.0184
5277,43.0692,0.3124,9.59,67.84,1.93,10.4016,1.7178,12.1194,0.2291,52.9022,0.7097,0.0187
5278,30.8355,0.6996,19.21,55.31,87.49,7.4215,3.5119,10.9334,0.5631,19.4174,0.2868,0.1361
5279,37.4352,0.3761,62.43,88.66,25.83,9.9344,1.9925,11.9269,0.2903,41.0912,0.6321,0.0157
5280,36.2964,0.3123,44.76,84.96,32.23,8.9836,1.7056,10.6892,0.2411,44.3294,0.6945,0.0166
5281,42.2779,0.6603,55.11,71.16,6.37,10.8257,3.4845,14.3102,0.5277,27.1192,0.3314,0.0941
5282,38.3845,0.4554,14.14,7.26,60.56,10.6039,2.3225,12.9264,0.3566,36.2442,0.5479,0.1138
5283,35.7194,0.5264,75.63,80.42,30.75,9.9875,2.6791,12.6666,0.4096,30.9257,0.4811,0.1049
5284,34.4369,0.4719,72.3,30.15,28.54,9.6652,2.4208,12.086,0.3681,32.8363,0.5336,0.1141
5285,17.0316,0.6033,49.68,89.29,54.25,4.6088,2.999,7.6078,0.4664,16.3116,0.409,0.201
5286,26.5394,0.5891,52.28,80.42,75.27,7.2584,2.8663,10.1247,0.4592,22.0499,0.4181,0.1514
5287,33.679,0.4268,56.19,88.87,71.46,9.3607,2.1193,11.4801,0.3315,34.6276,0.5798,0.0158
5288,29.0055,0.3811,69.54,35.06,20.61,7.7805,1.9297,9.7101,0.296,32.8085,0.6249,0.0159
5289,29.8847,0.3869,37.75,4.05,29.34,7.9437,1.8692,9.8129,0.2881,34.058,0.6348,0.021
5290,44.0581,0.4233,81.47,40.84,0.85,12.1999,2.1908,14.3906,0.3299,43.6261,0.5822,0.0932
5291,42.7924,0.3503,22.87,65.42,48.01,11.1052,1.894,12.9993,0.2652,49.0243,0.6639,0.015
5292,46.4123,0.5395,65.74,5.89,63.45,12.9313,2.752,15.6833,0.4243,36.9641,0.4622,0.0855
5293,47.0298,0.3354,18.07,72.99,83.83,12.0208,1.7706,13.7914,0.2527,54.5767,0.6798,0.0152
5294,22.8165,0.6176,25.04,67.08,28.23,6.1064,3.1377,9.2441,0.4857,19.0326,0.3845,0.1681
5295,43.5124,0.3277,4.26,0.53,48.59,10.9444,1.6741,12.6185,0.2566,49.1697,0.6744,0.0227
5296,47.0124,0.3309,61.14,23.93,64.87,11.9761,1.7488,13.7249,0.2569,53.4342,0.6745,0.0151
5297,24.7613,0.5947,2.73,68.39,40.09,6.7979,2.8055,9.6034,0.4667,20.5783,0.4084,0.164
5298,28.9793,0.4431,86.45,80.66,10.12,7.8661,2.2719,10.138,0.3294,30.7757,0.5825,0.1425
5299,21.3861,0.542,60.22,59.68,29.3,5.9536,2.6528,8.6064,0.4168,20.6486,0.4717,0.1861
5300,39.1085,0.4385,60.79,84.88,30.91,10.8361,2.2477,13.0839,0.3404,38.4381,0.5686,0.1001
5301,39.8455,0.6589,31.89,48.09,0.53,10.2981,3.1712,13.4693,0.521,25.8524,0.3401,0.1005
5302,32.1976,0.384,64.45,52.95,75.75,8.6751,1.9654,10.6405,0.301,35.3488,0.6187,0.0154
5303,30.1911,0.6429,8.66,6.85,16.7,7.9497,3.2512,11.2009,0.5035,22.2448,0.362,0.1413
5304,24.996,0.6324,61.98,83.9,0.02,6.5077,3.3007,9.8084,0.5064,19.3682,0.3583,0.1594
5305,39.7099,0.3527,56.94,29.35,56.37,10.5152,1.8152,12.3305,0.2785,44.2799,0.647,0.0149
5306,41.545,0.3872,32.49,47.4,73.64,11.1547,2.0195,13.1742,0.2984,44.15,0.6218,0.0146
5307,29.6612,0.3874,76.53,29.12,67.4,8.0174,2.0355,10.0529,0.3041,33.0528,0.6146,0.0168
5308,46.8793,0.4081,78.61,79.75,74.83,12.7813,2.103,14.8843,0.3133,47.5073,0.6029,0.0842
5309,38.4777,0.4754,63.23,45.0,5.29,10.8399,2.3758,13.2157,0.3686,35.8528,0.5327,0.1147
5310,15.8909,0.3395,22.9,59.94,85.98,3.9232,1.3815,5.3047,0.2465,21.5207,0.6874,0.0199
5311,19.9686,0.5414,69.96,24.15,48.93,5.615,2.5996,8.2146,0.43,19.1025,0.455,0.2187
5312,42.9229,0.628,66.42,74.39,69.93,11.4961,3.2087,14.7048,0.4966,29.6109,0.371,0.0915
5313,18.7553,0.4329,82.5,9.57,68.25,5.2193,2.065,7.2843,0.3349,21.7516,0.5755,0.0225
5314,42.6367,0.4047,79.72,4.68,87.28,11.5729,2.1269,13.6998,0.3107,44.0884,0.6062,0.0966
5315,44.318,0.351,14.42,79.66,15.62,11.4699,1.7844,13.2543,0.2624,50.5178,0.6675,0.0161
5316,24.584,0.5102,45.62,31.42,15.4,6.898,2.4772,9.3751,0.4,23.438,0.4933,0.1745
5317,18.1155,0.5291,55.68,23.19,36.11,5.0277,2.6106,7.6383,0.4076,18.7377,0.4831,0.2236
5318,33.9898,0.3962,63.77,30.09,66.68,9.2514,2.0324,11.2837,0.3142,35.907,0.6018,0.0165
5319,31.6206,0.4142,18.67,65.68,82.35,8.5834,1.9897,10.5731,0.3185,33.1976,0.5963,0.0182
5320,43.3868,0.6723,40.96,38.55,71.08,11.0683,3.4344,14.5026,0.5279,27.4697,0.3314,0.0916
5321,40.4067,0.5814,28.29,12.33,3.32,11.113,2.8682,13.9812,0.4526,30.8888,0.4265,0.1146
5322,23.5265,0.6114,10.27,41.78,32.98,6.3744,2.9911,9.3655,0.4786,19.5674,0.3934,0.1958
5323,42.6851,0.5013,87.8,0.23,28.46,11.8831,2.5658,14.4489,0.3973,36.3634,0.4965,0.0901
5324,42.7573,0.5437,78.9,24.91,64.6,11.9218,2.8467,14.7685,0.4227,34.9368,0.4644,0.0919
5325,29.2379,0.4548,52.61,44.33,2.4,8.1493,2.3808,10.5301,0.3429,30.7133,0.5655,0.1439
5326,36.1248,0.4173,8.03,25.22,51.73,9.9714,2.1781,12.1495,0.3246,37.4326,0.5888,0.1288
5327,37.2932,0.4402,87.76,57.66,34.1,10.2812,2.3216,12.6028,0.3464,36.3862,0.5611,0.1073
5328,25.9083,0.3171,77.73,65.96,46.32,6.537,1.5641,8.1011,0.2525,32.0793,0.68,0.0188
5329,24.0328,0.4395,12.85,50.27,33.1,6.6183,2.2045,8.8228,0.3535,24.9603,0.552,0.0191
5330,38.1129,0.6504,43.64,39.9,10.66,9.9178,3.2172,13.135,0.5171,25.3998,0.3446,0.1174
5331,40.675,0.3936,38.04,43.65,85.6,11.0929,2.0434,13.1363,0.3063,42.8913,0.6119,0.0158
5332,21.5282,0.6591,23.45,37.02,58.44,5.4751,3.2213,8.6964,0.5215,16.6772,0.3392,0.1898
5333,31.9049,0.4375,54.22,5.85,34.42,8.8287,2.1843,11.0129,0.3379,32.5968,0.572,0.1383
5334,29.7372,0.3141,80.89,73.62,57.6,7.2776,1.6319,8.9096,0.2408,37.0054,0.6948,0.016
5335,37.7907,0.5567,86.94,29.6,76.7,10.4694,2.7683,13.2377,0.4314,30.6857,0.4535,0.0982
5336,18.8467,0.4347,15.73,32.84,24.7,5.2409,2.2061,7.4471,0.3384,22.0081,0.5713,0.0198
5337,37.2005,0.5635,38.98,4.16,37.85,10.3929,2.83,13.2229,0.4426,29.8751,0.4392,0.1114
5338,17.5091,0.3357,42.6,27.64,73.56,4.3326,1.6762,6.0089,0.2488,24.1546,0.6847,0.0188
5339,22.1983,0.3864,84.8,71.23,40.84,5.9374,2.0769,8.0144,0.3021,26.5324,0.6172,0.0175
5340,33.4418,0.5666,32.62,72.23,76.42,9.2299,2.861,12.0909,0.4449,27.1768,0.4362,0.1161
5341,41.7908,0.683,28.12,88.07,31.26,10.4188,3.403,13.8218,0.5405,25.5728,0.3153,0.0957
5342,17.0869,0.6729,84.22,82.28,71.55,4.4189,3.2419,7.6608,0.5152,14.8687,0.3473,0.252
5343,20.4807,0.4463,46.43,54.69,51.52,5.64,2.2933,7.9332,0.3484,22.7685,0.5585,0.1939
5344,19.6122,0.471,75.2,59.13,37.33,5.4211,2.3631,7.7842,0.3581,21.7389,0.5463,0.2157
5345,40.0025,0.3192,70.89,42.58,39.34,9.9716,1.6257,11.5973,0.2464,47.0585,0.6877,0.0153
5346,25.4623,0.5591,55.91,89.59,79.67,7.0154,2.7897,9.805,0.4426,22.1549,0.4392,0.1572
5347,45.4328,0.5944,37.95,38.66,29.1,12.5743,3.0543,15.6285,0.4658,33.5549,0.4099,0.0873
5348,29.267,0.3554,41.63,32.59,42.68,7.5549,1.8417,9.3966,0.2721,34.5311,0.6551,0.0161
5349,42.5954,0.3984,88.08,79.05,72.27,11.6063,2.0907,13.697,0.3076,44.5255,0.6102,0.0152
5350,19.6828,0.3319,10.82,41.13,88.55,4.8483,1.6421,6.4903,0.263,24.6785,0.6667,0.0195
5351,15.8735,0.5471,45.49,33.36,30.7,4.5299,2.4569,6.9869,0.4125,16.9384,0.4773,0.2291
5352,30.0031,0.617,1.23,85.3,70.75,8.1891,3.0997,11.2888,0.4715,23.9402,0.4026,0.1332
5353,23.7857,0.3107,58.02,29.03,74.96,5.7622,1.5539,7.3162,0.2394,30.5616,0.6967,0.016
5354,21.8429,0.3277,25.13,49.6,23.15,nan,nan,nan,nan,nan,nan,nan
5355,22.4118,0.4163,84.52,57.21,78.22,6.0871,2.108,8.1951,0.3224,25.4171,0.5916,0.0219
5356,18.3822,0.67,48.11,74.04,21.62,4.7308,3.318,8.0488,0.514,15.6595,0.3487,0.2037
5357,39.967,0.619,48.56,13.31,8.48,10.6708,3.02,13.6908,0.4905,27.9136,0.3784,0.1148
5358,17.2655,0.4377,71.56,39.79,42.78,4.7593,2.1997,6.959,0.3419,20.356,0.5669,0.0207
5359,19.989,0.6775,82.04,22.08,20.74,4.8549,3.324,8.1789,0.5448,15.0122,0.3096,0.2024
5360,46.329,0.6998,53.5,46.07,38.79,11.3267,3.5429,14.8696,0.5528,26.9008,0.2997,0.0901
5361,35.2307,0.4561,86.74,81.15,84.8,9.8697,2.3644,12.2342,0.3537,34.5888,0.5518,0.1183
5362,25.7859,0.6791,22.13,14.24,31.57,6.3962,3.4103,9.8064,0.5419,18.0975,0.3134,0.1536
5363,27.1545,0.4238,34.94,67.12,58.68,7.4787,2.0467,9.5254,0.332,28.691,0.5793,0.0178
5364,37.7795,0.426,83.36,7.15,19.93,10.2798,2.1683,12.4481,0.3267,38.1029,0.586,0.1059
5365,38.4136,0.5941,71.81,31.09,13.0,10.5531,2.9789,13.5319,0.4664,29.0118,0.409,0.104
5366,35.6114,0.5372,59.39,41.37,23.4,9.9791,2.6794,12.6585,0.4203,30.1214,0.4675,0.1072
5367,32.5586,0.4857,1.74,34.66,87.63,9.1033,2.6197,11.723,0.3762,31.1584,0.5231,0.1266
5368,22.6509,0.4445,33.92,32.98,39.0,6.3068,2.2422,8.549,0.3392,25.2018,0.5702,0.023
5369,45.2434,0.6883,42.01,54.28,3.03,11.1875,3.4537,14.6411,0.5514,26.5547,0.3016,0.0975
5370,31.8016,0.5609,37.85,9.64,18.73,8.7936,2.7885,11.5821,0.4493,25.7762,0.4305,0.141
5371,25.5344,0.6982,85.74,81.03,55.01,6.1528,3.5207,9.6735,0.554,17.461,0.2982,0.1578
5372,24.846,0.3967,60.86,11.7,4.21,6.5542,2.0182,8.5724,0.3018,28.4019,0.6176,0.0239
5373,19.9034,0.5934,46.43,46.93,78.62,5.4271,2.9224,8.3495,0.4618,18.0803,0.415,0.1881
5374,35.1925,0.5874,68.24,67.87,57.18,9.7411,2.956,12.6971,0.4583,27.7054,0.4196,0.108
5375,40.1021,0.3775,56.28,68.71,48.76,10.6851,2.0044,12.6895,0.29,43.7562,0.6324,0.0163
5376,42.9756,0.4349,57.24,31.34,57.81,11.9773,2.3536,14.3309,0.3449,41.5491,0.563,0.0998
5377,33.5732,0.3989,81.42,70.95,16.19,9.0361,1.9576,10.9937,0.3055,35.9887,0.6129,0.0182
5378,36.598,0.6036,16.71,37.63,69.21,9.9209,3.1082,13.0291,0.4784,27.2346,0.3937,0.1144
5379,40.4974,0.4757,72.98,3.33,40.81,11.3744,2.4972,13.8716,0.3653,37.9692,0.537,0.0917
5380,29.8933,0.5344,58.17,80.56,77.01,8.358,2.7752,11.1332,0.4241,26.2521,0.4625,0.1438
5381,32.0941,0.4693,71.56,1.25,22.42,9.0035,2.1605,11.164,0.3652,30.5686,0.5371,0.1266
5382,16.4195,0.693,34.64,67.42,54.69,4.0848,3.2579,7.3427,0.534,13.7517,0.3233,0.2325
5383,32.8602,0.544,46.2,28.68,66.93,9.2048,2.7233,11.9281,0.4279,27.875,0.4577,0.1275
5384,18.6956,0.5784,38.53,88.13,41.2,5.1137,2.8767,7.9905,0.4479,17.8397,0.4322,0.1891
5385,25.497,0.5641,10.82,30.24,54.3,7.0689,2.6648,9.7336,0.4421,22.0188,0.4395,0.1683
5386,33.6051,0.3319,18.86,26.86,44.71,8.4664,1.6978,10.1642,0.2517,40.3796,0.681,0.0152
5387,46.8765,0.301,22.35,43.13,52.58,11.3923,1.6847,13.0769,0.2268,57.6506,0.7124,0.0159
5388,46.1551,0.4008,37.75,58.82,76.71,12.6445,2.1256,14.7702,0.315,46.8851,0.6009,0.0869
5389,23.5379,0.678,48.26,80.63,61.1,5.8593,3.362,9.2213,0.534,17.2679,0.3232,0.1525
5390,29.694,0.4289,81.06,26.06,51.53,8.2046,2.267,10.4716,0.3324,31.5005,0.5789,0.0171
5391,17.5316,0.3226,49.61,47.11,37.26,4.1788,1.5547,5.7335,0.2307,24.8518,0.7076,0.0164
5392,26.0033,0.3205,72.47,77.37,87.56,6.4159,1.5157,7.9317,0.2412,32.8835,0.6944,0.0157
5393,35.7427,0.649,1.41,2.01,18.02,9.2612,3.3849,12.6461,0.5206,24.29,0.3403,0.1124
5394,28.9309,0.5655,22.99,35.52,66.88,7.9681,2.7832,10.7512,0.4472,24.0386,0.4333,0.145
5395,23.7198,0.3069,21.14,88.39,14.26,5.44,1.545,6.985,0.2174,32.1238,0.7245,0.0166
5396,33.0247,0.5845,3.17,49.8,43.47,9.0961,3.0752,12.1713,0.45,27.0447,0.43,0.1317
5397,31.758,0.5113,74.01,88.94,19.07,8.8502,2.5451,11.3954,0.4006,28.4428,0.4924,0.1186
5398,45.8614,0.313,46.03,18.5,86.32,11.4704,1.682,13.1524,0.2464,53.3735,0.6877,0.0148
5399,25.2176,0.3668,50.04,86.6,70.01,6.6833,1.7914,8.4747,0.2879,29.4395,0.6352,0.0156
5400,36.9522,0.3814,2.57,45.41,22.9,10.1728,1.9715,12.1443,0.3121,38.9171,0.6042,0.0226
5401,31.1532,0.5799,43.33,82.53,36.79,8.5545,2.9024,11.4568,0.4607,24.867,0.4163,0.1332
5402,36.6237,0.5047,53.86,46.35,42.65,10.409,2.5711,12.9801,0.3949,32.8722,0.4997,0.1052
5403,18.9222,0.5407,26.2,54.49,14.35,5.2779,2.6945,7.9723,0.4212,18.9279,0.4663,0.2236
5404,19.7577,0.422,59.44,74.31,31.42,5.2996,2.0628,7.3625,0.3174,23.196,0.5976,0.0219
5405,36.5086,0.5003,9.07,45.5,55.28,10.3158,2.5787,12.8945,0.3902,33.05,0.5056,0.1076
5406,42.079,0.497,49.68,62.12,19.6,11.8697,2.5772,14.4469,0.3877,37.264,0.5086,0.0947
5407,27.8119,0.5037,19.55,28.39,2.88,7.7848,2.2806,10.0654,0.3778,26.641,0.5213,0.1433
5408,27.2684,0.3002,24.99,62.34,30.88,6.4047,1.3888,7.7934,0.2188,35.6134,0.7227,0.0195
5409,36.5263,0.3346,76.42,32.14,20.95,9.1971,1.625,10.8221,0.2587,41.8306,0.672,0.0155
5410,34.0289,0.3891,42.49,57.18,75.98,9.1364,1.9662,11.1025,0.3017,36.7992,0.6177,0.0161
5411,38.5601,0.4007,79.41,12.58,29.65,10.4069,2.0327,12.4396,0.3095,40.189,0.6077,0.0177
5412,41.3545,0.4104,78.56,26.51,70.17,11.2901,2.157,13.4471,0.3202,41.9917,0.5942,0.0993
5413,43.5898,0.6299,81.3,31.85,78.53,11.6064,3.2279,14.8343,0.4926,30.1173,0.3758,0.0875
5414,32.8364,0.594,51.57,48.36,53.21,9.0239,2.9652,11.9891,0.4659,25.7355,0.4098,0.1227
5415,31.7817,0.4816,24.4,16.24,21.28,8.9176,2.4479,11.3655,0.3752,30.293,0.5246,0.1395
5416,32.7841,0.32,5.08,57.13,57.8,8.4172,1.7938,10.211,0.2625,38.8929,0.6672,0.018
5417,26.8648,0.5636,61.31,28.99,32.79,7.4599,2.6313,10.0912,0.4346,23.219,0.4494,0.1509
5418,16.971,0.3858,43.86,48.23,29.48,4.4171,1.7217,6.1389,0.279,22.0059,0.6465,0.019
5419,46.3279,0.5823,40.31,25.32,27.01,12.7573,2.9832,15.7405,0.4565,34.4783,0.4213,0.0817
5420,41.213,0.543,12.19,85.64,79.11,11.4377,2.7915,14.2291,0.428,33.248,0.4577,0.1019
5421,33.6166,0.487,10.46,77.06,40.44,9.4015,2.474,11.8755,0.384,30.9256,0.5133,0.1311
5422,42.2202,0.6195,23.0,1.91,17.33,11.0542,3.2559,14.3102,0.511,28.0026,0.3523,0.0976
5423,29.6447,0.6157,39.08,52.32,65.72,8.0546,3.1353,11.1899,0.4796,23.3308,0.3922,0.1283
5424,20.0017,0.4028,68.46,29.78,63.47,5.4682,2.0219,7.4901,0.3121,23.9977,0.6044,0.0192
5425,25.7823,0.6184,58.18,51.8,71.79,6.8894,2.9424,9.8318,0.4865,20.2106,0.3837,0.137
5426,26.1985,0.308,63.15,16.67,36.57,6.3438,1.447,7.7908,0.2351,33.1317,0.702,0.0177
5427,34.9764,0.427,24.11,37.26,81.58,9.6382,2.2633,11.9015,0.3308,35.9806,0.5808,0.0152
5428,19.8108,0.655,35.0,45.31,40.45,5.1058,3.2968,8.4026,0.5245,16.0193,0.3352,0.2086
5429,33.3735,0.3762,15.33,20.68,45.46,8.8337,1.9049,10.7385,0.2887,37.1982,0.6339,0.0169
5430,33.1857,0.3906,22.29,54.36,2.08,8.9132,1.78,10.6932,0.2886,37.0535,0.6342,0.0205
5431,29.7275,0.378,37.09,12.11,11.94,7.8744,1.9365,9.8108,0.2835,34.6012,0.6403,0.019
5432,16.9818,0.4686,64.89,70.86,85.0,4.791,2.2049,6.9959,0.3534,19.7975,0.5521,0.0205
5433,44.373,0.4765,68.4,54.98,7.57,12.5267,2.4771,15.0038,0.3705,40.5005,0.5306,0.093
5434,35.8577,0.5225,9.48,88.26,78.21,10.0223,2.7227,12.745,0.4098,31.0969,0.4807,0.1208
5435,26.9776,0.5518,18.24,66.33,39.14,7.5865,2.6666,10.2531,0.4313,23.7733,0.4532,0.1406
5436,32.8118,0.3623,23.79,29.07,50.3,8.5896,1.9417,10.5314,0.278,37.8788,0.6477,0.0165
5437,39.4243,0.3405,24.22,66.11,33.1,10.006,1.7206,11.7266,0.2579,45.475,0.6732,0.0155
5438,45.9313,0.4007,37.74,14.58,70.9,12.4375,2.1447,14.5822,0.3127,46.636,0.6037,0.0938
5439,26.4909,0.6143,64.3,35.69,35.33,7.2005,2.8398,10.0404,0.4803,20.9023,0.3913,0.1411
5440,34.4042,0.3135,35.06,55.95,8.74,8.2829,1.4718,9.7547,0.2282,42.7542,0.7109,0.0166
5441,16.7938,0.6021,86.89,65.47,31.65,4.7516,2.8434,7.595,0.4484,16.9378,0.4317,0.2382
5442,44.4744,0.5719,21.2,42.15,11.32,12.3983,2.9014,15.2996,0.4508,33.936,0.4286,0.0935
5443,24.851,0.3803,23.86,84.72,67.77,6.4431,1.9179,8.361,0.2882,29.0139,0.635,0.0171
5444,41.5821,0.6722,82.99,16.99,58.33,10.5374,3.3823,13.9197,0.5299,26.2707,0.3287,0.0972
5445,43.1809,0.4085,62.73,8.99,21.81,11.7165,2.1822,13.8987,0.3152,44.0942,0.6006,0.0921
5446,44.7422,0.5488,65.64,45.06,47.43,12.5143,2.8001,15.3144,0.4333,35.347,0.4511,0.0878
5447,33.8088,0.686,73.16,52.62,32.86,8.3879,3.3789,11.7668,0.5422,21.7039,0.3132,0.118
5448,36.7743,0.3298,43.34,73.93,70.83,9.3253,1.7031,11.0284,0.2514,43.868,0.6814,0.0154
5449,46.4923,0.5298,78.18,46.85,50.87,13.0387,2.7042,15.7428,0.4161,37.833,0.4728,0.085
5450,29.0628,0.3748,26.35,40.21,4.31,7.6203,1.8511,9.4714,0.2723,34.7865,0.6547,0.0215
5451,39.7641,0.4884,57.72,51.8,19.92,11.2376,2.5472,13.7848,0.3796,36.3135,0.5189,0.0984
5452,35.1486,0.4587,13.08,50.59,48.93,9.909,2.3295,12.2384,0.3599,34.0092,0.5441,0.1219
5453,24.8336,0.5389,6.81,47.02,3.63,6.9013,2.6907,9.592,0.4252,22.5578,0.4609,0.183
5454,44.691,0.6982,33.3,84.43,56.05,10.8575,3.4563,14.3138,0.5552,25.7813,0.2967,0.0927
5455,40.1519,0.4267,87.48,83.56,26.63,11.035,2.1721,13.2071,0.3331,39.6477,0.578,0.1001
5456,30.4516,0.6909,34.78,53.78,28.15,7.3634,3.4792,10.8426,0.55,19.7138,0.3031,0.1217
5457,20.0141,0.5417,2.27,87.02,40.64,5.4928,2.9357,8.4286,0.4195,20.0923,0.4683,0.1948
5458,17.6387,0.3117,20.95,11.3,55.45,4.2137,1.4866,5.7004,0.2352,24.2331,0.7017,0.0263
5459,28.6686,0.3457,63.39,61.39,37.81,7.2611,1.6968,8.958,0.2639,33.9487,0.6656,0.0168
5460,15.7353,0.3227,80.14,76.85,6.48,3.4835,1.1258,4.6093,0.2101,21.9383,0.7336,0.025
5461,46.9761,0.6456,31.91,33.76,56.81,12.3117,3.3481,15.6598,0.5093,30.7488,0.3546,0.0884
5462,19.4583,0.6231,70.65,29.95,38.71,5.2002,3.0644,8.2646,0.4924,16.7833,0.376,0.1979
5463,37.9102,0.4602,9.15,64.94,6.36,10.6255,2.2771,12.9027,0.3545,36.3989,0.5509,0.1185
5464,35.0619,0.4954,77.52,2.76,29.41,9.8464,2.4507,12.2971,0.3863,31.834,0.5105,0.1113
5465,32.9172,0.5253,73.39,39.61,86.11,9.2101,2.6601,11.8702,0.412,28.8117,0.4779,0.1194
5466,16.8172,0.3614,23.86,51.84,80.58,4.4286,1.6749,6.1036,0.267,22.8631,0.6616,0.0194
5467,23.9227,0.3376,63.83,12.98,17.02,5.9355,1.6626,7.5981,0.2519,30.1621,0.6809,0.0163
5468,17.5083,0.4294,80.99,61.27,9.11,4.7513,2.2594,7.0107,0.3035,23.0976,0.6153,0.0225
5469,31.2908,0.4181,4.57,5.99,60.43,8.5069,2.2761,10.7831,0.3276,32.9144,0.585,0.1367
5470,35.1018,0.4167,6.92,1.12,52.35,9.4239,2.1349,11.5588,0.3149,36.7015,0.6009,0.1206
5471,22.5357,0.4456,41.23,67.18,54.52,6.1446,2.2777,8.4223,0.3519,23.9316,0.5541,0.1698
5472,18.8389,0.4893,28.64,71.9,7.27,5.2496,2.4266,7.6762,0.3732,20.5682,0.527,0.2193
5473,26.3777,0.5642,55.18,31.6,68.44,7.1978,2.7495,9.9472,0.447,22.2524,0.4336,0.1502
5474,35.1559,0.6982,83.14,12.17,27.36,8.5368,3.4847,12.0215,0.5504,21.8408,0.3023,0.111
5475,35.2309,0.4044,60.39,8.88,65.65,9.5195,2.0656,11.5851,0.3169,36.5551,0.5985,0.0196
5476,21.8153,0.6098,74.98,65.78,19.27,6.0557,3.0284,9.0841,0.4666,19.47,0.4088,0.1908
5477,18.6235,0.3554,39.8,65.36,85.59,4.6444,1.6521,6.2965,0.27,23.3218,0.6579,0.0194
5478,16.2971,0.4092,50.4,10.67,66.69,4.3576,1.9904,6.348,0.3054,20.788,0.6129,0.0207
5479,43.5105,0.3069,53.78,61.59,27.36,10.6708,1.6195,12.2903,0.2372,51.8117,0.6994,0.0158
5480,37.2674,0.3201,62.67,18.85,11.61,9.1515,1.5432,10.6947,0.237,45.1173,0.6997,0.015
5481,19.988,0.3621,25.49,12.82,4.17,4.961,1.365,6.326,0.2598,24.351,0.6705,0.0212
5482,37.6022,0.3962,40.95,63.02,39.49,10.3138,2.095,12.4088,0.3116,39.8252,0.6052,0.0157
5483,27.0718,0.3985,57.02,69.23,37.03,7.3359,1.9283,9.2642,0.3083,30.0446,0.6094,0.0174
5484,33.0858,0.4166,45.57,69.64,56.18,8.9979,2.0794,11.0773,0.3218,34.4252,0.5922,0.0159
5485,29.2585,0.3329,50.45,28.53,55.06,7.4484,1.7057,9.1541,0.2578,35.5114,0.6734,0.0154
5486,31.5177,0.6917,82.94,17.36,70.77,7.7716,3.495,11.2667,0.5472,20.5908,0.3066,0.1142
5487,26.6339,0.6033,67.94,41.67,59.71,7.2481,2.8111,10.0593,0.4695,21.4258,0.4052,0.146
5488,43.6784,0.6614,37.99,78.57,4.81,11.1739,3.4486,14.6225,0.5289,27.645,0.3297,0.0964
5489,40.5265,0.6959,46.19,5.62,23.34,9.8019,3.4682,13.2701,0.558,23.7811,0.2931,0.1005
5490,22.1078,0.6532,86.65,51.09,53.37,5.7467,3.2949,9.0416,0.5123,17.6475,0.3507,0.1811
5491,45.4981,0.3783,47.13,39.67,23.88,12.1377,1.9574,14.0951,0.2922,48.246,0.6297,0.0148
5492,29.2273,0.6892,68.9,7.76,29.13,7.198,3.4286,10.6266,0.5498,19.3291,0.3031,0.1327
5493,19.5988,0.3386,9.72,30.58,48.45,5.1483,1.8095,6.9578,0.2761,25.1983,0.6498,0.0214
5494,40.755,0.4307,8.33,77.87,49.55,11.2678,2.2778,13.5456,0.3347,40.476,0.5757,0.0982
5495,40.8174,0.6555,62.61,58.01,52.96,10.5906,3.3332,13.9237,0.5146,27.0557,0.348,0.0983
5496,35.6392,0.6557,38.19,2.0,3.64,8.9825,3.5536,12.5361,0.5355,23.4101,0.3213,0.1127
5497,29.7971,0.3567,29.19,70.21,21.55,7.6543,1.788,9.4422,0.2643,35.7305,0.665,0.0164
5498,16.8863,0.5545,50.11,19.25,80.63,4.6419,2.5761,7.2181,0.4149,17.398,0.4739,0.2295
5499,39.4026,0.6406,68.89,41.51,62.41,10.3945,3.1418,13.5363,0.5007,27.0343,0.3654,0.0993
5500,18.8144,0.6956,8.21,82.21,0.18,4.8993,3.5801,8.4794,0.5202,16.2995,0.3409,0.2279
5501,44.8534,0.3794,82.93,60.16,57.71,11.9987,1.9687,13.9673,0.2957,47.2313,0.6251,0.0144
5502,30.0202,0.3972,52.25,17.42,5.25,8.0755,2.169,10.2445,0.3007,34.0658,0.619,0.024
5503,28.123,0.349,26.04,63.11,86.72,7.1856,1.6369,8.8224,0.2609,33.8116,0.6694,0.0174
5504,26.6862,0.4911,61.79,83.65,87.07,7.5765,2.4005,9.9771,0.3848,25.9252,0.5124,0.1601
5505,29.6734,0.3833,47.87,4.24,24.05,7.8067,1.9253,9.732,0.2858,34.0535,0.6377,0.018
5506,27.7332,0.3481,38.13,76.96,86.76,7.2017,1.7067,8.9084,0.2691,33.1084,0.659,0.0153
5507,36.374,0.3703,76.95,56.28,10.13,9.4704,1.9459,11.4163,0.2773,41.1722,0.6486,0.0155
5508,42.3099,0.6748,19.95,5.2,44.87,10.6238,3.3924,14.0161,0.5364,26.1322,0.3203,0.0893
5509,25.2814,0.6544,67.29,45.4,60.17,6.6177,3.035,9.6527,0.5094,18.9501,0.3546,0.1472
5510,27.3262,0.6776,26.13,59.67,2.18,6.9173,3.2316,10.1488,0.5356,18.9497,0.3215,0.1475
5511,24.7275,0.5887,72.39,52.51,42.15,6.7827,2.8605,9.6432,0.4622,20.8632,0.4144,0.1672
5512,17.9659,0.3719,47.44,22.87,88.01,4.5682,1.9065,6.4748,0.2909,22.2559,0.6314,0.017
5513,37.2094,0.4328,52.54,10.42,25.06,10.276,2.2382,12.5142,0.3364,37.2056,0.5737,0.1187
5514,32.484,0.4398,45.52,75.34,83.12,8.9672,2.199,11.1662,0.3413,32.7142,0.5676,0.1272
5515,44.4121,0.4177,65.64,58.71,71.61,12.2856,2.1915,14.4771,0.3281,44.1202,0.5842,0.0914
5516,32.1581,0.6018,67.29,32.99,17.46,8.785,3.0308,11.8158,0.4701,25.1358,0.4044,0.1197
5517,36.7352,0.4424,49.84,79.83,58.92,10.2323,2.2577,12.49,0.3466,36.0319,0.5606,0.1211
5518,39.533,0.578,71.79,47.92,74.62,10.8261,2.8803,13.7064,0.4545,30.1543,0.4237,0.1022
5519,27.7016,0.5647,52.13,17.1,8.52,7.6639,2.634,10.2979,0.4402,23.3919,0.4421,0.1483
5520,28.2842,0.4821,11.21,61.75,4.38,7.9447,2.376,10.3207,0.3668,28.1345,0.5353,0.1609
5521,40.8697,0.3394,62.7,26.75,12.45,10.5813,1.7375,12.3189,0.2608,47.2275,0.6695,0.0167
5522,41.0194,0.6671,71.94,53.1,78.51,10.5438,3.365,13.9088,0.5227,26.6108,0.338,0.094
5523,30.5626,0.4055,71.66,3.23,1.13,8.2698,2.1103,10.3801,0.3014,34.4437,0.6183,0.0192
5524,42.1149,0.376,86.84,75.86,2.3,11.1016,2.1483,13.2499,0.2821,46.9684,0.6425,0.0165
5525,42.9587,0.5306,78.22,53.4,72.79,12.0613,2.7695,14.8308,0.4171,35.5596,0.4714,0.0978
5526,34.887,0.3641,69.72,22.3,6.06,9.0781,1.8119,10.8901,0.2709,40.1981,0.6567,0.0179
5527,39.5198,0.3225,45.03,19.98,27.7,9.895,1.6067,11.5016,0.2477,46.4315,0.686,0.0145
5528,28.2519,0.4307,73.67,17.49,13.91,7.7917,2.1583,9.95,0.3289,30.2546,0.5832,0.0181
5529,17.2985,0.461,19.52,23.46,70.28,4.6944,2.379,7.0735,0.3539,19.9876,0.5513,0.2109
5530,31.0735,0.6065,80.31,40.67,45.87,8.3841,3.0526,11.4367,0.473,24.1776,0.401,0.124
5531,25.504,0.454,25.98,83.63,68.8,7.0071,2.3769,9.384,0.351,26.735,0.5554,0.1574
5532,16.5871,0.3606,10.02,34.07,32.77,4.4181,1.8263,6.2445,0.2802,22.2893,0.645,0.0228
5533,44.2532,0.3679,80.43,85.93,75.0,11.708,1.9532,13.6612,0.2825,48.3616,0.642,0.0155
5534,43.5558,0.3566,79.53,75.16,85.06,11.4784,1.8387,13.3171,0.2766,48.1391,0.6496,0.0155
5535,20.2904,0.6011,31.59,18.16,33.83,5.453,3.0009,8.4539,0.4788,17.6558,0.3932,0.1821
5536,40.0816,0.6756,40.08,40.72,3.85,10.1585,3.2317,13.3901,0.5342,25.0662,0.3233,0.1061
5537,23.0885,0.3392,75.23,9.12,50.18,5.8772,1.7383,7.6155,0.2558,29.7657,0.6757,0.0193
5538,15.8801,0.3012,8.46,67.91,1.3,3.7486,1.2003,4.9489,0.2161,22.9046,0.7261,0.0252
5539,26.9309,0.5276,38.34,27.57,9.62,7.5737,2.3656,9.9392,0.4139,24.0129,0.4756,0.1609
5540,44.7327,0.5014,14.09,34.32,55.21,12.6518,2.5908,15.2426,0.3939,38.6994,0.5008,0.0955
5541,24.5734,0.3037,40.13,18.82,34.18,5.9287,1.5135,7.4423,0.2323,32.0348,0.7055,0.0199
5542,46.4783,0.5869,69.57,80.46,85.72,12.7901,2.9608,15.7509,0.4617,34.117,0.4151,0.0855
5543,27.5931,0.3863,42.3,40.57,6.18,7.2267,1.6636,8.8902,0.2809,31.6452,0.6439,0.0183
5544,29.42,0.5827,85.07,39.85,83.1,8.0338,2.9402,10.9741,0.4571,24.0076,0.4209,0.126
5545,27.778,0.6831,3.75,76.95,18.46,7.2683,3.1645,10.4329,0.5177,20.1519,0.344,0.142
5546,21.512,0.396,18.79,23.67,34.28,5.7496,1.7586,7.5082,0.2997,25.0517,0.6202,0.0191
5547,17.8526,0.3215,73.42,52.37,22.71,4.1922,1.5655,5.7577,0.2182,26.3822,0.7235,0.0178
5548,24.5749,0.6994,89.67,41.32,38.68,6.0168,3.4063,9.4231,0.5437,17.3306,0.311,0.1548
5549,36.3885,0.4729,83.94,69.84,50.09,10.2337,2.4818,12.7155,0.3712,34.2596,0.5298,0.1083
5550,24.2149,0.3138,79.77,22.91,8.68,5.814,1.6643,7.4783,0.2335,32.0224,0.7039,0.0181
5551,31.6032,0.5014,5.3,56.6,47.51,8.8137,2.6413,11.455,0.392,29.2227,0.5032,0.1245
5552,18.0974,0.6198,75.23,31.25,68.29,4.8154,3.1142,7.9296,0.4767,16.6344,0.396,0.2147
5553,23.5401,0.6305,40.32,17.54,8.11,6.1454,3.2755,9.4209,0.5017,18.7778,0.3642,0.1852
5554,38.2483,0.3689,45.08,14.46,35.81,10.0798,1.8331,11.9129,0.2853,41.7503,0.6384,0.0158
5555,24.5271,0.4236,86.25,10.41,73.55,6.5331,2.0529,8.586,0.3287,26.1177,0.5833,0.0237
5556,31.7164,0.5542,55.64,50.77,38.92,8.8772,2.7805,11.6578,0.4364,26.7147,0.4469,0.1329
5557,37.2885,0.3559,32.15,12.03,13.15,9.5826,1.7385,11.3211,0.2658,42.5858,0.6629,0.0183
5558,20.9521,0.442,41.55,60.06,26.02,5.8204,2.1864,8.0068,0.3377,23.712,0.572,0.0246
5559,32.3099,0.5267,67.78,5.91,64.33,9.0987,2.5563,11.655,0.416,28.0151,0.4729,0.1261
5560,16.0027,0.4603,78.28,83.6,43.96,4.4836,2.167,6.6507,0.3438,19.3424,0.564,0.0248
5561,20.9912,0.4248,12.37,46.41,56.86,5.8506,2.2092,8.0598,0.3437,23.4527,0.5645,0.0222
5562,31.1291,0.5541,62.0,37.08,16.42,8.7146,2.8294,11.544,0.4327,26.678,0.4518,0.1348
5563,40.9687,0.5296,29.04,52.45,74.77,11.4715,2.7211,14.1926,0.4142,34.2676,0.4753,0.1016
5564,23.2433,0.5001,0.65,52.28,87.14,6.565,2.6259,9.191,0.4025,22.8352,0.4897,0.1794
5565,24.5231,0.3437,30.36,41.0,77.72,6.3061,1.7581,8.0642,0.2658,30.3389,0.6631,0.0171
5566,25.8721,0.6403,86.26,51.09,3.54,6.7918,3.0282,9.82,0.5082,19.322,0.356,0.1584
5567,35.0965,0.4827,52.64,12.14,28.44,9.8715,2.5235,12.3949,0.3735,33.1817,0.5266,0.1181
5568,28.6058,0.6519,48.56,55.41,21.77,7.406,3.2702,10.6762,0.5143,20.7574,0.3484,0.1371
5569,28.0004,0.3571,87.56,25.98,56.47,7.2198,1.7632,8.983,0.2746,32.7181,0.652,0.0162
5570,45.8938,0.5696,28.39,11.96,46.47,12.6442,2.9201,15.5643,0.4478,34.7573,0.4328,0.085
5571,39.6987,0.5503,40.24,84.5,56.9,11.1031,2.7436,13.8468,0.4325,32.0165,0.452,0.1033
5572,23.4375,0.4103,62.01,32.07,53.43,6.4669,2.0546,8.5215,0.3269,26.0651,0.5857,0.0164
5573,17.9964,0.3117,67.02,25.18,6.18,4.338,1.6505,5.9885,0.2321,25.8023,0.705,0.0247
5574,29.8186,0.6452,6.55,5.45,47.17,7.8997,3.1566,11.0564,0.4963,22.2786,0.3712,0.1335
5575,19.9888,0.4576,65.66,43.48,85.25,5.533,2.3306,7.8636,0.3596,21.8678,0.5443,0.2006
5576,35.9999,0.4121,20.25,19.71,2.44,9.828,2.3276,12.1556,0.3083,39.4306,0.6091,0.0191
5577,33.1909,0.3346,30.23,46.25,14.29,8.2876,1.6103,9.8979,0.2461,40.2155,0.688,0.0164
5578,36.7831,0.5643,37.44,52.76,16.81,10.3257,2.8654,13.1911,0.4457,29.5991,0.4354,0.1146
5579,31.8101,0.3336,31.73,61.87,24.36,8.1065,1.673,9.7795,0.253,38.6592,0.6793,0.0166
5580,42.5072,0.4858,46.9,70.02,66.02,11.9759,2.5762,14.5522,0.3773,38.5718,0.5221,0.1
5581,39.0552,0.6084,66.15,11.96,13.26,10.5014,3.105,13.6063,0.4822,28.219,0.3892,0.1063
5582,21.9103,0.3926,15.85,74.2,66.88,5.8518,1.866,7.7178,0.3017,25.5788,0.6177,0.0178
5583,18.4848,0.6538,20.23,78.34,49.33,4.6884,3.3044,7.9928,0.5098,15.6776,0.354,0.2082
5584,26.8067,0.5271,13.18,64.84,56.96,7.5254,2.5716,10.097,0.4128,24.4588,0.477,0.1557
5585,33.1161,0.5042,3.19,42.6,76.86,9.2197,2.6563,11.876,0.395,30.0632,0.4996,0.1184
5586,21.3311,0.3153,19.84,62.03,8.49,5.0715,1.3261,6.3976,0.2255,28.3705,0.7142,0.0175
5587,42.4894,0.5616,50.94,69.03,15.19,11.8569,2.9245,14.7814,0.4436,33.3213,0.4381,0.0906
5588,37.5753,0.3713,16.84,5.78,77.72,9.822,1.9332,11.7551,0.282,41.6858,0.6425,0.0197
5589,17.3436,0.4651,18.92,65.47,21.94,4.8112,2.2804,7.0916,0.3456,20.5187,0.5619,0.2458
5590,37.3825,0.654,53.98,89.31,51.83,9.6544,3.3431,12.9975,0.5183,25.0753,0.3434,0.1016
5591,20.1783,0.5676,40.17,77.4,71.88,5.5918,2.7952,8.387,0.4419,18.9774,0.4401,0.1982
5592,39.8022,0.3497,69.0,86.37,87.42,10.4374,1.8579,12.2953,0.2711,45.353,0.6565,0.0146
5593,18.3273,0.5495,64.78,65.07,60.95,5.1303,2.6716,7.8019,0.4132,18.8804,0.4766,0.2118
5594,27.0519,0.5476,37.4,57.65,76.54,7.5203,2.6554,10.1757,0.4274,23.8077,0.4583,0.1478
5595,42.051,0.4193,48.43,62.3,45.19,11.6339,2.3138,13.9477,0.3267,42.692,0.5859,0.1037
5596,21.883,0.4944,76.52,22.4,84.53,6.1432,2.4135,8.5568,0.3839,22.2918,0.5138,0.1744
5597,37.6176,0.4852,56.7,66.0,47.38,10.6219,2.4697,13.0916,0.3788,34.5597,0.5201,0.1084
5598,24.2954,0.4059,24.22,52.36,69.07,6.5742,2.1123,8.6865,0.3166,27.4393,0.5988,0.0167
5599,31.0625,0.3211,38.51,17.92,17.34,7.6997,1.6314,9.3311,0.241,38.7233,0.6946,0.0152
5600,20.4605,0.6913,44.36,46.17,18.02,5.0032,3.3917,8.3949,0.5544,15.1428,0.2975,0.2086
5601,20.8849,0.5218,47.1,27.62,4.35,5.8222,2.4328,8.255,0.3998,20.6504,0.4936,0.2297
5602,39.1609,0.3392,73.79,23.91,42.26,10.1167,1.7194,11.8361,0.2657,44.5406,0.6632,0.0148
5603,44.3202,0.5406,86.9,79.21,1.49,12.3705,2.7956,15.1661,0.4263,35.5756,0.4599,0.0893
5604,23.5264,0.5674,84.41,35.41,49.76,6.5067,2.8192,9.326,0.4509,20.6841,0.4288,0.1875
5605,46.2115,0.4768,36.06,32.95,54.22,13.004,2.5128,15.5168,0.3733,41.5643,0.527,0.0951
5606,38.43,0.4171,59.48,17.21,69.12,10.5706,2.1072,12.6778,0.3239,39.1362,0.5895,0.1059
5607,45.2204,0.6378,77.78,74.49,1.14,11.8349,3.2023,15.0372,0.5125,29.3424,0.3507,0.096
5608,31.5707,0.4685,40.31,58.93,77.46,8.8911,2.4242,11.3153,0.3661,30.9085,0.5363,0.1431
5609,24.1527,0.4756,31.41,56.88,43.6,6.8042,2.3899,9.1941,0.3751,24.513,0.5247,0.171
5610,16.8797,0.5997,82.97,2.16,61.22,4.5258,3.0063,7.532,0.4752,15.8505,0.3981,0.2566
5611,23.4178,0.6296,86.23,41.38,55.21,6.1943,3.127,9.3214,0.4985,18.6997,0.3683,0.1703
5612,15.7916,0.4879,23.4,5.6,31.14,4.3833,2.4921,6.8754,0.3792,18.1302,0.5192,0.2322
5613,46.5484,0.4261,23.45,43.64,54.39,12.8987,2.29,15.1888,0.3305,45.957,0.5812,0.0891
5614,32.4402,0.5313,87.69,7.41,83.95,8.9985,2.6526,11.6511,0.4182,27.8584,0.4699,0.1283
5615,34.9952,0.6179,45.33,57.19,29.78,9.4205,3.0855,12.506,0.4847,25.8011,0.3857,0.1247
5616,36.1085,0.5736,9.24,61.34,19.43,9.9726,2.9708,12.9433,0.4516,28.661,0.4276,0.1148
5617,24.3648,0.6473,65.94,5.38,29.62,6.2554,3.296,9.5513,0.5251,18.191,0.335,0.1669
5618,16.8171,0.3057,5.68,0.07,34.05,4.0624,1.4792,5.5416,0.2342,23.6662,0.7032,0.0252
5619,40.038,0.6408,33.88,17.07,50.52,10.4926,3.1092,13.6018,0.5028,27.0516,0.3627,0.1043
5620,36.3538,0.354,31.81,21.52,77.44,9.4768,1.9198,11.3966,0.2741,41.5787,0.6527,0.0148
5621,16.7921,0.3338,70.31,3.25,50.39,4.1769,1.6224,5.7993,0.2485,23.3352,0.685,0.019
5622,38.7246,0.5428,3.58,8.82,28.25,10.8785,2.6789,13.5574,0.4201,32.2741,0.4676,0.1158
5623,35.9396,0.5959,72.32,33.05,28.5,9.8497,2.9249,12.7745,0.4664,27.3894,0.4088,0.1082
5624,29.9003,0.3297,71.47,33.54,21.92,7.5114,1.6962,9.2076,0.2561,35.9472,0.6754,0.0153
5625,16.5136,0.5884,72.36,86.01,31.71,4.4515,2.9014,7.3528,0.4586,16.0324,0.4188,0.2586
5626,23.7518,0.5328,73.09,86.59,6.62,6.5942,2.8156,9.4098,0.4132,22.7715,0.4765,0.1687
5627,24.6541,0.695,43.37,36.71,61.53,6.1063,3.2846,9.391,0.5506,17.0551,0.3023,0.1667
5628,23.365,0.4404,73.79,12.87,0.46,6.4647,2.2907,8.7554,0.3336,26.2475,0.5771,0.0219
5629,35.5394,0.4904,21.57,63.93,7.5,10.0022,2.6235,12.6256,0.3788,33.3327,0.52,0.1229
5630,46.732,0.6673,71.27,76.22,37.81,12.0175,3.3815,15.399,0.5261,29.2676,0.3333,0.0853
5631,37.4463,0.557,53.05,8.82,40.2,10.374,2.7805,13.1545,0.4361,30.1632,0.4474,0.1138
5632,18.7892,0.4874,59.96,8.56,39.05,5.2257,2.302,7.5277,0.3766,19.991,0.5228,0.2202
5633,41.3804,0.6116,46.13,6.55,30.81,11.161,3.046,14.207,0.4808,29.5517,0.3909,0.1056
5634,29.1371,0.5027,49.21,44.54,76.16,8.1555,2.5418,10.6973,0.396,27.0161,0.4982,0.1362
5635,37.7556,0.3303,51.73,58.56,85.78,9.529,1.6461,11.1751,0.2485,44.9655,0.6851,0.0145
5636,22.4557,0.6623,7.93,63.91,31.83,5.8767,3.3482,9.2248,0.5097,18.1,0.3541,0.1889
5637,17.9011,0.3247,21.64,65.41,83.52,4.3961,1.482,5.8781,0.2418,24.3117,0.6936,0.0185
5638,25.0646,0.3976,18.07,49.55,37.69,6.8466,1.9325,8.7791,0.3122,28.1197,0.6044,0.0171
5639,17.8608,0.3204,68.36,17.76,80.66,4.3142,1.4756,5.7898,0.2511,23.0572,0.6817,0.0202
5640,43.8352,0.4703,64.81,17.7,12.51,12.3649,2.4715,14.8364,0.368,40.3209,0.5338,0.1021
5641,39.8836,0.3454,17.13,23.94,50.03,10.2887,1.7107,11.9994,0.2659,45.1232,0.6627,0.0155
5642,41.3223,0.4048,42.84,56.17,1.03,11.1828,2.0843,13.267,0.2986,44.4375,0.6218,0.017
5643,45.8117,0.528,75.46,33.46,64.52,12.8481,2.6822,15.5304,0.4133,37.5759,0.4765,0.0906
5644,16.8928,0.6273,51.96,61.23,12.17,4.4782,3.0641,7.5423,0.481,15.6821,0.3906,0.2306
5645,43.8168,0.5834,16.67,81.68,55.25,11.9348,3.014,14.9488,0.4679,31.9505,0.407,0.0959
5646,21.3137,0.3357,75.02,88.11,10.54,5.3544,1.5107,6.8651,0.2568,26.7293,0.6744,0.0171
5647,36.8155,0.5796,65.76,60.62,29.7,10.2046,2.9411,13.1457,0.4528,29.035,0.4263,0.1093
5648,38.6113,0.5364,54.82,74.27,21.92,10.852,2.6562,13.5083,0.4254,31.7576,0.461,0.11
5649,26.9991,0.6825,57.58,49.62,40.09,6.7282,3.2154,9.9436,0.5415,18.3638,0.3137,0.1605
5650,21.7293,0.5613,78.91,23.0,65.79,6.0537,2.7113,8.7649,0.4321,20.2844,0.4524,0.1927
5651,19.2538,0.3405,24.32,45.09,55.89,4.9887,1.7285,6.7172,0.2685,25.0177,0.6596,0.0195
5652,16.0832,0.4628,31.95,68.91,80.2,4.5158,2.0239,6.5396,0.3488,18.7492,0.558,0.0191
5653,33.9138,0.6187,51.12,72.34,88.05,9.0179,3.1452,12.1631,0.4877,24.9402,0.3822,0.1253
5654,19.2426,0.6105,18.42,53.63,47.95,5.125,3.0703,8.1953,0.4864,16.848,0.3838,0.2171
5655,36.3187,0.5543,87.48,28.61,55.52,10.1256,2.8472,12.9728,0.4347,29.8438,0.4491,0.1109
5656,29.0879,0.5494,67.79,77.89,60.46,8.2243,2.8264,11.0507,0.4259,25.9472,0.4602,0.1289
5657,33.8094,0.3643,88.49,20.73,48.18,8.8553,1.8418,10.6971,0.2834,37.7464,0.6409,0.0163
5658,19.931,0.4385,20.87,49.82,35.13,5.6042,2.1742,7.7784,0.3449,22.5535,0.5628,0.0206
5659,20.4915,0.3557,1.68,19.12,60.57,5.3039,1.9061,7.21,0.2762,26.1026,0.6497,0.0244
5660,36.5461,0.5914,45.67,21.46,27.35,10.0278,2.9509,12.9787,0.4648,27.9244,0.4111,0.1147
5661,38.2256,0.4377,61.54,85.87,85.69,10.6836,2.2637,12.9473,0.3438,37.6578,0.5644,0.1034
5662,30.6534,0.3566,58.49,23.03,50.07,7.9948,1.9086,9.9034,0.2786,35.546,0.6469,0.0179
5663,16.3597,0.4666,73.49,47.42,70.72,4.5404,2.2348,6.7753,0.3555,19.0559,0.5495,0.2719
5664,24.1812,0.6529,31.34,69.78,54.48,6.2264,3.1885,9.4149,0.5124,18.3725,0.3507,0.1585
5665,26.9786,0.3274,48.4,83.77,10.2,6.7166,1.5152,8.2318,0.2451,33.5922,0.6895,0.0185
5666,38.6738,0.432,68.53,52.77,18.6,10.7184,2.2312,12.9495,0.3315,39.0585,0.5801,0.1052
5667,42.3269,0.3433,22.05,55.45,13.61,10.7279,1.7599,12.4878,0.2525,49.4499,0.6801,0.0167
5668,37.3425,0.4759,63.37,54.45,77.0,10.5419,2.4359,12.9777,0.3743,34.67,0.5257,0.1129
5669,40.1283,0.6712,24.43,83.22,27.15,10.1383,3.2857,13.424,0.532,25.2341,0.3259,0.1003
5670,24.6139,0.3661,51.24,78.14,18.63,6.3971,1.8046,8.2017,0.2758,29.734,0.6503,0.0168
5671,16.7425,0.5706,15.36,81.5,24.58,4.5872,2.7302,7.3173,0.4182,17.4956,0.47,0.2542
5672,24.0917,0.5615,74.13,69.56,10.18,6.7019,2.867,9.569,0.4355,21.973,0.4482,0.1698
5673,24.408,0.6865,53.91,2.12,21.35,5.8467,3.5533,9.4,0.5663,16.6004,0.2823,0.1731
5674,27.6119,0.4637,36.1,39.87,41.61,7.7379,2.1812,9.9191,0.3563,27.8414,0.5484,0.1524
5675,19.7381,0.4521,60.64,26.85,33.93,5.4927,2.2627,7.7554,0.3495,22.1871,0.557,0.0218
5676,23.2118,0.3557,74.1,72.11,53.25,6.0505,1.845,7.8956,0.2765,28.557,0.6497,0.0166
5677,30.9084,0.5565,46.33,59.86,87.34,8.6891,2.8095,11.4986,0.4362,26.3584,0.4473,0.1361
5678,17.2104,0.4949,55.69,49.0,38.27,4.7844,2.3687,7.1532,0.3657,19.5606,0.5363,0.2065
5679,18.2264,0.6461,75.39,81.67,41.43,4.6769,3.1965,7.8734,0.5012,15.7091,0.3649,0.2223
5680,17.0267,0.3076,72.98,3.03,12.26,3.9918,1.4885,5.4803,0.2036,26.9142,0.7421,0.0385
5681,31.5349,0.3222,81.48,25.64,3.81,7.7546,1.7024,9.4571,0.2391,39.5452,0.6969,0.019
5682,43.6791,0.6524,0.06,42.72,16.38,11.641,3.4188,15.0598,0.5161,29.1771,0.3459,0.1046
5683,46.8384,0.6714,34.02,87.77,81.18,12.0254,3.3393,15.3647,0.5256,29.2306,0.334,0.0906
5684,20.207,0.6997,45.1,0.62,50.88,4.6481,3.3304,7.9785,0.582,13.7084,0.2626,0.2114
5685,36.2793,0.367,80.6,38.02,8.73,9.579,1.9076,11.4866,0.282,40.7295,0.6426,0.0157
5686,27.1456,0.3469,69.29,16.3,74.88,6.9296,1.6579,8.5875,0.2672,32.1351,0.6614,0.0186
5687,35.9366,0.352,84.74,35.01,21.89,9.2759,1.8516,11.1275,0.2716,40.9769,0.6559,0.0168
5688,31.7078,0.6184,58.39,43.07,72.34,8.5134,3.1247,11.6381,0.4875,23.8745,0.3822,0.1315
5689,39.3009,0.3274,10.81,8.73,34.54,9.8652,1.6442,11.5094,0.2537,45.3718,0.6785,0.0171
5690,42.0595,0.5711,5.62,2.26,64.78,11.414,2.9603,14.3743,0.4509,31.8766,0.4286,0.0913
5691,41.2357,0.4313,25.2,44.35,67.78,11.4867,2.2485,13.7352,0.3404,40.3504,0.5687,0.1012
5692,46.552,0.6555,24.3,25.79,71.67,12.0382,3.341,15.3792,0.5167,29.7614,0.3452,0.0876
5693,37.7838,0.3807,18.62,33.31,47.11,10.17,1.9502,12.1202,0.2952,41.0527,0.626,0.0153
5694,17.7286,0.4398,10.98,12.63,13.21,4.7167,2.2933,7.01,0.329,21.3085,0.5831,0.0244
5695,37.6214,0.5382,52.54,17.01,78.32,10.5242,2.6906,13.2148,0.424,31.1658,0.4626,0.1039
5696,27.7378,0.6356,39.74,32.57,85.07,7.2125,2.9756,10.1881,0.5014,20.3194,0.3649,0.131
5697,44.014,0.5522,55.47,15.32,52.64,12.2615,2.8429,15.1044,0.4336,34.8316,0.4504,0.0946
5698,26.4427,0.3515,9.87,29.29,88.45,6.8819,1.5907,8.4725,0.274,30.9207,0.6526,0.0174
5699,23.9839,0.3669,5.06,72.25,81.31,6.49,1.9556,8.4457,0.3102,27.2244,0.6067,0.0208
5700,20.4816,0.6248,49.74,23.07,18.02,5.3992,2.9964,8.3956,0.4947,16.9709,0.3734,0.1985
5701,23.6718,0.3013,54.58,80.06,22.37,5.6342,1.6312,7.2653,0.2272,31.9773,0.712,0.0177
5702,19.2338,0.4545,32.54,59.89,41.59,5.3344,2.1694,7.5038,0.3486,21.5261,0.5581,0.021
5703,20.2176,0.5549,61.26,53.85,74.92,5.5267,2.7351,8.2618,0.4338,19.0447,0.4502,0.1863
5704,26.755,0.5164,73.93,89.37,63.83,7.4828,2.5433,10.0261,0.4045,24.7859,0.4873,0.1482
5705,41.2688,0.3833,16.97,45.01,56.91,11.0981,2.0576,13.1558,0.2935,44.8183,0.628,0.0151
5706,17.6992,0.3137,66.08,7.25,44.05,4.2881,1.4326,5.7208,0.2304,24.8297,0.7078,0.0235
5707,16.0988,0.3371,39.66,52.69,38.07,3.8113,1.2662,5.0775,0.236,21.5158,0.7011,0.0215
5708,33.3581,0.6089,51.03,31.81,83.41,9.0093,3.006,12.0153,0.4755,25.2692,0.3977,0.1178
5709,33.168,0.3393,34.35,21.52,80.54,8.3433,1.7719,10.1152,0.259,39.05,0.6717,0.0172
5710,19.088,0.3358,67.97,53.82,88.82,4.7768,1.6422,6.419,0.2488,25.8028,0.6848,0.0169
5711,43.1422,0.5526,2.88,71.03,7.52,12.043,2.966,15.009,0.4248,35.3292,0.4617,0.1035
5712,30.3854,0.3884,14.59,34.96,79.04,8.0305,2.03,10.0605,0.2961,33.9733,0.6246,0.0177
5713,43.2663,0.5233,13.91,19.02,34.35,12.1404,2.7703,14.9106,0.4109,36.291,0.4794,0.0981
5714,25.0566,0.4384,64.73,30.93,13.73,6.908,2.1424,9.0504,0.341,26.5392,0.5679,0.0202
5715,36.8644,0.4555,89.28,26.62,42.94,10.1959,2.3406,12.5365,0.3529,35.5279,0.5529,0.1121
5716,24.0356,0.6006,70.31,47.59,14.55,6.4265,3.0569,9.4834,0.4819,19.6809,0.3895,0.1548
5717,33.3359,0.6119,3.72,33.07,41.87,9.1696,3.1897,12.3594,0.4664,26.4978,0.409,0.1275
5718,37.2885,0.6021,62.34,32.92,69.3,10.1068,2.9568,13.0637,0.4736,27.5836,0.4,0.1051
5719,20.6418,0.6671,50.07,31.81,40.68,5.352,3.2315,8.5836,0.5186,16.5515,0.3429,0.185
5720,28.0239,0.4217,62.19,78.25,25.99,7.7138,2.1301,9.8439,0.3229,30.4852,0.591,0.0166
5721,22.2674,0.3326,41.51,41.31,35.9,5.4685,1.6932,7.1617,0.2445,29.2856,0.69,0.0184
5722,44.7377,0.6415,34.24,10.25,50.6,11.724,3.2564,14.9804,0.5042,29.7135,0.3613,0.0836
5723,38.1794,0.6941,62.51,24.26,51.87,9.401,3.4307,12.8316,0.546,23.5015,0.3081,0.1136
5724,20.1255,0.3689,73.62,55.91,82.75,5.2676,1.9059,7.1735,0.2784,25.7651,0.6473,0.0162
5725,33.7262,0.637,83.53,82.51,39.28,8.9021,3.0904,11.9925,0.4935,24.2989,0.3746,0.1063
5726,22.1355,0.3117,33.36,59.29,38.63,5.3353,1.5931,6.9283,0.229,30.2595,0.7097,0.016
5727,32.7584,0.4954,54.96,81.58,11.25,9.1887,2.4707,11.6594,0.3897,29.9221,0.5062,0.1367
5728,26.584,0.5907,70.86,60.97,15.1,7.31,2.8471,10.1572,0.4572,22.215,0.4207,0.1597
5729,16.0314,0.5468,63.53,81.77,48.41,4.4951,2.5156,7.0107,0.4184,16.7558,0.4697,0.2614
5730,37.4266,0.6614,87.3,55.69,70.0,9.5262,3.4067,12.933,0.5272,24.5307,0.332,0.1069
5731,26.0922,0.3333,29.38,30.16,38.17,6.4882,1.5663,8.0545,0.249,32.3518,0.6845,0.0181
5732,19.1585,0.4919,14.21,70.11,4.02,5.3073,2.5514,7.8586,0.3803,20.6617,0.5177,0.2214
5733,46.2245,0.4773,23.77,51.62,6.2,12.9966,2.4175,15.4142,0.3682,41.8609,0.5334,0.092
5734,45.2656,0.6824,39.47,55.17,51.71,11.3097,3.4025,14.7123,0.5398,27.2567,0.3161,0.0952
5735,37.285,0.3521,12.71,84.13,25.46,9.6187,1.8386,11.4573,0.2695,42.5053,0.6583,0.0154
5736,26.63,0.5228,16.24,42.54,30.5,7.5617,2.5847,10.1463,0.4069,24.9367,0.4843,0.1581
5737,34.2212,0.4459,46.46,64.37,67.25,9.5488,2.2207,11.7694,0.3452,34.0945,0.5626,0.1228
5738,21.1325,0.6116,7.52,10.62,81.42,5.6607,3.138,8.7987,0.4697,18.7325,0.405,0.1914
5739,30.469,0.672,59.0,80.36,54.65,7.6782,3.4288,11.1069,0.5341,20.7959,0.3233,0.1301
5740,16.8102,0.6265,69.14,50.8,36.37,4.658,3.0708,7.7288,0.4787,16.1464,0.3937,0.2064
5741,23.3917,0.5442,14.42,69.51,72.4,6.5133,2.7077,9.221,0.4197,21.971,0.4683,0.1763
5742,22.9295,0.5356,72.17,58.59,51.32,6.4525,2.6948,9.1473,0.4181,21.8771,0.4703,0.1601
5743,41.0096,0.3744,70.0,78.15,37.62,10.8206,2.0302,12.8508,0.2869,44.7984,0.6364,0.0158
5744,28.1161,0.4605,66.57,32.64,81.1,7.8827,2.2771,10.1598,0.3588,28.3148,0.5454,0.1401
5745,38.7335,0.455,50.05,22.95,7.66,10.8328,2.1452,12.9779,0.3572,36.329,0.5472,0.1126
5746,35.4135,0.6223,3.62,68.84,61.17,9.5047,3.1597,12.6645,0.4781,26.4902,0.394,0.1189
5747,27.7407,0.5762,69.67,83.47,44.63,7.6627,2.7967,10.4595,0.4462,23.4411,0.4348,0.1344
5748,26.3138,0.4988,4.86,20.06,28.95,7.3602,2.2205,9.5807,0.3897,24.5854,0.5059,0.1661
5749,16.6533,0.6117,45.43,29.16,5.48,4.6416,3.0017,7.6433,0.4644,16.4586,0.4116,0.2299
5750,34.1524,0.6931,13.3,8.01,50.26,8.3693,3.4603,11.8296,0.548,21.5862,0.3058,0.1169
5751,17.3358,0.3018,8.98,7.02,80.07,4.1315,1.38,5.5115,0.2365,23.3074,0.6982,0.0238
5752,45.0306,0.6217,33.61,56.37,3.48,12.0815,3.115,15.1965,0.4955,30.6678,0.3721,0.093
5753,35.8952,0.4882,75.85,40.33,76.23,10.0972,2.4693,12.5665,0.387,32.4684,0.5096,0.1175
5754,39.4383,0.4981,35.14,63.73,61.55,11.1223,2.4713,13.5936,0.3867,35.1504,0.5099,0.1003
5755,30.6857,0.5266,31.23,47.38,11.73,8.6617,2.6497,11.3114,0.4079,27.7305,0.4833,0.1423
5756,27.8965,0.6555,41.19,51.11,21.07,7.2198,3.1933,10.4131,0.5174,20.1276,0.3444,0.1528
5757,32.5364,0.582,30.79,4.26,73.35,8.8844,2.864,11.7484,0.4663,25.1945,0.4093,0.1213
5758,22.7693,0.5426,46.74,43.77,20.5,6.3561,2.7215,9.0776,0.4238,21.4212,0.463,0.1882
5759,42.2782,0.4425,30.47,74.43,1.68,11.7301,2.464,14.1941,0.3369,42.1293,0.573,0.0966
5760,45.2645,0.6742,43.8,24.68,58.13,11.6107,3.3836,14.9943,0.5266,28.4749,0.3329,0.0948
5761,18.6711,0.6942,43.16,28.61,66.8,4.6168,3.3988,8.0155,0.548,14.6262,0.3057,0.2137
5762,16.9848,0.4226,86.22,76.23,60.76,4.3735,1.9622,6.3357,0.2878,22.0126,0.6353,0.024
5763,46.2818,0.3408,34.98,28.64,8.61,11.8665,1.7851,13.6516,0.2578,52.9516,0.6734,0.0154
5764,34.556,0.4768,77.56,26.22,3.5,9.6459,2.4412,12.0871,0.3612,33.4679,0.5423,0.1166
5765,23.7024,0.4964,50.71,1.13,66.84,6.5911,2.4567,9.0478,0.3897,23.2166,0.506,0.1854
5766,27.0916,0.5643,74.85,75.41,51.16,7.5268,2.7433,10.27,0.4398,23.3503,0.4427,0.1347
5767,30.5621,0.3698,56.09,52.67,25.89,8.0398,1.9251,9.9649,0.2875,34.6552,0.6355,0.0158
5768,43.561,0.3669,2.35,62.48,18.1,11.717,2.0548,13.7718,0.2948,46.7195,0.6265,0.0172
5769,18.5076,0.3932,78.35,36.46,59.75,4.9032,2.0416,6.9448,0.2959,23.4687,0.625,0.0179
5770,42.4063,0.3352,31.02,82.55,37.31,10.8127,1.8636,12.6763,0.2575,49.2205,0.6736,0.0158
5771,31.6767,0.3198,59.01,81.12,12.01,7.9139,1.6394,9.5533,0.2413,39.5989,0.6942,0.0155
5772,40.4167,0.382,57.17,41.8,87.87,10.8751,1.9827,12.8578,0.2944,43.677,0.6268,0.0161
5773,41.5807,0.5437,17.2,45.51,65.76,11.697,2.7735,14.4705,0.4279,33.8215,0.4577,0.0989
5774,20.2259,0.5092,79.14,11.95,57.11,5.6703,2.4663,8.1366,0.4011,20.2869,0.4917,0.1934
5775,44.8529,0.3197,2.55,7.05,56.95,11.5389,1.8847,13.4237,0.2627,51.1062,0.667,0.0212
5776,28.1613,0.3549,14.32,88.67,34.83,7.2324,1.8022,9.0345,0.2654,34.0464,0.6636,0.0175
5777,23.997,0.4978,61.04,82.81,61.37,6.7948,2.3762,9.1711,0.3855,23.7893,0.5112,0.1721
5778,34.43,0.3544,73.28,35.63,80.19,9.0891,1.8338,10.9228,0.2795,39.0792,0.6458,0.0169
5779,36.6039,0.5854,40.43,5.8,53.71,10.0009,3.0027,13.0036,0.4672,27.835,0.408,0.1093
5780,21.9472,0.6988,0.74,48.84,62.47,5.4072,3.5433,8.9504,0.5539,16.159,0.298,0.2138
5781,33.2033,0.5371,29.44,24.24,57.78,9.3351,2.7791,12.1142,0.4213,28.7566,0.4663,0.1202
5782,40.2636,0.4931,57.42,52.48,40.6,11.4284,2.547,13.9754,0.3858,36.227,0.5111,0.1
5783,43.1574,0.4872,61.71,12.08,82.2,12.0833,2.5353,14.6185,0.3821,38.2619,0.516,0.0976
5784,39.7293,0.5424,74.3,35.28,88.28,11.0299,2.7031,13.733,0.4208,32.632,0.4669,0.0982
5785,19.2168,0.3781,7.75,78.75,0.78,5.0597,2.082,7.1416,0.2982,23.9484,0.6221,0.0226
5786,16.9888,0.3593,37.2,88.13,86.95,4.4256,1.7543,6.18,0.266,23.2336,0.6629,0.0178
5787,18.0575,0.5726,52.89,0.18,42.37,4.9371,2.8178,7.7549,0.467,16.605,0.4086,0.2398
5788,20.4043,0.4541,8.14,24.9,57.09,5.7037,2.3327,8.0364,0.3531,22.7598,0.5521,0.1894
5789,31.0527,0.4297,80.68,16.04,72.08,8.5415,2.2398,10.7812,0.3374,31.9576,0.5725,0.132
5790,25.7446,0.3767,67.96,16.02,77.48,6.7422,1.8819,8.6241,0.2944,29.2982,0.6271,0.0173
5791,20.8227,0.3295,30.38,81.85,83.41,4.9795,1.5093,6.4888,0.2443,26.5622,0.6905,0.0183
5792,29.3527,0.5523,24.78,3.41,0.1,8.3818,3.0498,11.4317,0.4371,26.1514,0.4459,0.1621
5793,44.0813,0.5674,33.69,32.71,17.94,12.3682,2.9359,15.3041,0.4441,34.4647,0.4374,0.0935
5794,36.376,0.3173,69.01,53.11,1.4,8.8585,1.7272,10.5857,0.233,45.4365,0.7049,0.0188
5795,20.9051,0.4652,37.96,69.34,10.44,5.8272,2.1591,7.9863,0.3505,22.7851,0.556,0.1887
5796,35.562,0.3832,6.16,0.83,24.68,9.4221,1.9849,11.407,0.2935,38.8667,0.628,0.0209
5797,40.7283,0.3215,68.17,41.45,61.19,10.2315,1.6891,11.9206,0.2477,48.1276,0.6861,0.0171
5798,17.9735,0.3665,42.48,54.26,16.76,4.6411,1.872,6.5131,0.2695,24.1717,0.6585,0.0184
5799,36.6698,0.4347,77.33,55.85,58.89,10.1484,2.2563,12.4047,0.3371,36.802,0.5729,0.1093
5800,43.7015,0.6544,75.24,21.28,52.48,11.3618,3.3098,14.6716,0.5151,28.4802,0.3474,0.0889
5801,23.8207,0.6156,54.87,26.62,55.62,6.3699,2.9983,9.3682,0.4818,19.4429,0.3895,0.1704
5802,22.1678,0.3618,14.16,57.5,33.52,5.9983,1.8724,7.8706,0.2841,27.7068,0.64,0.0206
5803,38.5036,0.534,78.56,81.45,46.48,10.7336,2.7747,13.5083,0.42,32.1623,0.4678,0.1055
5804,34.2313,0.3048,77.63,42.87,31.58,8.3687,1.4962,9.8649,0.2334,42.2698,0.7042,0.0176
5805,21.8375,0.4496,1.34,54.82,31.77,6.0814,2.5052,8.5866,0.3635,23.6209,0.5393,0.226
5806,44.3608,0.443,18.49,31.77,78.05,12.3407,2.3796,14.7202,0.3464,42.4989,0.5612,0.0921
5807,33.3488,0.4341,58.61,83.51,45.89,9.2465,2.2449,11.4913,0.3385,33.9466,0.5711,0.1267
5808,34.8978,0.4561,86.47,19.73,17.44,9.7668,2.335,12.1018,0.3544,34.1512,0.5511,0.1174
5809,38.8431,0.4864,27.26,29.68,59.44,10.9001,2.4047,13.3048,0.3827,34.7663,0.5149,0.1133
5810,37.3972,0.6579,4.53,69.66,10.22,9.8126,3.1814,12.994,0.5098,25.4878,0.3543,0.1272
5811,15.9927,0.6198,48.73,40.41,51.12,4.3924,2.9534,7.3458,0.4783,15.3588,0.3939,0.2304
5812,31.6651,0.3961,0.42,42.96,58.8,8.6938,2.1938,10.8877,0.3066,35.5163,0.6116,0.0183
5813,44.7554,0.6838,15.48,85.58,14.49,11.0167,3.4218,14.4385,0.5502,26.2419,0.3029,0.0861
5814,40.7324,0.5352,20.52,43.43,46.15,11.5604,2.6957,14.2561,0.4163,34.2435,0.4724,0.1018
5815,34.4349,0.6125,84.16,31.59,47.57,9.2418,3.0735,12.3153,0.478,25.7628,0.3944,0.1241
5816,21.5636,0.6427,89.03,57.21,66.67,5.745,3.1103,8.8553,0.4975,17.7998,0.3695,0.1591
5817,17.2277,0.5551,74.41,29.93,46.44,4.6827,2.7857,7.4684,0.435,17.1673,0.4487,0.2417
5818,32.9098,0.3559,10.17,39.23,30.85,8.6176,1.8452,10.4627,0.276,37.9151,0.6502,0.0195
5819,35.2545,0.4084,48.29,52.22,44.47,9.6178,2.1681,11.7859,0.3177,37.1013,0.5975,0.017
5820,18.6352,0.5062,33.14,29.03,79.35,5.1497,2.5154,7.6651,0.393,19.502,0.5021,0.1964
5821,16.479,0.3324,44.18,72.25,51.87,4.0317,1.5786,5.6103,0.2445,22.9469,0.6901,0.0177
5822,24.1902,0.4164,64.41,46.52,21.5,6.6118,2.0557,8.6675,0.3246,26.6997,0.5887,0.0186
5823,34.3937,0.3427,11.41,31.31,44.87,8.9999,1.8065,10.8064,0.2698,40.0544,0.6579,0.0167
5824,31.5752,0.3318,23.57,47.14,74.95,8.0594,1.8044,9.8639,0.2558,38.5648,0.6757,0.0178
5825,25.2478,0.59,9.59,61.64,35.47,6.8685,2.8604,9.7289,0.4623,21.0469,0.414,0.1752
5826,45.6387,0.3528,82.55,61.8,5.35,11.6402,1.6222,13.2623,0.2602,50.9656,0.6702,0.0145
5827,23.7293,0.3081,1.11,72.5,89.17,5.9386,1.5823,7.5209,0.2516,29.8937,0.6809,0.0199
5828,28.5461,0.3838,68.3,38.16,84.8,7.6901,1.9568,9.6469,0.3017,31.971,0.6176,0.0156
5829,22.3145,0.5906,61.5,27.04,39.21,6.1345,2.8948,9.0293,0.4605,19.6078,0.4166,0.1816
5830,39.1438,0.3333,49.1,41.08,13.39,9.9813,1.6338,11.6151,0.2542,45.6878,0.6779,0.0145
5831,17.031,0.457,51.39,31.38,57.99,4.7103,2.2293,6.9396,0.3433,20.2136,0.5649,0.0219
5832,37.1225,0.5024,72.99,34.95,23.85,10.466,2.5344,13.0005,0.3935,33.0373,0.5012,0.1141
5833,21.5555,0.372,33.06,13.81,1.23,5.554,1.6408,7.1948,0.2691,26.7363,0.659,0.0201
5834,28.6904,0.6831,71.92,27.32,39.27,7.201,3.3102,10.5112,0.5329,19.7252,0.3251,0.1402
5835,25.2839,0.38,84.61,84.98,69.07,6.6304,1.9623,8.5926,0.2925,29.3812,0.6294,0.0186
5836,31.096,0.5522,49.84,51.94,27.12,8.752,2.804,11.5561,0.4319,26.7553,0.4527,0.144
5837,24.3537,0.4131,50.7,26.73,36.1,6.5448,2.0302,8.575,0.3224,26.5993,0.5914,0.0208
5838,38.4271,0.4967,80.62,21.94,61.17,10.756,2.4166,13.1726,0.3896,33.8117,0.5065,0.1108
5839,23.4683,0.3203,58.47,71.83,44.58,5.8609,1.5824,7.4433,0.2447,30.4131,0.6898,0.0163
5840,35.7497,0.5373,66.88,55.28,10.41,10.1018,2.8151,12.9169,0.4173,30.9514,0.4713,0.1183
5841,44.0178,0.4219,85.87,73.14,64.6,12.1851,2.2008,14.3859,0.3269,44.0118,0.5859,0.0862
5842,17.9405,0.6235,50.99,69.0,56.23,4.8516,3.0152,7.8668,0.4709,16.7044,0.4033,0.1993
5843,19.4628,0.4798,27.47,79.35,18.29,5.4018,2.3713,7.7731,0.3714,20.9281,0.5293,0.2174
5844,33.1667,0.6802,1.75,85.84,3.83,8.5914,3.3758,11.9672,0.5204,22.9959,0.3406,0.1367
5845,18.027,0.5925,80.31,76.14,66.25,5.0389,3.022,8.0609,0.4462,18.0662,0.4348,0.242
5846,46.2776,0.643,86.89,45.81,66.63,12.0601,3.306,15.3661,0.5109,30.0739,0.3527,0.0909
5847,16.9411,0.364,85.46,88.17,37.54,4.357,1.9179,6.2749,0.2708,23.1695,0.6568,0.0174
5848,26.2347,0.6082,21.43,76.18,25.91,7.0562,3.0439,10.1001,0.4815,20.9778,0.39,0.1544
5849,30.8633,0.489,18.71,71.93,81.42,8.6342,2.4491,11.0833,0.3838,28.8776,0.5137,0.132
5850,24.8281,0.3591,55.25,31.42,68.38,6.5868,1.7988,8.3856,0.2896,28.9533,0.633,0.0169
5851,21.7452,0.6455,86.95,62.0,61.53,5.8596,3.1477,9.0073,0.4924,18.293,0.3764,0.18
5852,40.2995,0.4253,31.89,63.45,35.98,11.1039,2.1354,13.2393,0.3289,40.248,0.5832,0.1046
5853,41.9153,0.4099,10.0,3.22,9.45,11.3699,2.11,13.4799,0.3021,44.6226,0.6172,0.02
5854,32.6243,0.3363,72.3,25.27,46.25,8.3428,1.7948,10.1376,0.2651,38.2354,0.664,0.0155
5855,38.7472,0.5332,66.53,3.49,53.26,10.9316,2.8051,13.7366,0.4218,32.5668,0.4655,0.1103
5856,38.9883,0.4218,36.09,36.96,62.38,10.7871,2.0954,12.8825,0.332,38.803,0.5792,0.1025
5857,25.9758,0.4204,62.34,27.84,84.9,7.113,2.0039,9.1169,0.3269,27.8876,0.5856,0.0174
5858,43.8851,0.6391,39.0,19.58,89.66,11.4099,3.3156,14.7255,0.5048,29.1687,0.3604,0.0959
5859,36.0044,0.5875,40.2,57.55,47.07,9.8493,3.0529,12.9022,0.4656,27.7098,0.41,0.1224
5860,43.7744,0.641,89.78,76.28,48.08,11.5002,3.2404,14.7406,0.5039,29.2528,0.3613,0.0915
5861,20.4534,0.4712,44.72,54.72,52.78,5.6746,2.3382,8.0128,0.3656,21.914,0.5366,0.1895
5862,38.0326,0.5683,20.16,85.89,72.62,10.5015,2.8857,13.3872,0.4507,29.7015,0.4289,0.1065
5863,35.4173,0.3969,18.6,76.58,18.75,9.6131,2.0639,11.6769,0.3012,38.7702,0.6184,0.0193
5864,24.7883,0.6707,52.95,43.69,85.81,6.253,3.2258,9.4788,0.534,17.7509,0.3234,0.1513
5865,35.285,0.6356,69.83,1.57,10.12,9.2535,3.299,12.5525,0.5162,24.3192,0.3461,0.1234
5866,19.566,0.3491,3.04,53.25,33.79,5.1755,2.0351,7.2106,0.2781,25.9271,0.6475,0.0232
5867,46.5493,0.3509,10.01,23.01,88.94,11.9769,1.9042,13.8811,0.2686,51.6708,0.6596,0.0162
5868,17.8481,0.5492,72.77,54.26,18.3,5.069,2.8965,7.9655,0.4179,19.0586,0.4706,0.2184
5869,35.8723,0.3798,34.93,22.31,44.63,9.6497,2.1019,11.7517,0.3002,39.1509,0.6196,0.0157
5870,36.1297,0.5922,25.09,11.19,2.97,9.976,3.2093,13.1853,0.4665,28.2672,0.4089,0.1048
5871,35.8849,0.6697,82.11,44.79,75.98,8.9773,3.3686,12.3459,0.5339,23.1258,0.3235,0.114
5872,22.9386,0.558,34.9,71.4,33.67,6.4142,2.7903,9.2045,0.4371,21.0568,0.4461,0.1758
5873,34.2382,0.4111,22.62,50.61,41.02,9.3849,2.0821,11.467,0.3173,36.1414,0.598,0.0164
5874,18.9624,0.4395,78.61,30.42,2.22,5.2419,2.1326,7.3745,0.3334,22.1211,0.5775,0.0192
5875,18.8372,0.395,0.13,75.1,66.14,4.9052,2.0614,6.9666,0.2824,24.666,0.642,0.0187
5876,30.135,0.3654,85.34,46.16,13.21,7.8147,1.9213,9.736,0.2752,35.3731,0.6513,0.0159
5877,35.907,0.6166,3.5,27.6,82.4,9.759,3.046,12.805,0.4724,27.1077,0.4011,0.1244
5878,46.2112,0.4533,86.27,52.51,52.61,12.8623,2.2847,15.1471,0.3486,43.4496,0.5582,0.0846
5879,28.5543,0.6365,25.64,28.84,56.32,7.5518,3.1109,10.6627,0.4991,21.3628,0.3673,0.1326
5880,23.9785,0.5488,39.86,20.96,53.6,6.5823,2.7405,9.3228,0.4342,21.4708,0.4499,0.1645
5881,29.0473,0.4845,61.36,9.98,63.99,8.1068,2.5141,10.6209,0.3782,28.0838,0.5208,0.1435
5882,46.352,0.5138,75.58,35.39,11.44,13.1151,2.6713,15.7864,0.4007,39.3927,0.4921,0.0889
5883,25.2943,0.6544,34.19,68.51,40.81,6.4021,3.2548,9.6568,0.526,18.3581,0.3337,0.17
5884,38.1268,0.6011,43.48,69.28,83.82,10.442,3.0007,13.4428,0.4745,28.3323,0.399,0.1017
5885,15.8049,0.3188,29.6,72.33,22.48,3.6749,1.2223,4.8971,0.2173,22.5343,0.7244,0.0215
5886,28.5704,0.6446,18.91,12.8,77.49,7.4528,3.1408,10.5936,0.5021,21.0996,0.3637,0.1322
5887,45.3518,0.4594,24.37,85.27,81.4,12.7555,2.3428,15.0983,0.3604,41.8905,0.5432,0.0919
5888,39.5258,0.6094,23.77,18.36,49.87,10.6001,2.9837,13.5838,0.4836,28.087,0.3872,0.1017
5889,34.01,0.5997,6.21,57.3,53.7,9.3526,3.087,12.4397,0.4619,26.9297,0.4147,0.1299
5890,38.0819,0.6019,43.13,87.69,86.41,10.3766,2.989,13.3656,0.4737,28.2177,0.3998,0.1072
5891,42.3303,0.4697,51.46,45.0,76.21,11.9113,2.5121,14.4234,0.366,39.4089,0.5363,0.0995
5892,24.2059,0.6346,78.28,38.84,86.41,6.3416,3.0902,9.4317,0.5066,18.6179,0.3582,0.146
5893,19.0983,0.4752,86.41,59.44,87.03,5.3068,2.3655,7.6723,0.3746,20.4828,0.5255,0.2091
5894,30.8683,0.6773,59.76,54.58,43.36,7.8146,3.3411,11.1557,0.5311,21.0046,0.327,0.1245
5895,19.3757,0.5235,51.13,20.75,34.37,5.3813,2.6031,7.9844,0.4072,19.6091,0.4839,0.2147
5896,20.4982,0.4333,75.75,34.43,35.87,5.7131,2.1296,7.8428,0.3405,23.0328,0.5682,0.0183
5897,33.4288,0.6487,68.04,79.46,50.62,8.6424,3.2202,11.8626,0.5124,23.1494,0.3508,0.1213
5898,36.6346,0.6395,75.94,23.4,74.28,9.5399,3.1891,12.729,0.5053,25.1896,0.3597,0.1161
5899,42.4279,0.344,71.22,20.43,83.59,11.0094,1.8535,12.8629,0.2692,47.7833,0.659,0.0154
5900,42.6294,0.3465,32.8,38.93,21.57,10.9584,1.8041,12.7624,0.2654,48.0792,0.6636,0.0149
5901,25.9224,0.6763,38.49,11.38,80.3,6.4911,3.2519,9.743,0.5299,18.3873,0.3284,0.147
5902,39.912,0.5967,9.05,43.28,16.32,11.0343,3.0693,14.1036,0.4683,30.1178,0.4068,0.1148
5903,34.6961,0.5704,71.5,17.68,54.76,9.5544,2.8753,12.4297,0.4491,27.6759,0.431,0.1197
5904,34.7381,0.4946,37.51,42.1,0.55,9.783,2.5931,12.3761,0.3738,33.1125,0.5265,0.1237
5905,28.8691,0.6624,1.17,7.07,86.91,7.5177,3.1473,10.6649,0.5132,20.7817,0.3498,0.1525
5906,31.7321,0.4139,19.13,45.9,77.78,8.7328,2.1205,10.8532,0.3238,33.5217,0.5897,0.0176
5907,20.3175,0.3747,59.0,14.54,22.94,5.3565,1.7512,7.1077,0.2827,25.145,0.6418,0.0183
5908,21.3395,0.656,11.5,6.13,87.75,5.525,3.2216,8.7466,0.5084,17.2052,0.3559,0.1736
5909,35.1384,0.5074,78.06,75.23,81.36,9.8712,2.5048,12.3759,0.398,31.0923,0.4958,0.1161
5910,16.1598,0.6134,72.67,5.47,33.14,4.2092,3.1824,7.3915,0.5031,14.6921,0.3627,0.2049
5911,41.1393,0.5886,1.92,21.38,26.47,11.5209,2.8814,14.4023,0.448,32.1454,0.4323,0.1119
5912,37.3468,0.4235,53.4,27.42,53.12,10.3816,2.1887,12.5703,0.3366,37.3426,0.5735,0.1092
5913,41.792,0.5957,48.32,32.66,72.04,11.488,3.0396,14.5276,0.4647,31.2599,0.4111,0.1007
5914,36.9418,0.6592,38.9,15.01,20.95,9.4603,3.3443,12.8045,0.5255,24.3643,0.3341,0.1135
5915,22.7945,0.622,18.34,1.08,42.65,6.1256,3.1242,9.2498,0.4919,18.8036,0.3768,0.1774
5916,19.1182,0.4833,43.97,69.53,44.8,5.2969,2.3549,7.6518,0.3654,20.9384,0.5368,0.1991
5917,33.8527,0.3582,69.8,2.81,2.6,8.4526,1.2943,9.7469,0.2421,40.2586,0.6932,0.0201
5918,25.0825,0.438,87.8,20.35,22.6,6.8987,2.1195,9.0183,0.3398,26.5392,0.5694,0.018
5919,24.1002,0.3779,7.94,74.26,12.98,6.3854,1.806,8.1914,0.3039,26.9533,0.6146,0.0204
5920,20.8661,0.3655,57.43,29.4,72.99,5.5193,1.7804,7.2997,0.2846,25.6478,0.6393,0.017
5921,22.5413,0.4742,81.68,12.55,13.81,6.2372,2.2254,8.4626,0.3612,23.4303,0.5422,0.1752
5922,32.5268,0.3321,54.81,60.47,21.73,8.308,1.6773,9.9853,0.2564,38.9474,0.6751,0.0155
5923,46.3746,0.567,89.74,8.99,44.36,12.7774,2.8563,15.6337,0.444,35.2102,0.4374,0.0776
5924,42.367,0.4226,38.53,5.82,53.82,11.7,2.2823,13.9823,0.3316,42.1721,0.5799,0.1082
5925,19.2534,0.4527,79.27,78.7,60.39,5.3412,2.3451,7.6862,0.3337,23.0364,0.5771,0.021
5926,36.2482,0.5336,3.24,64.96,62.34,10.0445,2.7709,12.8154,0.4187,30.6105,0.4692,0.1177
5927,45.298,0.3656,20.38,9.99,47.03,11.8784,1.967,13.8454,0.2814,49.197,0.6434,0.0182
5928,18.9263,0.5226,63.03,51.99,24.16,5.3736,2.6427,8.0163,0.3995,20.0666,0.4939,0.2021
5929,33.4939,0.4211,28.9,13.0,7.55,9.1321,2.0231,11.1553,0.3148,35.4407,0.6011,0.02
5930,42.7315,0.6001,51.82,62.53,45.29,11.7388,3.1495,14.8883,0.4717,31.5606,0.4022,0.0932
5931,16.6464,0.4929,57.79,89.26,33.07,4.7071,2.3914,7.0984,0.3691,19.2332,0.5326,0.2526
5932,46.7873,0.5544,36.82,35.82,42.37,13.1081,2.8561,15.9642,0.4338,36.8036,0.4503,0.0945
5933,36.4294,0.4709,20.65,82.09,64.71,10.2041,2.4831,12.6873,0.3684,34.4388,0.5331,0.1152
5934,37.696,0.4791,71.29,13.64,50.57,10.5093,2.407,12.9163,0.3751,34.4326,0.5248,0.1011
5935,31.3886,0.4985,11.24,3.17,48.05,8.7404,2.3505,11.091,0.3978,27.8779,0.4959,0.1363
5936,23.3828,0.6334,21.69,3.12,13.26,6.1811,3.3311,9.5122,0.5116,18.5937,0.3517,0.1837
5937,34.4986,0.6178,7.64,84.72,43.75,9.2644,3.1434,12.4079,0.4817,25.7604,0.3895,0.1186
5938,33.8106,0.3607,29.22,59.97,22.79,8.8355,1.8749,10.7104,0.2738,39.1132,0.6528,0.0159
5939,42.1973,0.4441,4.41,75.17,4.73,11.6758,2.4813,14.157,0.3435,41.2183,0.5649,0.1032
5940,37.0664,0.3769,28.23,34.4,43.4,9.9473,2.0163,11.9635,0.2947,40.5947,0.6265,0.0171
5941,37.8828,0.645,80.8,44.87,68.6,9.8061,3.1583,12.9644,0.512,25.3212,0.3512,0.103
5942,27.7319,0.3662,51.67,38.22,38.76,7.2338,1.7935,9.0273,0.2804,32.1959,0.6448,0.0183
5943,23.6689,0.6091,21.32,77.06,31.12,6.3625,3.0394,9.4019,0.4771,19.7062,0.3954,0.1733
5944,18.1209,0.3694,72.04,51.02,38.37,4.6396,1.8116,6.4511,0.271,23.8028,0.6566,0.0187
5945,25.476,0.3016,49.22,6.87,19.31,6.0069,1.449,7.4558,0.2107,35.3792,0.7329,0.017
5946,32.6242,0.4235,16.06,85.15,20.45,9.0182,2.0784,11.0966,0.3287,33.764,0.5836,0.0165
5947,25.8105,0.3113,81.1,62.3,0.79,6.2131,1.4073,7.6204,0.2281,33.4059,0.7109,0.0185
5948,40.549,0.3984,47.17,2.37,29.07,10.836,2.0104,12.8464,0.2984,43.0548,0.6218,0.0155
5949,27.8386,0.5365,18.85,80.63,42.46,7.7312,2.6294,10.3606,0.4177,24.8017,0.4707,0.1452
5950,42.5584,0.4206,66.59,89.62,39.85,11.6582,2.3028,13.961,0.3245,43.0206,0.5887,0.0895
5951,17.2257,0.5485,18.35,86.73,63.1,4.8021,2.7784,7.5805,0.4139,18.3132,0.4755,0.2479
5952,31.6196,0.4801,53.54,42.72,73.57,8.8593,2.4469,11.3062,0.3799,29.7581,0.5186,0.1316
5953,34.7522,0.3472,64.93,78.0,41.14,8.9364,1.7788,10.7153,0.2646,40.4951,0.6646,0.0158
5954,15.7507,0.6592,67.37,43.59,34.89,4.1735,3.1214,7.2949,0.5203,14.0194,0.3405,0.2728
5955,18.0851,0.5502,25.12,47.45,49.83,4.9398,2.7406,7.6805,0.4323,17.7647,0.4522,0.2235
5956,40.8302,0.3284,6.45,26.23,17.82,10.4445,1.6268,12.0713,0.2549,47.3573,0.6769,0.0192
5957,39.3771,0.6446,23.52,53.46,71.83,10.2267,3.148,13.3746,0.5146,25.9894,0.3479,0.1075
5958,38.8365,0.3742,75.85,79.67,27.59,10.2659,1.9214,12.1873,0.2872,42.4361,0.6362,0.0163
5959,30.3978,0.5323,1.58,81.12,79.48,8.5179,2.7513,11.2692,0.4081,27.6112,0.4829,0.1364
5960,42.1427,0.5497,5.99,78.97,56.96,11.7384,2.8207,14.559,0.4305,33.8176,0.4543,0.0927
5961,44.7327,0.4249,79.26,82.89,9.91,12.2605,2.104,14.3645,0.3245,44.2689,0.5888,0.0858
5962,33.3876,0.5007,23.84,12.13,13.93,9.3984,2.443,11.8413,0.3888,30.4577,0.5072,0.1207
5963,18.1016,0.4271,87.6,14.56,32.41,4.9974,2.1726,7.17,0.3372,21.2652,0.5727,0.0194
5964,42.1606,0.4403,2.43,70.68,49.09,11.6559,2.3372,13.9931,0.344,40.6729,0.564,0.0889
5965,38.8084,0.5584,1.78,17.15,77.01,10.6158,2.5749,13.1907,0.4333,30.4438,0.4509,0.1067
5966,38.5453,0.3047,5.9,63.98,35.21,9.6971,1.4834,11.1805,0.2467,45.3261,0.6873,0.0168
5967,23.8729,0.4536,50.76,71.08,32.8,6.5212,2.271,8.7923,0.3482,25.2494,0.5587,0.1672
5968,32.0519,0.662,3.3,81.46,79.51,8.4562,3.2985,11.7547,0.5011,23.4593,0.3652,0.1325
5969,25.3669,0.5414,89.52,60.19,17.05,7.0615,2.6213,9.6828,0.4258,22.7406,0.4606,0.1585
5970,45.1654,0.6854,78.22,50.61,7.56,11.1183,3.477,14.5953,0.5517,26.4538,0.3008,0.0851
5971,45.1448,0.6013,20.72,87.92,21.59,12.2584,3.0131,15.2715,0.4743,32.1987,0.3989,0.0868
5972,35.5845,0.4339,54.47,62.66,15.13,9.8679,2.2633,12.1312,0.335,36.2177,0.5758,0.121
5973,40.0456,0.4275,26.25,7.09,56.8,11.0187,2.192,13.2108,0.3331,39.6606,0.5777,0.1112
5974,40.4378,0.6084,54.24,53.13,34.05,10.9556,3.0891,14.0447,0.4801,29.2558,0.3918,0.0991
5975,19.4591,0.4558,17.78,27.61,6.74,5.468,2.1027,7.5707,0.3485,21.7241,0.5584,0.0221
5976,16.8869,0.5616,11.69,49.97,52.38,4.6724,2.7512,7.4236,0.4195,17.6979,0.4683,0.259
5977,39.6212,0.3111,53.21,35.66,73.49,9.8943,1.5305,11.4248,0.2458,46.4717,0.6883,0.0147
5978,40.0589,0.4161,34.59,84.58,59.53,10.9822,2.1387,13.1209,0.3223,40.7141,0.5917,0.1015
5979,29.2508,0.5641,71.37,3.96,39.01,8.0865,2.8567,10.9432,0.4513,24.2474,0.4282,0.1239
5980,21.84,0.324,61.75,29.95,44.35,5.4091,1.5231,6.9322,0.2451,28.2819,0.6892,0.0171
5981,36.2463,0.4495,9.43,79.02,82.8,10.0412,2.3303,12.3714,0.3513,35.2162,0.5548,0.1213
5982,43.2009,0.577,22.47,30.06,85.25,11.8817,3.014,14.8956,0.4545,32.7737,0.4242,0.0937
5983,31.9601,0.3861,52.98,42.6,39.81,8.5324,2.0457,10.5781,0.2974,35.5725,0.6233,0.0156
5984,31.217,0.4877,77.15,55.73,88.49,8.7394,2.4787,11.218,0.385,29.1341,0.5122,0.1298
5985,38.2279,0.6501,64.5,10.96,82.13,9.966,3.2236,13.1896,0.5078,25.9734,0.3567,0.1042
5986,45.3191,0.6557,14.23,51.48,21.26,11.6596,3.3283,14.9879,0.526,28.4936,0.3335,0.0886
5987,38.4294,0.3668,40.55,71.69,27.85,10.2141,1.8852,12.0993,0.2861,42.2918,0.6373,0.0154
5988,39.8857,0.3317,87.53,88.11,54.55,9.9629,1.7453,11.7081,0.2473,47.3476,0.6866,0.0142
5989,41.4161,0.6524,84.02,79.74,53.22,10.596,3.4031,13.9991,0.5213,26.8518,0.3394,0.093
5990,19.4436,0.4044,71.29,23.33,6.73,5.3184,1.8905,7.2088,0.3136,22.9845,0.6026,0.017
5991,26.6102,0.5305,77.62,54.54,14.5,7.4037,2.458,9.8617,0.413,23.8811,0.4767,0.1389
5992,29.6067,0.5218,40.98,30.62,67.86,8.2133,2.678,10.8914,0.4086,26.6526,0.4822,0.1212
5993,40.6132,0.5805,39.7,26.13,60.21,11.2161,2.8248,14.0409,0.453,30.995,0.4259,0.1056
5994,41.4676,0.4725,60.43,35.11,68.2,11.6483,2.4906,14.1388,0.3727,37.9411,0.5279,0.1014
5995,22.8897,0.6207,78.5,86.41,14.57,6.1788,2.9856,9.1644,0.4752,19.2867,0.398,0.1568
5996,30.6926,0.4054,29.82,86.27,64.62,8.2957,2.0771,10.3728,0.3063,33.8648,0.612,0.0167
5997,40.8504,0.5651,52.38,52.45,54.46,11.3805,2.867,14.2474,0.4434,32.1322,0.4381,0.1051
5998,44.1931,0.5073,22.35,62.99,72.3,12.46,2.6265,15.0865,0.3996,37.7535,0.4936,0.094
5999,36.823,0.4583,40.86,71.52,77.73,10.2897,2.3676,12.6574,0.3572,35.4316,0.5474,0.1132
6000,28.0851,0.6157,9.51,80.37,4.63,7.5967,3.0477,10.6444,0.472,22.5511,0.4019,0.159
6001,38.8787,0.4137,54.35,31.37,40.62,10.7377,2.0924,12.8301,0.3235,39.6641,0.5902,0.0153
6002,33.0033,0.6506,75.89,77.05,34.69,8.5666,3.152,11.7186,0.5099,22.9803,0.3539,0.1163
6003,26.3705,0.6005,30.38,43.85,7.31,7.2347,2.7848,10.0195,0.4721,21.2245,0.4015,0.1521
6004,24.2842,0.5455,72.89,0.67,9.0,6.8231,2.9259,9.749,0.4312,22.6088,0.4536,0.1717
6005,43.5643,0.6529,12.01,36.6,26.23,11.2821,3.3843,14.6664,0.5198,28.2149,0.341,0.1011
6006,24.0781,0.6211,11.53,54.54,47.09,6.3268,3.0348,9.3616,0.4944,18.9367,0.3736,0.181
6007,37.9457,0.3492,80.38,87.59,88.96,9.8067,1.7573,11.5639,0.2671,43.3024,0.6615,0.0168
6008,45.6103,0.3503,43.72,52.34,35.72,11.9297,1.8883,13.818,0.2719,50.827,0.6555,0.0139
6009,31.4516,0.3271,1.7,17.34,70.84,8.0013,1.8447,9.8459,0.262,37.5848,0.6679,0.024
6010,42.4208,0.6153,34.79,79.9,57.22,11.354,3.2015,14.5556,0.4897,29.7261,0.3793,0.1001
6011,36.2476,0.4209,25.49,80.73,13.0,9.9862,2.1826,12.1688,0.3224,37.7451,0.5913,0.0165
6012,20.9725,0.3387,26.98,89.76,33.13,5.2155,1.5297,6.7452,0.2509,26.885,0.682,0.0192
6013,21.9576,0.6762,80.83,7.24,33.97,5.3609,3.3123,8.6732,0.5425,15.9885,0.3128,0.1927
6014,34.2051,0.6603,61.9,36.3,23.4,8.8971,3.2868,12.1839,0.5186,23.4927,0.343,0.1192
6015,22.3762,0.6579,43.97,55.17,19.22,5.7584,3.2612,9.0196,0.5222,17.2711,0.3384,0.1804
6016,41.367,0.5335,2.14,77.33,19.74,11.6791,2.6899,14.369,0.4136,34.7423,0.4757,0.112
6017,40.9495,0.4192,86.94,2.8,81.51,11.266,2.2108,13.4768,0.3214,41.9346,0.5927,0.1056
6018,27.5279,0.4506,44.67,37.74,24.01,7.6949,2.1686,9.8634,0.3467,28.4499,0.5609,0.152
6019,30.9287,0.5458,78.44,7.75,73.2,8.5649,2.7342,11.2991,0.4326,26.1168,0.4519,0.1111
6020,24.0259,0.5774,6.88,37.41,75.07,6.5279,2.8299,9.3578,0.4537,20.6259,0.425,0.1792
6021,44.7668,0.3693,56.04,66.29,61.96,11.9536,1.9341,13.8877,0.2866,48.4574,0.637,0.016
6022,27.0115,0.3851,46.37,35.44,73.29,7.3328,1.8545,9.1873,0.2996,30.6605,0.6201,0.0161
6023,15.825,0.4991,70.66,78.59,38.76,4.46,2.2923,6.7523,0.3724,18.1338,0.5283,0.2565
6024,40.8574,0.5867,26.48,41.42,74.89,11.1633,2.94,14.1032,0.4614,30.5687,0.4154,0.098
6025,42.3489,0.5772,72.12,60.32,28.75,11.6696,2.9464,14.616,0.4513,32.3897,0.4283,0.0919
6026,26.1773,0.5265,79.66,7.99,12.18,7.3041,2.6452,9.9494,0.4113,24.1885,0.4789,0.1676
6027,37.9383,0.4168,43.8,8.65,19.68,10.4602,2.1348,12.595,0.3224,39.069,0.5915,0.0177
6028,42.0028,0.6971,68.16,59.14,47.7,10.3642,3.5525,13.9167,0.547,25.4413,0.3073,0.0974
6029,44.046,0.6436,3.39,14.86,36.59,11.801,3.4109,15.2119,0.4919,30.9244,0.3766,0.0998
6030,41.6734,0.6134,27.86,22.75,6.71,11.3472,3.1734,14.5206,0.4827,30.0823,0.3883,0.0994
6031,21.8015,0.4133,58.26,57.19,40.27,5.9817,2.0064,7.9882,0.3163,25.2589,0.5992,0.0181
6032,28.1796,0.585,79.4,3.26,76.89,7.6884,3.1056,10.794,0.4674,23.0933,0.4076,0.1429
6033,32.0588,0.583,74.27,58.01,50.35,8.8165,2.8988,11.7153,0.4575,25.6049,0.4202,0.1344
6034,21.6012,0.4094,45.56,3.45,52.78,5.7982,1.857,7.6553,0.3,25.5148,0.6198,0.0189
6035,33.1879,0.5659,48.7,23.9,51.84,9.1917,2.8962,12.0879,0.4428,27.3012,0.4391,0.1299
6036,25.8061,0.4492,15.71,42.71,69.96,7.2297,2.2323,9.462,0.3509,26.963,0.5553,0.1642
6037,45.8478,0.6725,43.49,28.72,50.54,11.7906,3.376,15.1666,0.5251,28.8824,0.3347,0.0954
6038,25.1844,0.4027,42.78,75.37,1.83,6.7433,2.0198,8.7631,0.3109,28.188,0.606,0.0174
6039,18.5541,0.5903,85.55,25.91,21.77,5.0711,2.9611,8.0323,0.4663,17.225,0.4094,0.2037
6040,44.1056,0.4147,17.66,85.02,49.41,12.1087,2.1762,14.2849,0.3205,44.5663,0.594,0.0967
6041,16.2819,0.4358,5.41,18.22,87.27,4.4271,2.1146,6.5417,0.3263,20.0503,0.5852,0.0234
6042,15.7654,0.5355,19.16,21.42,1.49,4.4936,2.5247,7.0183,0.3833,18.3079,0.5139,0.2455
6043,42.581,0.3951,0.24,51.68,71.02,11.6066,2.1396,13.7462,0.2999,45.8297,0.62,0.0158
6044,24.3018,0.3976,73.72,29.23,38.13,6.55,2.069,8.619,0.3157,27.3017,0.5999,0.0164
6045,22.2748,0.41,26.81,80.04,78.02,5.9844,2.029,8.0134,0.3092,25.9183,0.6081,0.0169
6046,41.5552,0.5353,78.42,7.38,79.03,11.5496,2.8065,14.3561,0.4182,34.327,0.4702,0.0863
6047,26.3459,0.6482,68.6,2.35,11.6,6.6525,3.2505,9.903,0.5339,18.5481,0.3236,0.1534
6048,40.3231,0.4237,65.44,32.88,15.86,11.1596,2.217,13.3767,0.3284,40.7384,0.5839,0.1124
6049,32.4797,0.48,10.32,4.23,80.08,9.0312,2.272,11.3032,0.371,30.4686,0.5298,0.126
6050,44.2169,0.4769,43.66,6.83,60.45,12.3508,2.4858,14.8366,0.377,39.3508,0.5223,0.0844
6051,41.2157,0.4665,30.71,41.43,79.03,11.5606,2.4063,13.967,0.3632,38.4598,0.5399,0.1063
6052,24.5365,0.6372,64.99,11.47,26.52,6.5035,3.1791,9.6826,0.501,19.3275,0.3652,0.1716
6053,36.0974,0.5173,0.02,51.28,67.65,10.2501,2.6527,12.9028,0.4112,31.3791,0.4789,0.1258
6054,40.3471,0.4294,72.96,21.98,28.53,11.1347,2.1661,13.3008,0.3319,40.0771,0.5794,0.1065
6055,33.0459,0.669,86.18,67.61,60.86,8.3971,3.3106,11.7076,0.5301,22.0844,0.3281,0.122
6056,43.8876,0.4359,5.8,43.77,59.62,12.2475,2.3316,14.5791,0.3426,42.5598,0.566,0.1051
6057,44.363,0.31,55.84,85.93,11.8,10.9971,1.6247,12.6218,0.2369,53.2831,0.6998,0.0163
6058,33.3797,0.4629,9.36,46.0,24.65,9.3456,2.2972,11.6428,0.36,32.34,0.5439,0.1272
6059,47.0641,0.4129,80.97,49.71,40.91,12.9064,2.2199,15.1263,0.3189,47.4302,0.5959,0.0819
6060,33.9256,0.5133,10.24,35.82,37.4,9.619,2.6392,12.2582,0.404,30.3409,0.4881,0.1298
6061,46.1818,0.5912,56.74,55.94,72.98,12.6737,2.9302,15.604,0.4656,33.515,0.41,0.0919
6062,16.926,0.3733,56.8,69.33,72.68,4.3529,1.6815,6.0344,0.2732,22.0913,0.6536,0.0169
6063,34.7412,0.5915,66.52,43.99,43.22,9.5056,2.9379,12.4436,0.4615,26.9617,0.4153,0.107
6064,17.6358,0.6278,41.89,32.04,69.53,4.6678,3.0589,7.7268,0.4963,15.5687,0.3712,0.2339
6065,15.8991,0.6266,51.87,31.42,14.27,4.3454,2.9556,7.3011,0.4836,15.0983,0.3873,0.3075
6066,26.3295,0.6135,29.38,57.04,42.73,6.988,2.9586,9.9466,0.4886,20.356,0.3809,0.1528
6067,22.5158,0.634,70.61,86.05,32.08,5.9166,3.0883,9.0049,0.5062,17.7877,0.3584,0.1596
6068,18.5067,0.3469,34.11,5.2,27.62,4.3958,1.325,5.7208,0.2343,24.4166,0.703,0.0187
6069,19.0533,0.5368,24.97,69.34,13.82,5.3301,2.6936,8.0237,0.4138,19.3921,0.4757,0.1923
6070,23.3147,0.5421,10.57,64.57,21.59,6.5158,2.722,9.2378,0.4271,21.6285,0.4587,0.1947
6071,43.056,0.6898,19.51,64.04,30.95,10.535,3.4366,13.9716,0.5496,25.4209,0.3036,0.0937
6072,22.8623,0.6556,76.44,53.95,32.32,5.9883,3.2516,9.2399,0.5151,17.9371,0.3476,0.1702
6073,46.1554,0.6343,83.53,44.35,20.69,12.135,3.2597,15.3947,0.5036,30.569,0.3618,0.0893
6074,44.6191,0.4178,26.55,15.44,64.6,12.1579,2.2017,14.3596,0.3232,44.4356,0.5904,0.0924
6075,40.9651,0.5294,12.66,9.23,31.16,11.4551,2.7547,14.2099,0.4128,34.4204,0.4769,0.1119
6076,34.6599,0.3447,43.45,44.3,62.21,9.1296,1.8159,10.9456,0.2729,40.1123,0.6542,0.0163
6077,25.62,0.4533,15.86,87.49,8.19,7.1566,2.2668,9.4233,0.35,26.9257,0.5565,0.1751
6078,38.5943,0.5754,42.83,44.36,63.37,10.6718,2.7737,13.4455,0.4533,29.6631,0.4258,0.1079
6079,39.6862,0.3467,16.98,79.82,68.46,10.2155,1.7167,11.9322,0.2622,45.5129,0.6678,0.0151
6080,33.1517,0.4737,20.08,23.41,22.1,9.2489,2.4212,11.6702,0.3676,31.7482,0.5342,0.1305
6081,20.4619,0.4101,45.01,88.24,24.13,5.5233,1.9735,7.4968,0.3085,24.2987,0.6091,0.0177
6082,42.6327,0.3488,66.94,46.46,87.18,11.1433,1.8758,13.0191,0.27,48.2214,0.6579,0.0155
6083,37.7513,0.335,27.35,56.52,11.58,9.5968,1.7648,11.3615,0.2501,45.431,0.683,0.0144
6084,44.96,0.3495,66.42,31.69,54.45,11.7693,1.7943,13.5636,0.2722,49.831,0.6551,0.0183
6085,35.6275,0.446,72.85,85.06,45.16,9.9138,2.3349,12.2487,0.3459,35.4086,0.5615,0.1182
6086,43.9615,0.688,11.88,70.33,46.96,10.8287,3.5497,14.3784,0.5492,26.1791,0.304,0.0909
6087,16.6933,0.3589,76.85,43.5,72.72,4.357,1.7663,6.1233,0.2795,21.9114,0.6459,0.0183
6088,16.2894,0.6769,21.7,82.78,40.91,4.1529,3.2051,7.358,0.5231,14.0668,0.3372,0.2365
6089,40.2117,0.6871,76.59,32.76,59.72,10.1361,3.3568,13.4929,0.533,25.314,0.3245,0.0931
6090,18.1154,0.6577,48.17,51.24,68.18,4.7413,3.17,7.9114,0.5074,15.5913,0.3571,0.2295
6091,17.4556,0.4753,40.33,20.96,52.02,4.8084,2.4345,7.2428,0.3639,19.9032,0.539,0.2091
6092,31.0572,0.4336,53.92,64.29,51.45,8.5784,2.1947,10.7731,0.3416,31.5378,0.5671,0.1375
6093,42.7956,0.5498,89.04,82.21,3.46,11.9486,2.9803,14.9289,0.4293,34.7775,0.4561,0.0978
6094,37.4795,0.524,16.46,64.87,54.23,10.5533,2.6869,13.2402,0.4138,31.9965,0.4755,0.1137
6095,45.7245,0.424,4.27,54.16,42.78,12.723,2.377,15.1,0.3357,44.9818,0.5745,0.0912
6096,27.294,0.3892,46.75,21.8,86.25,7.2581,1.8756,9.1337,0.2969,30.7607,0.6237,0.0155
6097,20.6062,0.5234,55.6,44.79,60.1,5.7412,2.6083,8.3494,0.4065,20.5373,0.485,0.1877
6098,36.8442,0.6381,85.2,74.76,32.11,9.7307,3.1949,12.9256,0.4981,25.9514,0.3688,0.101
6099,26.2234,0.6042,75.28,58.07,17.55,7.1049,2.92,10.025,0.4711,21.2798,0.4032,0.1434
6100,33.8616,0.639,60.93,82.99,13.93,8.8928,3.1877,12.0805,0.5073,23.8146,0.3573,0.1133
6101,20.0174,0.4865,43.14,46.09,66.79,5.5536,2.3833,7.9369,0.3838,20.6802,0.5135,0.2111
6102,20.657,0.4941,22.61,15.49,27.89,5.7904,2.3853,8.1757,0.3849,21.242,0.5119,0.2
6103,21.8619,0.351,10.45,23.03,31.33,5.8205,1.7833,7.6038,0.2798,27.1722,0.6446,0.0201
6104,43.1905,0.6478,50.69,39.46,4.63,11.2515,3.4613,14.7128,0.5159,28.5166,0.3462,0.1016
6105,28.2616,0.4841,57.99,10.29,73.99,7.9198,2.4503,10.37,0.3781,27.4298,0.5209,0.1331
6106,36.3586,0.6351,33.31,72.92,50.66,9.6333,3.2001,12.8334,0.4993,25.7014,0.3673,0.1059
6107,29.3069,0.6318,75.2,62.95,73.72,7.76,3.1848,10.9448,0.4988,21.9421,0.3679,0.1364
6108,27.915,0.4597,73.39,35.56,42.6,7.8363,2.2449,10.0812,0.3612,27.9072,0.5423,0.1424
6109,23.1121,0.4686,23.12,78.9,87.55,6.5013,2.3245,8.8258,0.3615,24.4136,0.542,0.1752
6110,44.4721,0.4281,2.4,72.97,71.34,12.2348,2.4604,14.6952,0.3406,43.1447,0.5683,0.0962
6111,47.0972,0.5529,9.85,72.07,49.72,13.1914,2.8215,16.0129,0.4308,37.167,0.4541,0.0816
6112,28.9802,0.6672,11.24,27.38,44.83,7.3175,3.289,10.6065,0.5259,20.1689,0.3333,0.1507
6113,42.6268,0.4288,71.55,32.86,85.39,11.7665,2.2921,14.0586,0.337,41.7155,0.573,0.0954
6114,34.7394,0.4197,42.12,49.02,36.36,9.5619,2.1999,11.7618,0.3262,36.0577,0.5866,0.0154
6115,31.9567,0.5948,13.71,6.67,79.33,8.5804,2.9759,11.5562,0.4679,24.6956,0.4069,0.1213
6116,41.843,0.5765,23.08,72.31,71.95,11.5442,2.9553,14.4995,0.4565,31.7598,0.4217,0.1004
6117,38.7181,0.44,66.4,89.42,79.05,10.7948,2.2401,13.0349,0.3426,38.0494,0.5656,0.1036
6118,30.3332,0.6619,33.17,24.68,11.21,7.6739,3.353,11.0269,0.5295,20.824,0.329,0.1407
6119,28.7193,0.6429,82.21,29.83,44.68,7.6215,3.0698,10.6913,0.4965,21.5323,0.3709,0.1391
6120,18.0271,0.562,67.54,31.93,45.19,4.8803,2.8806,7.7609,0.445,17.4406,0.436,0.2111
6121,22.038,0.5836,69.31,51.86,6.09,5.9859,2.9109,8.8968,0.4552,19.5433,0.4232,0.1962
6122,25.6568,0.6859,36.41,5.22,10.16,6.0496,3.5369,9.5865,0.5735,16.7159,0.2732,0.1684
6123,22.2118,0.6979,23.52,50.03,50.31,5.3587,3.4682,8.8269,0.5527,15.9697,0.2996,0.1682
6124,17.1558,0.4703,88.84,48.89,68.82,4.7941,2.4728,7.2669,0.3649,19.9155,0.5376,0.2338
6125,16.485,0.3052,2.45,23.07,8.96,3.6225,1.0368,4.6593,0.1989,23.4228,0.7447,0.0273
6126,29.858,0.4167,4.11,82.34,5.53,8.1066,2.2655,10.3721,0.3243,31.9804,0.5889,0.1461
6127,31.3185,0.3051,38.99,29.6,2.7,7.4298,1.5165,8.9462,0.2231,40.1042,0.7173,0.0158
6128,25.7612,0.4352,59.08,15.16,28.91,7.0677,2.0216,9.0893,0.3326,27.3242,0.5783,0.0225
6129,24.5746,0.617,22.45,5.09,27.43,6.5717,3.2106,9.7823,0.5037,19.4198,0.3616,0.1787
6130,24.9933,0.6715,21.32,12.63,55.34,6.3348,3.3118,9.6466,0.5233,18.4352,0.3369,0.1329
6131,26.3359,0.4246,84.0,76.99,30.38,7.2017,2.0444,9.2462,0.3297,28.0448,0.5822,0.0168
6132,46.0864,0.4785,61.43,88.2,24.66,12.9056,2.3797,15.2853,0.3742,40.8479,0.5259,0.0906
6133,36.2632,0.4171,35.69,58.42,12.47,9.9719,2.1913,12.1632,0.3195,38.0666,0.5952,0.0185
6134,40.9926,0.3245,3.93,64.83,53.18,10.5641,1.7475,12.3117,0.264,46.6279,0.6653,0.0179
6135,44.8774,0.4413,56.08,48.99,13.39,12.5832,2.2808,14.864,0.3432,43.3068,0.5651,0.0951
6136,23.5905,0.6443,69.94,57.55,73.8,6.3153,3.1696,9.4849,0.5055,18.7631,0.3595,0.1637
6137,29.7725,0.61,24.58,63.3,79.62,8.0553,3.064,11.1193,0.4818,23.077,0.3895,0.1458
6138,32.9965,0.4669,66.57,40.35,70.63,9.2916,2.2968,11.5884,0.366,31.6596,0.5361,0.1232
6139,39.8112,0.4371,37.78,72.97,29.34,10.9814,2.1589,13.1404,0.338,38.8793,0.5718,0.0984
6140,24.3913,0.3158,72.39,11.78,8.79,5.7988,1.5414,7.3402,0.2303,31.8708,0.7082,0.0235
6141,17.1707,0.611,78.04,82.86,18.82,4.6344,2.9892,7.6236,0.4648,16.4024,0.411,0.237
6142,43.85,0.3747,72.29,70.27,5.2,11.6396,1.9949,13.6345,0.2846,47.9111,0.6394,0.0163
6143,40.5676,0.4465,47.32,73.04,48.24,11.287,2.3595,13.6466,0.3465,39.3893,0.5611,0.0983
6144,27.7374,0.4462,62.4,10.09,48.59,7.6215,2.2029,9.8244,0.3457,28.4186,0.562,0.1565
6145,36.5795,0.3749,36.9,66.1,82.56,9.7438,1.9581,11.7019,0.288,40.6287,0.6349,0.0168
6146,20.4937,0.6396,89.59,76.24,41.45,5.4274,3.0847,8.5121,0.4883,17.4326,0.3814,0.1882
6147,31.0913,0.5087,63.08,44.17,16.84,8.7961,2.5947,11.3909,0.3986,28.5794,0.495,0.132
6148,16.4698,0.6589,76.35,10.09,76.37,4.219,3.1721,7.3912,0.5211,14.1841,0.3397,0.2057
6149,24.7962,0.3937,50.97,36.09,7.18,6.7602,1.9384,8.6987,0.31,28.0575,0.6072,0.016
6150,24.8878,0.5938,25.02,79.01,4.18,6.7114,3.1668,9.8782,0.4764,20.7372,0.3964,0.1745
6151,33.1667,0.3541,2.92,11.97,80.46,8.775,1.9702,10.7452,0.288,37.3098,0.6348,0.0233
6152,18.6608,0.4095,3.75,5.92,83.0,4.9109,2.1389,7.0498,0.3089,22.8195,0.6082,0.023
6153,32.8475,0.4835,48.85,61.25,7.93,9.3098,2.3244,11.6342,0.3774,30.8253,0.5218,0.1284
6154,18.6083,0.694,14.13,86.44,1.56,4.6054,3.6135,8.2189,0.5374,15.2937,0.3191,0.2211
6155,19.9202,0.4973,88.99,52.53,22.16,5.6514,2.4413,8.0927,0.3881,20.8494,0.5081,0.1885
6156,38.8741,0.3981,52.48,16.12,75.76,10.5142,1.9775,12.4917,0.3097,40.3398,0.6076,0.0155
6157,44.5575,0.5467,43.89,27.8,37.99,12.4623,2.8944,15.3567,0.4263,36.0203,0.4599,0.0988
6158,18.9812,0.6373,68.28,29.03,21.17,5.0178,3.1853,8.203,0.5044,16.2625,0.3609,0.179
6159,18.961,0.6818,50.26,11.15,13.18,4.5178,3.4327,7.9505,0.5555,14.3134,0.2962,0.2254
6160,44.8582,0.5142,62.52,48.02,17.04,12.6656,2.6459,15.3115,0.4051,37.799,0.4867,0.0933
6161,42.5557,0.5894,44.99,88.86,2.67,11.7361,3.1704,14.9065,0.4584,32.519,0.4193,0.0961
6162,30.5178,0.373,11.28,15.91,66.4,8.0203,1.9252,9.9454,0.2923,34.0203,0.6295,0.0183
6163,18.9342,0.3522,87.68,58.74,88.46,4.7888,1.7215,6.5103,0.2739,23.7684,0.6529,0.0166
6164,44.3059,0.4598,75.72,59.13,51.34,12.3936,2.3451,14.7387,0.358,41.1651,0.5464,0.0897
6165,21.4004,0.3294,15.76,86.36,62.85,5.4534,1.5547,7.0081,0.2513,27.8869,0.6815,0.0197
6166,46.6738,0.3089,70.92,1.19,36.82,10.9612,1.4402,12.4014,0.2138,57.994,0.729,0.0145
6167,34.9924,0.4444,77.64,28.09,35.22,9.703,2.2415,11.9445,0.3486,34.2634,0.5582,0.1104
6168,20.9081,0.3745,76.42,65.92,62.16,5.348,1.8893,7.2372,0.2783,26.0036,0.6473,0.0205
6169,41.7172,0.5167,35.53,7.74,50.87,11.7211,2.6702,14.3913,0.4046,35.573,0.4873,0.1006
6170,17.7512,0.6172,20.18,12.98,75.93,4.7194,3.0193,7.7388,0.4814,16.0758,0.3898,0.1942
6171,29.4803,0.5739,47.39,88.26,2.64,8.1013,2.9655,11.0668,0.4434,24.9597,0.4383,0.1336
6172,31.3781,0.3419,40.95,26.29,86.43,7.979,1.8307,9.8097,0.2612,37.562,0.669,0.0152
6173,22.5432,0.4629,7.35,28.81,23.36,6.27,2.3582,8.6282,0.3668,23.5198,0.5349,0.1732
6174,20.9973,0.4974,45.88,3.49,63.55,5.8505,2.3155,8.1661,0.385,21.2108,0.5121,0.1955
6175,41.0782,0.5897,48.31,40.06,15.73,11.3618,3.0336,14.3954,0.4631,31.0835,0.4132,0.1034
6176,24.6531,0.617,29.43,0.81,66.51,6.419,3.2823,9.7013,0.501,19.3651,0.3652,0.1708
6177,25.8407,0.5602,28.88,60.88,64.81,7.138,2.8155,9.9535,0.4397,22.6351,0.4427,0.1537
6178,17.3823,0.6688,70.41,60.08,47.94,4.5575,3.2492,7.8066,0.5126,15.2304,0.3503,0.2307
6179,33.8131,0.6207,18.24,64.42,68.37,9.0233,3.0576,12.0809,0.4975,24.2816,0.3695,0.1344
6180,21.0086,0.6935,68.0,18.5,56.42,5.2734,3.2004,8.4738,0.542,15.6353,0.3135,0.1982
6181,19.6348,0.523,82.05,70.01,62.11,5.5494,2.6594,8.2089,0.3891,21.0962,0.507,0.202
6182,44.7654,0.5931,52.6,57.43,42.11,12.3865,2.9879,15.3744,0.4642,33.1171,0.4118,0.0873
6183,30.1622,0.3713,32.86,69.44,83.75,7.9043,1.8242,9.7286,0.2813,34.5897,0.6434,0.0171
6184,25.2517,0.5195,20.6,43.91,9.55,7.1043,2.5645,9.6688,0.4066,23.7798,0.4848,0.1696
6185,21.9372,0.6628,53.93,57.63,17.66,5.6182,3.2576,8.8758,0.5268,16.8497,0.3326,0.1854
6186,41.4929,0.6656,35.78,39.36,56.43,10.5883,3.312,13.9003,0.5238,26.5395,0.3363,0.1017
6187,15.7534,0.6998,8.71,81.49,88.75,4.0883,3.0493,7.1377,0.5142,13.8807,0.3482,0.229
6188,19.8961,0.6394,35.22,23.27,84.54,5.0582,3.1732,8.2314,0.502,16.398,0.3639,0.1858
6189,24.5582,0.6668,51.45,45.64,41.4,6.1876,3.2586,9.4461,0.5349,17.6607,0.3222,0.1777
6190,19.7577,0.6411,87.85,76.13,66.07,5.3265,3.1081,8.4346,0.4975,16.9557,0.3695,0.1796
6191,27.7829,0.3555,41.74,13.69,24.71,7.2393,1.6962,8.9356,0.2699,33.1074,0.6578,0.0181
6192,25.0122,0.6387,9.8,63.31,38.25,6.5521,3.1713,9.7234,0.5014,19.3936,0.3648,0.1708
6193,38.2232,0.6193,18.02,53.8,43.22,10.2318,3.1308,13.3625,0.4923,27.1447,0.3762,0.1155
6194,38.5292,0.3852,78.52,55.55,71.73,10.3651,1.9527,12.3178,0.2965,41.5467,0.6245,0.0164
6195,29.9452,0.4296,23.54,32.95,75.15,8.2802,2.2531,10.5334,0.3379,31.1726,0.5718,0.0158
6196,40.1398,0.5635,35.07,32.83,29.95,11.1941,2.7693,13.9634,0.4389,31.8142,0.4439,0.0964
6197,18.7035,0.3966,25.22,15.19,26.54,4.9501,1.7987,6.7488,0.3014,22.3893,0.6179,0.0231
6198,34.2565,0.6938,48.99,25.83,35.27,8.5779,3.476,12.0539,0.5415,22.2599,0.3138,0.1194
6199,18.1553,0.6978,81.33,72.69,83.91,4.4446,3.4036,7.8482,0.5457,14.3818,0.3086,0.1935
6200,37.9694,0.6832,35.05,43.69,23.74,9.44,3.3392,12.7793,0.5441,23.4866,0.3107,0.107
6201,18.456,0.5412,45.45,1.07,37.71,5.2415,2.5952,7.8367,0.4312,18.1751,0.4537,0.2272
6202,40.9299,0.4661,72.35,23.62,11.72,11.5357,2.4289,13.9646,0.3618,38.6015,0.5416,0.1001
6203,31.5829,0.595,80.19,48.33,48.97,8.584,3.0415,11.6255,0.4692,24.7756,0.4053,0.1214
6204,40.1382,0.5601,24.02,22.01,82.26,11.0551,2.7084,13.7635,0.4431,31.0598,0.4385,0.0907
6205,38.2005,0.5164,33.37,37.68,66.53,10.79,2.5856,13.3756,0.408,32.7872,0.483,0.1073
6206,39.5692,0.545,75.86,57.76,26.55,11.0385,2.7665,13.805,0.4248,32.5008,0.4619,0.0998
6207,26.2489,0.6537,71.35,35.02,70.66,6.7652,3.1324,9.8977,0.5147,19.23,0.3481,0.1487
6208,45.6137,0.4952,60.38,38.76,43.94,12.9276,2.5167,15.4443,0.3857,40.0421,0.5111,0.0939
6209,45.7711,0.6993,59.64,3.65,46.74,11.0799,3.4571,14.537,0.5602,25.9483,0.2902,0.0814
6210,40.3249,0.3255,7.62,56.85,13.64,10.1041,1.5703,11.6744,0.2443,47.7859,0.6904,0.0194
6211,20.9637,0.5309,63.24,36.84,35.72,5.9001,2.6368,8.5369,0.416,20.52,0.4727,0.1812
6212,38.059,0.3797,76.57,23.43,30.82,10.1987,1.9316,12.1303,0.297,40.8484,0.6235,0.0175
6213,17.1098,0.5824,60.62,75.6,31.94,4.7322,2.6862,7.4185,0.4331,17.1275,0.4512,0.194
6214,34.8907,0.3424,62.4,45.0,50.98,9.0098,1.7901,10.8,0.2659,40.6129,0.663,0.0158
6215,36.6392,0.3532,78.21,70.74,51.87,9.5419,1.8306,11.3725,0.274,41.5123,0.6529,0.0143
6216,46.4106,0.5026,50.95,29.58,46.96,13.0743,2.5325,15.6068,0.3887,40.1549,0.5074,0.0832
6217,29.5471,0.4898,22.81,53.62,76.51,8.3306,2.5446,10.8752,0.3864,28.1427,0.5102,0.1503
6218,32.264,0.3493,29.74,60.79,64.79,8.2566,1.74,9.9966,0.2593,38.5466,0.6714,0.0158
6219,15.8425,0.6172,34.37,13.92,59.97,4.203,3.0454,7.2484,0.4847,14.954,0.386,0.2363
6220,26.1687,0.4418,88.87,53.96,39.0,7.2968,2.0739,9.3707,0.3537,26.4967,0.5519,0.1567
6221,19.8099,0.4128,38.17,24.73,83.17,5.246,1.9766,7.2226,0.3148,22.9417,0.6011,0.0187
6222,44.6711,0.4895,78.23,26.97,24.68,12.5582,2.6088,15.167,0.3824,39.6646,0.5152,0.0957
6223,16.8474,0.5366,40.21,9.08,16.87,4.7519,2.7506,7.5025,0.4288,17.4977,0.4564,0.2591
6224,16.4477,0.4136,44.25,30.43,80.81,4.345,1.9051,6.2501,0.299,20.9001,0.621,0.019
6225,20.847,0.3799,50.86,8.02,58.87,5.5819,1.8016,7.3835,0.286,25.8185,0.6374,0.0202
6226,28.5817,0.4623,83.79,7.99,8.22,7.9597,2.3732,10.3329,0.3522,29.3377,0.5537,0.1585
6227,33.296,0.624,62.04,16.75,51.74,8.9062,3.1221,12.0284,0.4888,24.61,0.3806,0.1242
6228,39.6614,0.3098,65.36,60.46,46.94,9.8472,1.6729,11.5201,0.2416,47.6862,0.6938,0.0148
6229,38.5906,0.4706,6.46,69.1,42.14,10.7928,2.3573,13.15,0.3693,35.6124,0.532,0.1075
6230,15.9367,0.589,71.02,75.73,28.62,4.4367,2.599,7.0357,0.441,15.9528,0.4411,0.2167
6231,34.7244,0.5916,81.01,5.9,3.17,9.4648,2.9582,12.4229,0.464,26.7762,0.412,0.1272
6232,41.9955,0.3411,35.89,70.43,30.32,10.7327,1.796,12.5287,0.2618,47.8517,0.6682,0.0147
6233,35.6427,0.4713,55.4,58.97,50.05,9.9727,2.4682,12.4409,0.3701,33.6136,0.5312,0.1188
6234,40.5225,0.3607,53.31,49.36,49.8,10.6351,1.9207,12.5558,0.2779,45.1752,0.6478,0.0155
6235,18.7668,0.5995,38.65,84.85,79.61,5.1871,2.9185,8.1056,0.4569,17.7407,0.4209,0.202
6236,25.6937,0.4274,64.66,85.65,41.66,7.0255,2.1151,9.1406,0.3269,27.9656,0.5859,0.0203
6237,18.7262,0.3955,64.32,23.66,32.6,4.9956,1.9769,6.9725,0.3017,23.1124,0.6176,0.0177
6238,32.5904,0.5332,24.45,73.89,13.9,9.1064,2.6346,11.741,0.42,27.9518,0.468,0.1301
6239,27.6225,0.6908,81.85,20.99,50.94,6.8197,3.3776,10.1974,0.5382,18.9463,0.318,0.1399
6240,44.5855,0.6191,75.69,48.43,18.73,11.9524,3.2315,15.184,0.4928,30.8123,0.3757,0.0882
6241,29.7312,0.4012,22.3,19.07,10.79,7.8763,2.0624,9.9387,0.2959,33.5856,0.625,0.0185
6242,38.4829,0.6333,84.98,87.09,38.31,10.2422,3.1491,13.3913,0.4933,27.1444,0.375,0.0954
6243,30.7636,0.6911,40.68,72.55,82.77,7.5492,3.4866,11.0359,0.5495,20.0835,0.3038,0.1256
6244,29.1452,0.6815,88.95,18.39,75.6,7.399,3.446,10.8449,0.5281,20.5357,0.3307,0.1262
6245,17.7519,0.6139,58.92,58.56,58.94,4.8842,2.9649,7.8491,0.4641,16.9136,0.4121,0.2051
6246,19.482,0.5683,69.56,69.06,65.3,5.5373,2.8701,8.4074,0.4329,19.4192,0.4514,0.1997
6247,32.5213,0.4459,88.67,20.13,10.48,9.0412,2.2162,11.2574,0.3452,32.6124,0.5626,0.1369
6248,30.8078,0.4891,18.04,59.83,41.61,8.6607,2.4585,11.1192,0.3799,29.2694,0.5186,0.1359
6249,45.6044,0.5604,41.7,13.45,23.06,12.6541,2.8769,15.531,0.4421,35.1265,0.4396,0.094
6250,41.5356,0.6371,84.65,66.62,31.54,10.8845,3.2633,14.1479,0.5019,28.1859,0.364,0.0903
6251,37.0091,0.58,58.37,59.15,32.84,10.2312,2.929,13.1602,0.4534,29.0252,0.4256,0.1053
6252,20.0977,0.5034,89.59,24.74,78.54,5.5813,2.3536,7.9349,0.3883,20.4337,0.5081,0.1975
6253,45.6043,0.5445,67.53,87.7,63.49,12.784,2.7078,15.4919,0.4257,36.3886,0.4604,0.0861
6254,43.5906,0.6332,62.72,46.99,43.18,11.5777,3.2198,14.7975,0.5013,29.5188,0.3649,0.0978
6255,40.9144,0.3233,71.74,1.08,89.7,9.8606,1.6399,11.5005,0.2285,50.3259,0.7105,0.0158
6256,35.2825,0.4504,58.84,73.88,34.05,9.8326,2.2731,12.1057,0.3485,34.7404,0.5582,0.1192
6257,43.4637,0.5786,52.17,20.28,73.66,11.9278,3.0106,14.9384,0.4579,32.6269,0.4199,0.0928
6258,31.7287,0.5629,30.98,71.06,28.7,8.8013,2.7555,11.5568,0.4387,26.341,0.4438,0.1271
6259,41.7425,0.5195,44.87,16.06,69.21,11.7065,2.7093,14.4158,0.4061,35.4964,0.4854,0.106
6260,44.4897,0.5505,24.02,10.01,48.95,12.2553,2.8237,15.0789,0.4323,34.878,0.4522,0.0873
6261,43.3693,0.3081,88.27,82.96,39.02,10.6523,1.6539,12.3061,0.238,51.7109,0.6984,0.0153
6262,16.5137,0.3215,6.63,20.71,88.23,4.151,1.6555,5.8065,0.257,22.5942,0.6723,0.0212
6263,42.7606,0.6974,79.88,20.85,85.09,10.4446,3.5636,14.0082,0.5489,25.5211,0.3044,0.0867
6264,22.2741,0.3283,51.95,0.04,10.33,5.282,1.3117,6.5937,0.2088,31.5728,0.7354,0.0175
6265,26.1622,0.3074,29.68,81.14,76.6,6.2697,1.472,7.7418,0.2319,33.3793,0.7061,0.0153
6266,18.6573,0.4502,89.02,85.93,7.76,5.0979,2.2702,7.3681,0.3481,21.1673,0.5589,0.0233
6267,29.0047,0.4428,0.11,88.06,86.3,7.9904,2.1639,10.1543,0.3393,29.9305,0.57,0.1442
6268,32.5845,0.4082,34.21,58.93,11.5,8.8515,1.9582,10.8097,0.312,34.6456,0.6046,0.0186
6269,32.8464,0.4112,76.53,43.9,79.82,9.0295,2.0749,11.1044,0.3295,33.7031,0.5824,0.0158
6270,28.5052,0.6525,35.62,48.69,46.81,7.3986,3.1368,10.5354,0.5124,20.562,0.3507,0.1447
6271,21.2439,0.3324,5.52,59.21,81.31,5.653,2.0335,7.6865,0.2856,26.9125,0.638,0.0249
6272,46.3477,0.5063,87.43,10.42,1.79,12.9175,2.4543,15.3718,0.3899,39.4297,0.5058,0.093
6273,24.5817,0.4251,77.32,60.93,15.89,6.6695,2.157,8.8265,0.324,27.2421,0.5893,0.0171
6274,37.9194,0.5838,3.97,70.54,26.4,10.4843,2.7717,13.256,0.4516,29.3507,0.4275,0.1064
6275,20.9073,0.6241,25.46,7.06,82.75,5.4796,3.0479,8.5274,0.5023,16.9762,0.3636,0.1678
6276,23.8793,0.4194,35.18,77.14,29.23,6.5175,2.1707,8.6882,0.3213,27.0416,0.5928,0.0179
6277,22.3125,0.4652,65.6,38.84,46.54,6.3026,2.3315,8.6341,0.367,23.5229,0.535,0.1718
6278,23.6302,0.6141,33.46,0.87,68.38,6.2066,3.1609,9.3674,0.4944,18.9458,0.3736,0.1716
6279,28.896,0.6644,8.09,38.08,14.52,7.6881,3.26,10.948,0.5061,21.6324,0.359,0.1435
6280,46.7104,0.3912,50.84,40.83,20.6,12.5411,2.0884,14.6295,0.2992,48.9016,0.6211,0.0153
6281,45.7603,0.638,51.62,88.31,64.33,12.1784,3.1274,15.3058,0.4996,30.6333,0.3668,0.0859
6282,43.1925,0.4741,81.23,89.45,48.43,12.099,2.5457,14.6448,0.3713,39.4388,0.5295,0.086
6283,45.705,0.5338,73.23,48.48,80.4,12.8486,2.7806,15.6292,0.4216,37.0681,0.4657,0.0895
6284,37.5669,0.5682,83.85,12.27,83.29,10.3439,2.8987,13.2426,0.446,29.6888,0.4349,0.1042
6285,37.1566,0.3429,51.15,1.75,47.78,9.2732,1.7351,11.0083,0.2446,45.0106,0.69,0.0159
6286,34.7265,0.3964,72.04,61.88,44.67,9.3843,2.0047,11.389,0.3083,36.9464,0.6095,0.0165
6287,37.286,0.5435,17.31,35.15,47.76,10.4178,2.7918,13.2097,0.4332,30.4927,0.4511,0.1095
6288,40.6155,0.6631,52.67,78.62,29.52,10.4393,3.2738,13.7131,0.5205,26.3486,0.3404,0.099
6289,23.846,0.3063,20.84,12.98,25.18,5.6044,1.4468,7.0512,0.2247,31.38,0.7151,0.0197
6290,16.3199,0.4633,13.35,4.31,11.98,4.3723,2.2415,6.6137,0.3309,19.9885,0.5808,0.021
6291,33.6873,0.5951,47.64,54.5,83.81,9.2377,2.9218,12.1596,0.4682,25.97,0.4069,0.1193
6292,34.573,0.6655,5.05,67.23,59.03,9.0735,3.39,12.4635,0.5103,24.4222,0.3537,0.122
6293,32.8858,0.4477,19.36,8.32,21.58,9.1304,2.2039,11.3342,0.3465,32.7138,0.5609,0.1379
6294,41.9218,0.5191,88.44,63.72,73.59,11.8005,2.7624,14.5629,0.4071,35.7718,0.4842,0.0965
6295,29.3227,0.3257,43.04,71.77,73.55,7.2868,1.6702,8.957,0.2467,36.3013,0.6872,0.0152
6296,37.9684,0.6504,25.78,65.54,23.63,9.85,3.14,12.9901,0.5197,24.9953,0.3417,0.1138
6297,30.8536,0.4739,40.43,58.17,35.42,8.6941,2.4726,11.1667,0.3696,30.2119,0.5316,0.1374
6298,31.5188,0.479,82.9,1.45,3.6,8.8392,2.4205,11.2597,0.3769,29.8749,0.5225,0.1348
6299,16.4691,0.5213,78.51,0.14,33.29,4.6966,2.6244,7.321,0.4199,17.4354,0.4679,0.2892
6300,23.814,0.3087,49.39,46.37,80.74,5.8572,1.6412,7.4984,0.2414,31.065,0.694,0.0168
6301,37.9013,0.4863,37.41,31.64,77.74,10.6023,2.4938,13.0961,0.3816,34.3187,0.5164,0.1049
6302,34.5621,0.3644,80.35,44.67,57.19,9.1723,1.8814,11.0536,0.2857,38.6916,0.638,0.0157
6303,24.0031,0.3202,53.38,46.09,89.11,6.018,1.6574,7.6754,0.2466,31.1193,0.6875,0.0176
6304,44.8499,0.3413,73.86,0.78,65.55,11.229,1.5621,12.791,0.2443,52.3565,0.6905,0.0153
6305,25.8437,0.6762,9.53,22.56,12.84,6.5501,3.3055,9.8557,0.5392,18.2769,0.3166,0.1821
6306,33.7026,0.422,24.62,74.09,67.86,9.1848,2.1238,11.3086,0.3221,35.1087,0.5917,0.0177
6307,26.3152,0.3714,4.36,25.1,3.73,6.9464,1.475,8.4214,0.2952,28.5327,0.6256,0.0229
6308,34.5365,0.4052,76.08,47.31,66.99,9.4224,2.0299,11.4523,0.3188,35.9264,0.5959,0.0162
6309,45.4712,0.4872,39.78,24.05,88.62,12.7745,2.6361,15.4106,0.3845,40.0839,0.513,0.0911
6310,26.9883,0.5899,60.56,20.2,29.21,7.4418,2.8607,10.3026,0.4583,22.4787,0.4191,0.1319
6311,45.8779,0.341,19.26,66.02,57.69,11.7538,1.8261,13.5799,0.2595,52.3284,0.6711,0.0143
6312,33.2407,0.6027,10.69,38.85,16.56,9.158,3.0449,12.2029,0.4727,25.8143,0.4012,0.129
6313,20.4709,0.5876,72.07,8.51,73.49,5.6316,2.8403,8.4719,0.4651,18.2163,0.4107,0.184
6314,40.6732,0.6025,59.36,85.72,14.58,11.0978,3.1087,14.2065,0.4748,29.9229,0.3984,0.1034
6315,17.1677,0.4674,1.3,38.77,66.5,4.839,2.2957,7.1347,0.3417,20.8808,0.5672,0.2196
6316,43.8084,0.5989,39.6,1.09,6.61,11.7818,3.1339,14.9157,0.4895,30.4742,0.3799,0.0924
6317,20.2901,0.3812,50.49,26.42,79.05,5.283,1.895,7.178,0.2864,25.0601,0.6371,0.0181
6318,30.6818,0.378,55.35,55.16,33.68,8.1125,2.0142,10.1266,0.2953,34.2937,0.6258,0.0164
6319,35.4437,0.4694,38.43,82.52,48.99,9.968,2.4494,12.4174,0.3686,33.6888,0.5331,0.116
6320,33.4123,0.4412,22.44,61.06,20.09,9.3059,2.2393,11.5453,0.339,34.0527,0.5704,0.1318
6321,24.174,0.4706,34.64,31.97,51.89,6.709,2.393,9.102,0.3715,24.5034,0.5292,0.1791
6322,26.7075,0.5491,22.35,32.29,48.64,7.412,2.6122,10.0242,0.433,23.1494,0.4514,0.155
6323,23.0301,0.3681,1.75,15.25,21.12,6.1826,1.8054,7.988,0.2917,27.3841,0.6265,0.0232
6324,36.0052,0.4431,88.87,17.73,58.53,9.9412,2.302,12.2432,0.3449,35.4928,0.5627,0.1116
6325,41.8034,0.4672,74.02,16.47,36.55,11.7364,2.4591,14.1956,0.3648,38.911,0.5377,0.0944
6326,33.2955,0.6722,72.43,45.34,60.9,8.5253,3.294,11.8193,0.5231,22.5939,0.3372,0.1194
6327,22.1784,0.4723,73.75,73.31,79.03,6.156,2.3574,8.5135,0.3675,23.1638,0.5341,0.1693
6328,35.5631,0.4337,45.44,42.83,7.11,9.8267,2.2964,12.1231,0.3315,36.5756,0.58,0.1188
6329,41.8118,0.5046,2.73,50.45,4.51,11.7496,2.6468,14.3964,0.3846,37.4295,0.5128,0.1121
6330,18.6161,0.5167,37.8,35.8,38.31,5.2322,2.5829,7.8152,0.3966,19.7035,0.4972,0.2485
6331,17.0552,0.3627,3.2,70.97,46.54,4.3355,1.8108,6.1463,0.2669,23.0292,0.6615,0.0205
6332,42.0232,0.61,39.27,85.23,2.96,11.3581,3.2255,14.5837,0.479,30.4459,0.393,0.0961
6333,27.7379,0.4262,49.12,18.95,86.22,7.576,2.1478,9.7238,0.3311,29.3716,0.5804,0.0178
6334,41.6281,0.3248,69.86,34.35,54.47,10.5501,1.7171,12.2672,0.2513,48.8219,0.6816,0.0156
6335,34.0767,0.3015,48.61,36.99,81.64,8.24,1.5965,9.8365,0.2317,42.4457,0.7064,0.0163
6336,33.7207,0.5239,82.99,16.35,29.82,9.4098,2.5718,11.9816,0.4109,29.1581,0.479,0.1233
6337,17.0007,0.5186,33.3,80.05,20.22,4.8347,2.5101,7.3448,0.3792,19.3691,0.5194,0.2204
6338,29.1477,0.3017,44.03,66.02,82.71,6.9566,1.5506,8.5071,0.2272,37.4434,0.7119,0.0148
6339,30.2838,0.4541,65.13,42.96,37.6,8.4328,2.2574,10.6901,0.3514,30.422,0.5547,0.1263
6340,18.5305,0.3765,43.14,54.27,54.17,4.8001,1.8578,6.6579,0.2889,23.0456,0.6339,0.0177
6341,30.8779,0.6296,1.27,58.47,46.71,8.4045,3.1892,11.5937,0.4819,24.06,0.3894,0.1501
6342,39.179,0.4771,12.07,35.03,53.42,11.0215,2.4293,13.4508,0.3726,36.1036,0.5278,0.1091
6343,24.8487,0.5983,43.54,49.73,26.19,6.7388,2.9198,9.6587,0.4756,20.307,0.3972,0.157
6344,35.5088,0.5777,18.71,74.53,83.57,9.8076,3.0154,12.823,0.4577,28.0143,0.4198,0.1172
6345,29.3272,0.6222,38.61,21.19,71.36,7.7994,3.0931,10.8925,0.4875,22.3435,0.3824,0.1335
6346,25.7421,0.6043,48.44,37.86,48.61,7.0177,2.8221,9.8398,0.4798,20.5081,0.392,0.152
6347,41.3869,0.4151,3.28,21.78,76.1,11.307,2.1534,13.4604,0.3287,40.952,0.5835,0.0988
6348,17.4836,0.4449,48.88,89.84,50.49,4.7122,2.1619,6.8741,0.33,20.8336,0.5817,0.0204
6349,37.2037,0.6214,59.33,67.71,81.65,9.9009,3.122,13.0229,0.4936,26.3822,0.3747,0.1062
6350,43.9433,0.6799,72.88,57.51,54.4,11.0434,3.4144,14.4578,0.5363,26.9568,0.3205,0.0973
6351,39.5063,0.6455,28.21,83.4,4.42,10.225,3.1428,13.3677,0.5146,25.9794,0.3481,0.101
6352,29.5312,0.4661,81.04,85.38,80.9,8.3127,2.4191,10.7317,0.366,29.3256,0.5362,0.1532
6353,43.3624,0.5867,17.43,11.59,61.11,11.8387,3.0255,14.8642,0.4632,32.0933,0.4132,0.0844
6354,46.3084,0.6324,48.54,18.59,69.73,12.3134,3.231,15.5444,0.4962,31.3293,0.3713,0.0872
6355,19.5294,0.5716,48.39,39.94,43.46,5.4618,2.8445,8.3063,0.4432,18.7436,0.4384,0.1838
6356,44.6513,0.4606,80.75,2.37,74.06,12.5567,2.2981,14.8548,0.3561,41.7113,0.5488,0.0933
6357,20.2347,0.4263,12.35,87.99,27.6,5.504,2.1794,7.6834,0.3324,23.112,0.5787,0.018
6358,39.8943,0.65,0.19,28.8,24.25,10.5732,3.1031,13.6763,0.5103,26.8012,0.3532,0.1186
6359,34.1238,0.5299,76.97,58.25,11.04,9.6432,2.6011,12.2442,0.4086,29.9667,0.4823,0.1234
6360,30.8299,0.4847,72.67,23.38,84.82,8.6875,2.3992,11.0867,0.3758,29.4993,0.5237,0.1346
6361,46.2003,0.3051,3.59,62.82,69.53,11.7317,1.7809,13.5126,0.2539,53.2286,0.6782,0.017
6362,26.8399,0.6428,47.08,73.81,48.71,7.117,3.0343,10.1512,0.4977,20.398,0.3694,0.1362
6363,20.4976,0.3118,79.25,60.89,34.87,4.9237,1.6238,6.5475,0.237,27.6256,0.6997,0.0177
6364,34.0351,0.5723,20.28,2.86,33.96,9.329,2.7869,12.1159,0.4593,26.3774,0.4179,0.1147
6365,35.829,0.6545,23.15,8.42,69.1,9.2204,3.2433,12.4637,0.5113,24.3765,0.3523,0.1054
6366,27.6819,0.3071,72.97,64.77,74.03,6.7836,1.5378,8.3215,0.2322,35.843,0.7058,0.0157
6367,45.126,0.4541,37.7,38.52,62.89,12.6684,2.3766,15.045,0.3557,42.2969,0.5493,0.0922
6368,18.0885,0.4757,57.15,18.29,76.35,4.9781,2.3296,7.3078,0.3649,20.0284,0.5377,0.2092
6369,43.5011,0.3951,48.16,73.19,23.27,11.7406,2.1162,13.8568,0.3053,45.3923,0.6133,0.0153
6370,29.1588,0.6495,71.5,0.72,27.12,7.3885,3.3975,10.786,0.5331,20.2344,0.3248,0.1332
6371,31.952,0.3341,49.23,60.68,35.39,8.2464,1.7462,9.9926,0.2607,38.3277,0.6695,0.0161
6372,42.8743,0.3857,16.6,22.4,81.63,11.4628,2.0786,13.5414,0.2988,45.3159,0.6213,0.0175
6373,45.8928,0.5479,68.17,87.61,18.85,12.8121,2.7693,15.5814,0.4296,36.2692,0.4555,0.0791
6374,34.1145,0.4205,78.44,75.58,4.76,9.272,1.9151,11.1872,0.3165,35.3469,0.599,0.0188
6375,28.6393,0.4528,35.88,72.04,17.98,7.9807,2.1945,10.1753,0.3475,29.2806,0.5594,0.1349
6376,17.555,0.5424,3.24,86.78,29.7,4.9058,2.773,7.6787,0.3906,19.6588,0.5051,0.2574
6377,17.9238,0.4655,65.45,5.08,3.98,5.0096,2.3865,7.3961,0.3656,20.2284,0.5364,0.0222
6378,41.9532,0.5323,74.78,54.05,53.0,11.7849,2.7477,14.5326,0.4151,35.0135,0.4741,0.0967
6379,41.2033,0.6374,11.89,2.68,66.59,10.6425,3.3305,13.9731,0.5201,26.8681,0.3411,0.0988
6380,16.1266,0.6448,72.2,50.37,20.63,4.3193,3.0216,7.3409,0.4962,14.7936,0.3711,0.2266
6381,35.0373,0.6933,62.47,20.64,44.36,8.6846,3.4673,12.1519,0.5462,22.2491,0.3078,0.1185
6382,15.9667,0.4051,22.33,1.54,62.25,4.3058,1.9624,6.2682,0.3177,19.7325,0.5975,0.0211
6383,43.9667,0.4748,33.07,88.24,64.92,12.3607,2.4908,14.8515,0.3705,40.0804,0.5308,0.0979
6384,34.7756,0.598,70.35,18.12,42.75,9.4348,3.0101,12.4449,0.4707,26.4411,0.4036,0.1104
6385,28.7564,0.4821,86.95,66.15,71.99,8.097,2.5069,10.6038,0.3759,28.2062,0.5237,0.132
6386,35.3972,0.6895,41.68,16.67,36.68,8.7477,3.4148,12.1625,0.5461,22.2726,0.3084,0.1154
6387,31.6817,0.51,18.82,80.96,24.56,8.9084,2.5087,11.4171,0.4029,28.3366,0.4895,0.1298
6388,33.5836,0.589,77.61,60.31,63.57,9.2654,2.8831,12.1485,0.4583,26.5069,0.4193,0.119
6389,38.2736,0.3447,55.18,23.52,48.43,10.004,1.7836,11.7876,0.2713,43.4435,0.6562,0.0147
6390,29.2735,0.3371,0.95,52.21,50.01,7.562,1.7096,9.2716,0.2577,35.9783,0.6734,0.0198
6391,29.8153,0.3034,81.07,2.75,61.36,7.1897,1.5313,8.721,0.2221,39.2675,0.7186,0.015
6392,27.6934,0.5796,84.36,41.33,84.28,7.5766,2.8681,10.4447,0.4566,22.8773,0.4217,0.1456
6393,36.0783,0.3677,22.25,61.11,64.53,9.4201,1.9371,11.3572,0.2746,41.3535,0.652,0.018
6394,16.1899,0.6004,7.54,32.99,85.97,4.4773,2.6756,7.153,0.4409,16.2228,0.4405,0.2399
6395,25.4617,0.4249,76.28,56.16,51.62,6.9781,2.0367,9.0149,0.3337,27.0183,0.577,0.0173
6396,23.2074,0.5598,65.38,48.87,38.6,6.4913,2.8376,9.3289,0.4422,21.0957,0.4397,0.1657
6397,32.2577,0.6362,5.36,5.46,27.31,8.5808,3.2858,11.8666,0.4917,24.1333,0.377,0.132
6398,44.5654,0.4833,72.19,43.82,48.32,12.5643,2.5144,15.0787,0.3812,39.5569,0.517,0.0923
6399,16.9149,0.4174,1.97,7.94,43.99,4.4682,1.9996,6.4678,0.2962,21.8326,0.6247,0.0214
6400,34.7224,0.3446,77.6,5.21,55.25,8.9255,1.7167,10.6422,0.2608,40.813,0.6694,0.0168
6401,44.0585,0.3121,39.32,33.98,73.76,11.1071,1.7647,12.8718,0.2478,51.9359,0.6859,0.0142
6402,27.4513,0.5708,42.61,2.88,13.46,7.4862,2.8593,10.3455,0.4621,22.3881,0.4145,0.1583
6403,41.1267,0.3183,22.14,88.99,85.13,10.1693,1.7048,11.8741,0.2389,49.6968,0.6973,0.0155
6404,38.9619,0.3303,2.48,28.37,78.71,10.1637,1.6176,11.7813,0.2747,42.8945,0.6517,0.0165
6405,22.5047,0.3676,3.16,19.86,32.91,6.1135,2.0089,8.1224,0.3037,26.7458,0.6145,0.0212
6406,29.5784,0.3825,23.25,24.95,58.26,7.8186,1.9938,9.8124,0.2922,33.5815,0.6298,0.0166
6407,24.0992,0.6664,51.43,6.13,35.0,5.9526,3.4064,9.359,0.5443,17.1938,0.3103,0.1786
6408,35.9394,0.3364,2.71,62.26,30.02,9.5321,1.934,11.4662,0.2801,40.9417,0.6449,0.0233
6409,36.1261,0.4282,85.77,88.41,14.35,9.8408,2.2873,12.1281,0.3265,37.1486,0.5864,0.1073
6410,42.8314,0.5208,1.17,53.66,59.0,12.1377,2.7159,14.8536,0.4019,36.9599,0.4906,0.0922
6411,19.4016,0.657,60.65,33.9,68.21,4.993,3.1677,8.1607,0.5166,15.7955,0.3453,0.2021
6412,44.0014,0.4088,34.97,16.6,32.87,12.0371,2.1903,14.2274,0.3167,44.9203,0.5986,0.0891
6413,20.1746,0.6978,69.57,8.12,15.04,4.8782,3.4089,8.2871,0.5689,14.5656,0.2789,0.2274
6414,23.855,0.4974,66.14,88.68,8.0,6.6906,2.6771,9.3677,0.3905,23.9897,0.5052,0.1703
6415,37.3354,0.592,64.09,47.62,76.85,10.2833,2.9762,13.2595,0.4643,28.5597,0.4117,0.101
6416,33.8805,0.5373,79.35,11.0,68.75,9.4779,2.6752,12.153,0.422,28.7962,0.465,0.1186
6417,44.5198,0.5553,67.03,36.07,65.32,12.4041,2.8825,15.2866,0.4362,35.0416,0.4471,0.0854
6418,45.5448,0.6332,52.01,2.28,11.83,11.8513,3.1508,15.0021,0.5187,28.9238,0.3425,0.0909
6419,40.7139,0.5002,58.51,72.88,88.16,11.5102,2.5698,14.08,0.3914,35.9763,0.5042,0.1074
6420,27.4919,0.347,74.53,69.44,23.28,6.9835,1.7278,8.7113,0.2601,33.4882,0.6704,0.0157
6421,30.1787,0.5816,61.52,61.62,59.65,8.3428,2.9733,11.3161,0.4499,25.153,0.4298,0.129
6422,28.8011,0.4321,2.07,88.18,15.08,7.9276,2.1405,10.0682,0.3292,30.5798,0.5828,0.1489
6423,22.4313,0.3881,84.85,87.34,41.77,6.0035,1.9727,7.9762,0.2987,26.6998,0.6214,0.022
6424,40.3967,0.5786,64.51,19.77,75.81,11.1683,2.9144,14.0827,0.4533,31.0668,0.4257,0.0953
6425,29.7369,0.4079,48.82,68.41,26.05,8.07,2.1308,10.2007,0.3142,32.4675,0.602,0.0196
6426,32.9422,0.4602,88.61,41.41,84.8,9.1777,2.3027,11.4805,0.3652,31.4375,0.5371,0.1264
6427,40.8169,0.534,32.11,7.28,13.65,11.5029,2.7314,14.2342,0.4188,33.992,0.4695,0.1127
6428,23.5612,0.6872,86.64,29.99,56.64,5.8815,3.392,9.2735,0.5368,17.2766,0.32,0.1711
6429,42.0415,0.4389,69.33,77.77,28.89,11.5883,2.3007,13.889,0.338,41.0957,0.5719,0.0962
6430,38.4082,0.5373,77.54,16.26,35.9,10.7205,2.744,13.4644,0.4241,31.7446,0.4626,0.11
6431,26.5749,0.3007,73.82,50.88,53.24,6.5089,1.453,7.9619,0.2348,33.9161,0.7023,0.0213
6432,18.2909,0.5305,46.88,49.34,57.7,5.1277,2.6484,7.7761,0.4088,19.0207,0.482,0.2297
6433,28.9798,0.381,53.64,15.5,20.65,7.6478,1.8863,9.5341,0.2847,33.4937,0.6391,0.0178
6434,24.817,0.3949,5.56,42.03,49.13,6.7549,1.9112,8.6662,0.3286,26.3718,0.5831,0.0196
6435,24.9845,0.3458,43.42,12.56,25.57,6.3576,1.6297,7.9873,0.2628,30.3874,0.6668,0.0189
6436,34.0388,0.3798,88.86,32.08,64.5,9.0733,1.9249,10.9982,0.2946,37.3273,0.6266,0.0168
6437,33.932,0.5068,65.9,28.55,19.4,9.5676,2.6405,12.2081,0.3974,30.7167,0.4964,0.1158
6438,30.0867,0.6831,35.23,69.47,84.89,7.5046,3.41,10.9146,0.542,20.1379,0.313,0.13
6439,44.9665,0.3178,41.41,4.82,75.72,11.118,1.674,12.792,0.2402,53.253,0.6956,0.0183
6440,18.289,0.456,26.54,84.18,78.0,5.0456,2.1965,7.2422,0.3456,20.9535,0.5619,0.0204
6441,33.7282,0.6365,37.82,25.35,20.46,8.8056,3.2222,12.0278,0.5061,23.764,0.3587,0.1227
6442,16.2267,0.4706,35.16,42.28,59.29,4.4797,2.2345,6.7143,0.3531,19.0162,0.5525,0.249
6443,29.9522,0.3616,65.71,39.78,70.02,7.9062,1.8917,9.7979,0.2863,34.2236,0.6372,0.0174
6444,16.2595,0.6863,48.44,59.5,33.55,4.2339,3.2851,7.519,0.5236,14.3595,0.3365,0.2432
6445,31.6791,0.6584,12.66,77.36,86.92,8.0612,3.3282,11.3894,0.519,21.9428,0.3422,0.1164
6446,30.3641,0.442,84.1,17.48,45.97,8.4203,2.2814,10.7017,0.3477,30.7804,0.5593,0.1467
6447,36.4089,0.3603,89.66,52.27,77.1,9.6137,1.8818,11.4956,0.2786,41.2691,0.647,0.0155
6448,40.128,0.5021,59.84,22.34,88.46,11.2293,2.5065,13.7358,0.3943,34.839,0.5005,0.1102
6449,33.9319,0.3502,19.28,28.26,16.42,8.7041,1.7554,10.4595,0.2603,40.1859,0.6703,0.0168
6450,15.823,0.6519,77.59,22.07,51.87,4.0428,3.1241,7.1669,0.4998,14.3381,0.3668,0.2528
6451,38.1302,0.5277,82.32,25.69,62.6,10.662,2.5734,13.2354,0.4135,32.0078,0.476,0.1026
6452,41.2778,0.6432,48.06,39.63,73.85,10.8099,3.2802,14.0901,0.5074,27.7683,0.3569,0.1004
6453,43.3342,0.5397,80.88,26.33,33.4,12.0468,2.8813,14.9281,0.4234,35.2543,0.4637,0.0939
6454,26.7261,0.653,67.41,85.54,69.95,6.8461,3.2326,10.0787,0.5196,19.3976,0.3413,0.1434
6455,25.4781,0.6174,36.29,0.34,73.89,6.767,3.1979,9.9649,0.4959,20.0949,0.3715,0.148
6456,36.3849,0.6324,43.86,7.01,10.41,9.5052,3.2244,12.7296,0.5079,25.0649,0.3562,0.1053
6457,18.2324,0.4276,8.56,86.78,16.7,4.9068,2.3855,7.2923,0.3283,22.2142,0.5839,0.0231
6458,32.6574,0.4322,29.12,71.86,78.24,8.9559,2.0923,11.0483,0.3335,33.1294,0.5775,0.0158
6459,18.2128,0.6561,53.14,32.58,45.8,4.8522,3.2295,8.0817,0.5102,15.8397,0.3535,0.2017
6460,28.8726,0.6525,48.07,88.89,48.78,7.4919,3.1976,10.6896,0.5087,21.0125,0.3554,0.1407
6461,42.0233,0.3555,87.22,2.86,72.87,10.765,1.8348,12.5998,0.2594,48.5711,0.6713,0.0152
6462,39.4117,0.4002,60.91,34.97,16.63,10.7575,2.113,12.8705,0.3117,41.2979,0.6049,0.0159
6463,37.5967,0.3996,39.55,83.61,66.86,10.2709,2.0884,12.3593,0.3125,39.555,0.604,0.0159
6464,35.0429,0.6208,7.91,75.99,47.94,9.4087,3.1785,12.5872,0.4837,26.0248,0.3871,0.1266
6465,23.5804,0.3266,14.35,84.57,54.55,5.9262,1.6438,7.5699,0.2565,29.5086,0.6748,0.018
6466,45.97,0.6347,27.11,82.95,38.07,12.1591,3.1985,15.3576,0.5005,30.6832,0.3658,0.0942
6467,21.7797,0.31,74.45,83.13,56.02,5.115,1.4574,6.5724,0.2278,28.8501,0.7111,0.016
6468,24.7499,0.6386,60.65,67.75,23.69,6.5878,3.1285,9.7163,0.505,19.2408,0.3601,0.1526
6469,43.4123,0.5221,48.5,7.12,89.31,12.037,2.7004,14.7375,0.4083,36.0931,0.4826,0.0963
6470,16.3232,0.5577,23.68,26.2,68.06,4.5545,2.7427,7.2972,0.417,17.5007,0.4715,0.2426
6471,21.0384,0.3989,54.33,8.06,43.45,5.6795,1.8676,7.5471,0.294,25.6721,0.6273,0.0192
6472,23.1172,0.5363,34.85,81.77,36.78,6.4589,2.8008,9.2597,0.4266,21.7067,0.4595,0.1831
6473,36.1483,0.4195,83.07,83.65,54.99,9.8759,2.1658,12.0417,0.3202,37.6085,0.5944,0.0154
6474,21.5583,0.422,51.37,66.0,29.27,5.883,2.1509,8.0339,0.3204,25.0756,0.5938,0.0186
6475,41.721,0.6214,77.29,77.4,4.66,11.2098,3.3786,14.5884,0.4916,29.6736,0.3771,0.0924
6476,25.9068,0.6155,67.76,5.99,31.21,6.9185,3.0827,10.0011,0.4938,20.2527,0.3742,0.1684
6477,18.7004,0.3592,0.11,2.1,53.26,4.6372,1.6895,6.3267,0.2509,25.216,0.682,0.0219
6478,43.3612,0.3917,88.13,70.29,13.91,11.7863,2.1336,13.92,0.3077,45.2341,0.6102,0.0156
6479,46.0313,0.367,60.97,2.74,81.74,11.9997,1.7295,13.7292,0.2683,51.1804,0.66,0.0173
6480,36.8713,0.4772,15.21,6.23,74.67,10.2139,2.5047,12.7187,0.3714,34.247,0.5292,0.1198
6481,30.2072,0.5635,61.66,6.86,32.21,8.4346,2.7706,11.2052,0.4452,25.1672,0.4358,0.1328
6482,46.9322,0.6092,15.47,38.71,35.11,12.7363,3.1881,15.9244,0.4844,32.8742,0.386,0.0909
6483,17.5925,0.6503,29.12,8.18,48.04,4.3745,3.1802,7.5547,0.5375,14.056,0.3188,0.2538
6484,43.4988,0.3518,56.24,78.42,10.27,11.3731,1.8361,13.2092,0.2704,48.8541,0.6573,0.0164
6485,27.2677,0.5868,14.58,14.21,8.22,7.482,2.7564,10.2385,0.4517,22.6672,0.4277,0.1744
6486,34.06,0.3211,55.4,40.4,76.76,8.4911,1.6607,10.1519,0.2465,41.1918,0.6876,0.0151
6487,44.7244,0.327,49.84,1.84,49.92,10.9938,1.515,12.5088,0.2329,53.6993,0.7048,0.0176
6488,44.0853,0.4198,66.16,16.28,3.28,12.0902,2.2027,14.2928,0.3226,44.3014,0.5911,0.0995
6489,43.3455,0.6894,21.08,61.35,31.86,10.6563,3.4753,14.1316,0.5486,25.7595,0.3049,0.0911
6490,23.4726,0.5206,39.49,41.47,88.19,6.6474,2.7565,9.4039,0.411,22.8796,0.4792,0.1578
6491,41.6146,0.3982,36.16,23.33,10.94,11.2845,2.0758,13.3603,0.3039,43.9621,0.6149,0.0159
6492,42.7546,0.3689,76.86,87.97,42.84,11.2562,2.0552,13.3114,0.2829,47.0494,0.6416,0.0154
6493,37.853,0.6467,51.07,14.64,36.55,9.8488,3.232,13.0808,0.5097,25.6631,0.3544,0.1108
6494,31.6575,0.3661,61.42,48.48,62.63,8.4892,1.8736,10.3628,0.2926,35.4179,0.6293,0.0158
6495,45.9424,0.6906,73.62,68.55,20.45,11.3374,3.4306,14.768,0.5461,27.043,0.3081,0.0826
6496,22.0689,0.6611,40.06,11.48,60.98,5.6343,3.1354,8.7697,0.5201,16.8629,0.341,0.1551
6497,33.1387,0.482,6.9,14.0,66.39,9.2983,2.5053,11.8035,0.3783,31.1979,0.5206,0.1263
6498,31.671,0.3739,28.31,45.75,72.84,8.4436,1.9546,10.3982,0.2915,35.6766,0.6306,0.0179
6499,44.0399,0.5849,6.92,37.31,0.91,12.2445,3.1721,15.4166,0.463,33.2998,0.4134,0.1075
6500,18.8403,0.5921,25.79,28.81,51.22,5.0905,2.8806,7.9712,0.4623,17.2427,0.4143,0.2014
6501,23.3651,0.3304,72.75,75.61,0.21,5.5958,1.644,7.2398,0.2307,31.388,0.7075,0.0172
6502,43.3736,0.4373,48.35,24.01,72.37,12.0476,2.3689,14.4165,0.3444,41.8547,0.5636,0.1006
6503,25.5743,0.4987,44.82,15.13,5.11,7.083,2.4084,9.4915,0.3986,23.8141,0.4948,0.1705
6504,26.8047,0.4844,63.4,88.31,70.07,7.5307,2.3332,9.8639,0.3809,25.8959,0.5172,0.1573
6505,42.3567,0.4006,7.82,15.13,23.87,11.5416,2.145,13.6866,0.306,44.7333,0.6122,0.0171
6506,46.0583,0.6353,33.09,61.38,38.62,12.2943,3.2074,15.5017,0.4963,31.2357,0.371,0.087
6507,44.6605,0.6487,50.69,46.81,41.61,11.7636,3.2647,15.0283,0.5129,29.2992,0.3499,0.0936
6508,19.3386,0.4294,17.47,16.2,39.35,5.1447,2.0818,7.2265,0.3382,21.3699,0.5714,0.0213
6509,22.5779,0.5058,65.57,47.38,69.88,6.2615,2.5154,8.7769,0.3984,22.0306,0.4949,0.1737
6510,25.8978,0.4574,76.29,57.02,25.74,7.1639,2.1843,9.3482,0.3514,26.6011,0.5547,0.1568
6511,46.3217,0.6472,39.64,5.12,45.93,12.0184,3.2298,15.2482,0.5152,29.594,0.3468,0.0919
6512,23.9064,0.4233,54.61,35.56,0.89,6.5615,2.219,8.7805,0.3317,26.4707,0.5798,0.0187
6513,36.8421,0.5088,89.34,18.22,64.26,10.2955,2.5905,12.8861,0.3987,32.3232,0.4948,0.1066
6514,28.3219,0.5747,13.0,82.32,45.58,7.7767,2.9073,10.684,0.4509,23.6931,0.4285,0.1385
6515,26.7817,0.6741,66.55,83.81,81.21,6.7408,3.2782,10.0191,0.5341,18.7584,0.3233,0.1527
6516,36.2139,0.4194,62.33,63.79,11.26,9.896,2.2536,12.1496,0.3173,38.29,0.5978,0.0162
6517,36.7901,0.4984,83.01,60.84,79.47,10.3711,2.5167,12.8878,0.3921,32.8662,0.5032,0.1132
6518,18.605,0.348,27.96,62.72,67.73,4.6365,1.5769,6.2134,0.2536,24.5041,0.6788,0.0201
6519,33.9109,0.5215,52.47,27.61,9.18,9.4946,2.6787,12.1733,0.4062,29.9701,0.4855,0.1236
6520,42.6416,0.3558,34.39,23.1,70.95,11.2373,2.0105,13.2478,0.28,47.3149,0.6451,0.0151
6521,38.9113,0.6461,26.9,57.24,0.74,10.209,3.1154,13.3244,0.5183,25.7097,0.3433,0.117
6522,38.3524,0.5407,35.09,2.79,88.07,10.6276,2.7879,13.4154,0.4295,31.2361,0.4558,0.0984
6523,32.3733,0.3507,83.9,39.87,55.63,8.4606,1.8398,10.3005,0.2743,37.5542,0.6524,0.0148
6524,39.4036,0.4197,31.98,61.11,15.63,10.8433,2.0907,12.934,0.322,40.1654,0.5919,0.1066
6525,28.3767,0.5791,34.73,68.56,10.57,7.8135,2.8226,10.6361,0.4535,23.4534,0.4253,0.1456
6526,44.4995,0.6066,19.36,47.5,73.35,12.0225,3.1051,15.1275,0.4841,31.2468,0.3865,0.092
6527,36.1052,0.5977,79.11,12.46,52.26,9.7837,3.0065,12.7902,0.4711,27.1496,0.403,0.1107
6528,39.2514,0.5216,28.73,1.13,35.12,10.9891,2.7294,13.7186,0.4106,33.4121,0.4798,0.0907
6529,38.0606,0.6093,78.45,82.63,87.46,10.2376,3.0805,13.3181,0.4822,27.6202,0.389,0.1068
6530,40.5755,0.5622,72.23,30.22,9.43,11.3236,2.8573,14.1809,0.4384,32.3461,0.4446,0.1082
6531,43.1509,0.5136,57.86,44.13,44.1,12.2391,2.6757,14.9148,0.4037,36.9447,0.4886,0.0985
6532,44.4026,0.4435,19.1,63.74,66.26,12.4232,2.354,14.7771,0.346,42.7089,0.5615,0.1002
6533,46.9039,0.4922,61.68,9.66,76.27,13.1231,2.5238,15.6469,0.3823,40.9271,0.5158,0.0892
6534,38.5649,0.3437,60.54,78.59,13.4,9.8872,1.7532,11.6404,0.2609,44.6104,0.6693,0.0177
6535,24.2236,0.4683,66.69,82.31,13.88,6.7653,2.4451,9.2104,0.3613,25.4937,0.5423,0.1634
6536,31.3127,0.6935,27.56,48.61,73.99,7.6502,3.4076,11.0577,0.5515,20.0498,0.3009,0.118
6537,16.0249,0.5143,2.57,61.7,32.34,4.4777,2.2598,6.7376,0.3762,17.9116,0.5234,0.2897
6538,21.9015,0.3568,67.07,4.09,25.71,5.4599,1.5884,7.0484,0.2449,28.7799,0.6896,0.0184
6539,35.5999,0.6397,41.87,25.73,23.14,9.3565,3.2684,12.6249,0.5078,24.8599,0.3566,0.1228
6540,34.9964,0.5022,50.78,67.56,83.6,9.8442,2.5806,12.4249,0.395,31.4523,0.4993,0.1217
6541,43.4432,0.4353,74.9,51.62,58.51,12.0113,2.3313,14.3427,0.3391,42.2908,0.5702,0.0992
6542,42.5272,0.4245,5.75,55.06,5.07,11.7041,2.3162,14.0203,0.3246,43.1868,0.5886,0.0995
6543,17.7757,0.4455,55.65,6.97,0.95,4.9326,2.2978,7.2304,0.3424,21.1187,0.566,0.024
6544,31.0845,0.4749,65.42,11.57,76.93,8.5606,2.4104,10.971,0.371,29.5733,0.5301,0.1198
6545,19.6733,0.5426,14.2,32.37,13.09,5.5024,2.6313,8.1337,0.4249,19.1435,0.4618,0.1872
6546,18.6913,0.6251,89.86,81.88,31.69,5.0578,3.0603,8.1181,0.4813,16.8677,0.3903,0.2085
6547,40.1176,0.4348,68.11,67.84,53.44,11.0997,2.3227,13.4224,0.3373,39.796,0.5724,0.1018
6548,34.004,0.6424,38.52,68.32,86.64,8.8313,3.2303,12.0616,0.5109,23.6073,0.3526,0.1169
6549,16.1653,0.4405,12.78,33.75,27.16,4.548,2.0799,6.6278,0.3274,20.2451,0.585,0.0247
6550,32.4273,0.429,11.3,68.47,60.82,8.9906,2.1001,11.0907,0.3352,33.0912,0.5754,0.1301
6551,38.4038,0.5385,20.81,41.55,7.41,10.8362,2.6298,13.466,0.4238,31.7756,0.4629,0.114
6552,40.0479,0.5713,27.52,66.69,9.75,11.1155,2.7734,13.8888,0.4482,30.9901,0.4322,0.112
6553,33.5877,0.5971,7.83,14.14,89.2,9.1074,3.0122,12.1196,0.4649,26.0668,0.411,0.1265
6554,45.6676,0.5185,76.77,82.67,77.11,12.8779,2.6145,15.4924,0.4068,38.079,0.4844,0.096
6555,43.0016,0.6242,3.5,20.35,79.95,11.6241,3.193,14.8171,0.4729,31.3319,0.4008,0.0853
6556,38.552,0.558,58.41,75.33,37.38,10.7441,2.7598,13.5039,0.4355,31.0092,0.4483,0.1029
6557,29.0187,0.5208,56.53,29.55,75.11,8.1491,2.6192,10.7683,0.4052,26.577,0.4867,0.1336
6558,26.6497,0.5247,87.12,56.96,0.16,7.4773,2.3983,9.8756,0.404,24.4428,0.488,0.1507
6559,39.7015,0.6142,67.38,77.94,22.72,10.7149,3.0892,13.804,0.4815,28.6679,0.39,0.1024
6560,36.8476,0.4782,55.08,4.26,11.36,10.4089,2.4769,12.8858,0.3707,34.7574,0.5303,0.1219
6561,22.2372,0.4588,50.13,21.53,17.05,6.1957,2.1854,8.3811,0.349,24.0171,0.5578,0.1866
6562,36.6855,0.6154,78.8,56.28,19.37,9.8987,3.1521,13.0508,0.4849,26.9144,0.3857,0.1021
6563,32.3193,0.6309,10.86,47.94,40.09,8.5426,3.2127,11.7553,0.5001,23.5061,0.3664,0.1378
6564,28.6638,0.5372,74.82,84.51,54.75,7.9758,2.7563,10.7321,0.4173,25.717,0.4711,0.1344
6565,36.6756,0.5502,80.35,50.79,88.83,10.2381,2.7752,13.0134,0.4353,29.8984,0.4486,0.1086
6566,23.9828,0.6147,34.88,23.67,1.93,6.3375,3.3442,9.6817,0.4988,19.4096,0.3678,0.1636
6567,24.1748,0.3691,72.99,74.23,49.51,6.3341,1.8479,8.182,0.284,28.8082,0.64,0.0187
6568,25.0185,0.3433,71.89,27.39,21.91,6.3683,1.684,8.0523,0.2646,30.4339,0.6646,0.0152
6569,39.7631,0.5568,85.55,24.5,28.18,11.0092,2.7884,13.7976,0.4352,31.7065,0.4485,0.0997
6570,20.3904,0.3948,66.47,12.49,68.48,5.5048,1.8431,7.3478,0.3,24.4954,0.6198,0.0175
6571,26.8744,0.3336,4.34,87.27,65.98,6.9836,1.5662,8.5498,0.276,30.9776,0.6502,0.0176
6572,30.5029,0.6375,89.7,62.11,7.78,7.9144,3.3459,11.2603,0.505,22.2969,0.3601,0.1177
6573,22.6724,0.4483,8.23,74.43,1.4,6.2953,2.4111,8.7064,0.3457,25.1844,0.5618,0.2039
6574,21.8873,0.5016,69.48,8.87,32.17,6.1289,2.4217,8.5506,0.3879,22.0406,0.5081,0.172
6575,42.7464,0.3921,72.39,1.74,41.11,11.4512,1.9718,13.4231,0.2931,45.7951,0.6285,0.0163
6576,45.865,0.3484,12.2,12.07,22.88,11.7271,1.828,13.5552,0.2603,52.0699,0.6699,0.0199
6577,27.7004,0.4332,47.17,73.64,13.98,7.6895,2.1108,9.8003,0.3246,30.1888,0.5886,0.0208
6578,37.5205,0.4811,28.39,83.97,33.88,10.4796,2.4167,12.8963,0.3762,34.2783,0.5232,0.1102
6579,44.0526,0.3144,52.26,85.12,79.29,11.2228,1.6972,12.92,0.2509,51.4977,0.6822,0.0145
6580,37.6034,0.5968,59.74,52.65,53.43,10.2815,3.0412,13.3227,0.4658,28.6024,0.4096,0.1132
6581,45.5941,0.4047,89.52,65.98,75.81,12.5215,2.0996,14.6211,0.3173,46.0797,0.5979,0.0965
6582,44.6328,0.3854,16.85,64.5,2.4,12.0571,1.9269,13.984,0.2913,47.9996,0.631,0.0179
6583,19.4525,0.361,45.81,52.61,4.69,5.0088,1.7288,6.7376,0.2638,25.54,0.6655,0.0179
6584,19.1909,0.4417,22.01,8.45,88.32,5.1218,1.8541,6.9759,0.3356,20.7846,0.5733,0.0244
6585,40.3248,0.5325,87.85,27.54,75.06,11.212,2.6469,13.859,0.4094,33.8506,0.4813,0.0978
6586,23.3856,0.654,29.96,12.04,23.6,6.0422,3.1638,9.206,0.5206,17.6827,0.3402,0.1664
6587,20.5875,0.512,85.29,14.86,45.9,5.8424,2.5109,8.3533,0.4022,20.7705,0.4903,0.2049
6588,30.1128,0.596,0.35,79.37,39.12,8.3737,3.0289,11.4026,0.4611,24.7277,0.4158,0.1409
6589,33.4351,0.4007,77.0,18.95,63.53,9.0908,2.0271,11.118,0.3114,35.7018,0.6053,0.0169
6590,40.0626,0.5164,37.85,48.45,64.71,11.303,2.567,13.87,0.4047,34.2732,0.487,0.1052
6591,26.4976,0.4586,47.62,66.8,7.32,7.3703,2.0567,9.427,0.3529,26.7101,0.5527,0.1593
6592,41.9802,0.6611,0.13,42.82,42.28,11.1034,3.3719,14.4753,0.5171,27.9909,0.3446,0.0946
6593,24.2748,0.4513,57.33,34.09,69.99,6.6928,2.266,8.9588,0.3599,24.8949,0.5439,0.1608
6594,32.2568,0.3083,3.38,68.47,37.05,8.2274,1.8857,10.1131,0.2588,39.0716,0.672,0.0207
6595,19.1735,0.33,41.31,67.91,0.26,4.6349,1.4407,6.0757,0.2382,25.5077,0.6982,0.0201
6596,20.485,0.4187,44.48,38.58,2.89,5.573,1.9806,7.5536,0.3143,24.0321,0.6016,0.0185
6597,27.6948,0.691,40.02,54.57,34.22,6.7077,3.3689,10.0767,0.5467,18.4309,0.3072,0.1374
6598,30.4066,0.3243,28.63,66.48,65.64,7.5181,1.6585,9.1766,0.2387,38.4485,0.6976,0.016
6599,19.695,0.5617,7.81,67.38,12.88,5.3937,2.9173,8.311,0.4307,19.2946,0.4543,0.2239
6600,23.6183,0.3076,16.98,7.5,50.69,5.5961,1.4684,7.0645,0.2235,31.6063,0.7165,0.0179
6601,23.2946,0.3443,44.36,0.19,19.53,5.6557,1.6444,7.3001,0.2313,31.5583,0.7069,0.0173
6602,35.9912,0.4596,45.44,65.38,12.81,10.0745,2.4044,12.4789,0.3533,35.3173,0.5522,0.1127
6603,40.2479,0.4825,25.73,48.23,60.92,11.3878,2.4356,13.8235,0.3816,36.2286,0.5167,0.1043
6604,16.3581,0.4628,48.97,66.83,55.58,4.4139,2.1192,6.5331,0.3454,18.917,0.5622,0.2138
6605,44.6007,0.6154,64.15,25.88,1.54,11.9042,3.2166,15.1209,0.4902,30.8475,0.3789,0.095
6606,33.1728,0.4747,4.77,12.68,64.05,9.302,2.5683,11.8703,0.3745,31.6939,0.5253,0.1334
6607,44.4677,0.4846,62.96,41.76,39.56,12.5555,2.5151,15.0706,0.3793,39.7315,0.5194,0.0966
6608,21.2875,0.3029,48.63,69.1,65.59,5.0688,1.4387,6.5075,0.2284,28.4977,0.7108,0.0254
6609,29.2794,0.5714,85.33,83.19,72.45,8.1487,3.0004,11.1492,0.4446,25.0757,0.4367,0.1411
6610,23.8557,0.6696,73.4,59.4,88.79,6.0769,3.3038,9.3807,0.5307,17.6753,0.3276,0.1535
6611,22.4382,0.3974,2.79,73.09,72.28,6.0664,2.2177,8.2842,0.3252,25.4726,0.5878,0.0195
6612,16.1947,0.6125,53.51,44.34,48.96,4.511,2.8994,7.4105,0.4703,15.7568,0.4043,0.2201
6613,29.7381,0.6054,75.34,86.13,43.69,7.9987,3.1318,11.1304,0.4714,23.6119,0.4028,0.1259
6614,27.0376,0.4272,23.04,30.58,89.34,7.3738,2.0965,9.4703,0.3247,29.1661,0.5885,0.0176
6615,29.5154,0.6252,41.55,2.37,88.6,7.7511,3.2573,11.0084,0.5063,21.7426,0.3581,0.1394
6616,45.3627,0.5796,3.61,17.96,42.36,12.6144,3.1407,15.755,0.4483,35.1425,0.4319,0.0879
6617,26.0611,0.3809,83.04,22.85,11.51,6.9722,1.7519,8.7241,0.2921,29.864,0.6298,0.0187
6618,36.0322,0.5604,1.41,53.35,52.96,10.0899,2.8637,12.9536,0.4377,29.5976,0.4451,0.1211
6619,39.0597,0.3178,71.48,22.98,47.17,9.7932,1.6331,11.4263,0.2488,45.9279,0.6847,0.0142
6620,31.5933,0.3531,16.03,20.88,39.03,8.1295,1.7544,9.8839,0.2688,36.7702,0.6592,0.0166
6621,20.5761,0.3454,13.53,16.7,44.45,5.4508,1.7334,7.1842,0.2747,26.1525,0.6515,0.0177
6622,20.9845,0.6104,5.26,38.16,89.66,5.6465,3.0708,8.7173,0.4648,18.7546,0.4112,0.1864
6623,18.4166,0.6786,4.2,69.9,64.73,4.8862,3.2914,8.1776,0.4961,16.483,0.3714,0.2282
6624,38.8539,0.3015,67.95,24.91,79.65,9.4883,1.5546,11.0429,0.2352,46.9505,0.702,0.0159
6625,18.6583,0.309,22.19,51.52,33.87,4.5964,1.5673,6.1636,0.2324,26.5163,0.7055,0.0223
6626,45.0755,0.5344,33.41,56.1,21.81,12.7184,2.7654,15.4838,0.4203,36.8432,0.4673,0.0928
6627,45.2614,0.5335,84.79,19.6,4.34,12.6379,2.7068,15.3447,0.4189,36.6334,0.4692,0.0955
6628,28.8348,0.3577,36.28,55.52,10.52,7.5118,1.7861,9.2979,0.2655,35.0231,0.6635,0.0157
6629,16.6547,0.4511,72.74,10.03,18.39,nan,nan,nan,nan,nan,nan,nan
6630,46.1472,0.3375,89.3,47.42,40.99,11.7564,1.7188,13.4752,0.2552,52.7984,0.6766,0.0139
6631,34.2288,0.5238,60.43,61.23,80.04,9.5896,2.5625,12.1521,0.4119,29.503,0.4782,0.1217
6632,26.8063,0.4503,22.17,8.31,8.0,7.3726,2.1265,9.4991,0.3391,28.0164,0.5703,0.1694
6633,19.5703,0.4345,4.88,11.55,78.48,5.3713,2.3746,7.7459,0.3353,23.1028,0.5752,0.0232
6634,27.6785,0.6715,65.49,48.8,43.16,7.0545,3.1528,10.2073,0.5241,19.4772,0.3357,0.1393
6635,16.5473,0.6601,24.69,62.8,68.03,4.3769,3.2102,7.5871,0.509,14.9059,0.3549,0.2605
6636,19.6469,0.4585,63.76,50.73,27.46,5.5125,2.2943,7.8068,0.3471,22.4897,0.56,0.2269
6637,20.0798,0.6034,60.35,32.46,45.26,5.4493,2.978,8.4273,0.4742,17.7709,0.3991,0.1949
6638,23.5341,0.5614,21.46,58.12,19.73,6.6273,2.8056,9.433,0.4402,21.4282,0.4421,0.1879
6639,22.863,0.5388,36.62,85.63,31.96,6.4177,2.8054,9.2231,0.4242,21.7448,0.4624,0.1747
6640,30.4498,0.6593,86.09,71.64,59.48,7.7877,3.3887,11.1764,0.5246,21.305,0.3354,0.1345
6641,16.1603,0.3877,78.01,79.31,32.35,4.1476,1.7252,5.8727,0.2732,21.4975,0.6537,0.0194
6642,25.6821,0.4486,55.4,55.54,21.42,7.1409,2.1265,9.2674,0.3522,26.3132,0.5536,0.1647
6643,23.3123,0.4923,66.27,12.28,58.84,6.4983,2.3987,8.897,0.3782,23.5227,0.5207,0.1851
6644,26.7666,0.5333,45.36,71.27,61.18,7.5275,2.5946,10.1221,0.4142,24.4388,0.4752,0.1467
6645,19.7476,0.5876,25.54,52.64,19.46,5.428,2.8715,8.2996,0.464,17.8858,0.4119,0.2381
6646,16.6932,0.5696,59.66,48.99,63.84,4.7294,2.6882,7.4176,0.427,17.3696,0.4588,0.2404
6647,21.9043,0.3548,24.66,9.14,57.74,5.6403,1.7263,7.3666,0.2643,27.8747,0.6649,0.0179
6648,41.387,0.3301,2.72,89.66,86.27,10.7734,1.811,12.5844,0.2732,46.06,0.6539,0.018
6649,30.8576,0.6418,84.86,89.18,24.09,7.99,3.3275,11.3175,0.5099,22.1961,0.3541,0.125
6650,37.9595,0.6199,49.71,0.27,69.48,10.0657,3.2267,13.2925,0.4973,26.7298,0.37,0.1087
6651,29.3247,0.5083,46.48,87.69,73.72,8.2629,2.6359,10.8988,0.4019,27.1193,0.4908,0.1457
6652,45.966,0.5465,64.62,11.84,17.55,12.8087,2.8825,15.6912,0.4318,36.3351,0.4529,0.0889
6653,40.6088,0.5473,45.39,2.46,9.56,11.3657,2.8166,14.1823,0.4345,32.6436,0.4495,0.1102
6654,23.4619,0.6669,73.35,24.06,25.38,5.9981,3.2604,9.2584,0.5273,17.5598,0.3317,0.1756
6655,42.8868,0.5499,79.18,14.18,70.88,11.9244,2.8968,14.8213,0.4355,34.0335,0.4481,0.0975
6656,25.3415,0.3639,76.88,10.63,78.28,6.5577,1.892,8.4497,0.2849,29.655,0.6387,0.0191
6657,43.7134,0.698,7.0,79.09,53.19,10.5669,3.5374,14.1043,0.5542,25.4478,0.2975,0.0858
6658,20.0999,0.4269,29.99,33.31,42.51,5.5001,2.0704,7.5705,0.32,23.6572,0.5945,0.0199
6659,41.92,0.3698,23.68,24.17,24.51,11.0799,1.9738,13.0537,0.2819,46.3118,0.6427,0.0154
6660,36.398,0.3568,51.43,4.28,27.82,9.3433,1.845,11.1883,0.2647,42.2742,0.6648,0.0179
6661,36.1229,0.3919,63.96,4.84,32.1,9.6142,1.9938,11.608,0.2929,39.6324,0.6289,0.0173
6662,45.5627,0.3468,15.66,14.79,48.05,11.6055,1.8723,13.4778,0.2602,51.802,0.6702,0.0164
6663,28.7182,0.3589,42.22,62.28,72.81,7.4138,1.7384,9.1522,0.2724,33.5967,0.6546,0.0169
6664,31.35,0.4521,6.04,27.2,78.91,8.641,2.4264,11.0675,0.3527,31.3799,0.553,0.1463
6665,16.7095,0.464,74.95,17.93,4.25,4.6957,2.3763,7.072,0.3565,19.8374,0.5484,0.2515
6666,38.0456,0.3333,39.66,84.47,35.32,9.65,1.72,11.3699,0.255,44.5964,0.6771,0.0146
6667,46.5924,0.5282,38.58,50.12,8.85,13.2424,2.6938,15.9362,0.4128,38.6066,0.4772,0.0955
6668,17.3747,0.6631,4.98,74.47,71.36,4.6909,3.0699,7.7608,0.4821,16.0982,0.3894,0.2328
6669,42.5323,0.3696,24.51,43.0,45.43,11.2278,1.9924,13.2201,0.2824,46.8196,0.6422,0.0155
6670,38.5429,0.3377,73.03,41.22,87.19,9.9432,1.7379,11.6811,0.2642,44.2125,0.6651,0.0155
6671,37.2429,0.3241,74.43,7.26,80.33,9.2944,1.6978,10.9922,0.2517,43.6785,0.6809,0.0166
6672,23.5464,0.6555,12.07,8.16,22.54,6.1037,3.2521,9.3558,0.5173,18.0847,0.3444,0.172
6673,23.4875,0.6343,3.16,31.19,67.19,6.2362,3.0801,9.3163,0.4913,18.9631,0.3775,0.1634
6674,42.8237,0.6801,85.76,30.22,37.11,10.8656,3.4711,14.3367,0.5281,27.1458,0.3309,0.0863
6675,37.5818,0.5377,16.71,4.94,43.52,10.4988,2.7568,13.2556,0.4209,31.4961,0.4666,0.1041
6676,34.3439,0.5315,72.38,16.72,63.23,9.6581,2.6502,12.3083,0.4161,29.5794,0.4727,0.1173
6677,32.9134,0.3084,13.63,16.27,27.97,7.9941,1.4312,9.4252,0.2303,40.9274,0.7079,0.0184
6678,20.4163,0.4006,10.48,42.17,49.4,5.5994,2.08,7.6794,0.3254,23.6002,0.5878,0.0211
6679,46.5562,0.5593,73.73,11.01,17.72,12.913,2.9678,15.8808,0.4416,35.96,0.4401,0.094
6680,42.5368,0.6238,7.61,72.51,39.55,11.3583,3.2213,14.5796,0.4943,29.4967,0.3734,0.1011
6681,43.1948,0.3729,54.16,27.19,50.49,11.6063,2.0326,13.6389,0.2926,46.607,0.6292,0.0153
6682,45.8338,0.4027,36.91,63.92,89.84,12.4797,2.114,14.5937,0.3124,46.716,0.6044,0.0912
6683,21.7283,0.5171,29.77,55.07,71.34,6.0317,2.5342,8.5659,0.4038,21.2145,0.4884,0.1793
6684,34.5113,0.4985,73.92,9.2,50.65,9.6197,2.4612,12.0809,0.3897,30.997,0.5062,0.1101
6685,27.6527,0.5629,23.59,67.31,87.69,7.5418,2.7788,10.3206,0.4462,23.132,0.4347,0.1444
6686,27.8094,0.3206,10.86,79.61,45.46,6.8886,1.558,8.4465,0.2488,33.9491,0.6847,0.0187
6687,38.7544,0.6396,33.73,78.83,41.39,10.1093,3.1503,13.2596,0.5063,26.1876,0.3586,0.103
6688,37.0794,0.3106,9.55,77.17,72.05,9.1799,1.5857,10.7657,0.2378,45.2663,0.6987,0.0204
6689,40.9554,0.6399,69.87,78.1,52.91,10.7034,3.3594,14.0628,0.5097,27.5886,0.3539,0.1025
6690,17.7165,0.414,69.24,19.41,3.21,4.8153,2.2099,7.0251,0.3234,21.7227,0.5901,0.0207
6691,36.2271,0.689,64.51,41.86,79.73,9.0766,3.4115,12.488,0.5375,23.2353,0.3191,0.1047
6692,29.6341,0.3128,55.22,41.9,28.89,7.285,1.6966,8.9816,0.238,37.7387,0.6984,0.0144
6693,44.8436,0.585,32.07,20.85,57.34,12.3303,2.9966,15.327,0.4589,33.4014,0.4188,0.0958
6694,26.3633,0.3231,21.92,45.89,76.45,6.5994,1.6229,8.2223,0.2452,33.5384,0.6894,0.0169
6695,42.8291,0.4066,21.27,54.79,50.13,11.7224,2.1483,13.8707,0.312,44.4623,0.6047,0.0153
6696,18.0024,0.5079,11.99,39.27,89.01,4.9468,2.3277,7.2745,0.388,18.7467,0.5082,0.2217
6697,44.0755,0.3586,77.74,85.06,37.1,11.5263,1.922,13.4483,0.2788,48.2426,0.6467,0.0154
6698,39.5164,0.4368,0.54,46.77,39.0,11.0856,2.0926,13.1781,0.341,38.6446,0.5679,0.1068
6699,38.147,0.5119,8.62,59.04,21.09,10.8287,2.6169,13.4456,0.4023,33.4189,0.4903,0.1082
6700,38.9076,0.5763,55.7,88.95,71.73,10.7701,2.9011,13.6712,0.4528,30.1922,0.4265,0.1
6701,27.5711,0.6545,84.5,75.23,23.53,7.1974,3.249,10.4464,0.5098,20.4894,0.3542,0.142
6702,28.5316,0.6995,86.81,61.56,49.43,7.0397,3.3888,10.4284,0.5435,19.1885,0.3115,0.1366
6703,24.9792,0.4544,32.6,71.83,4.97,7.0144,2.3127,9.3271,0.3517,26.5164,0.5543,0.1591
6704,36.3516,0.4494,78.58,8.1,33.24,10.0618,2.2302,12.292,0.3497,35.1548,0.557,0.1032
6705,31.7847,0.5344,43.05,65.56,40.99,8.8945,2.7119,11.6063,0.4189,27.7096,0.4694,0.1259
6706,46.3982,0.4202,53.59,44.17,17.57,12.7692,2.2294,14.9986,0.322,46.5797,0.5918,0.0902
6707,15.851,0.418,68.6,64.42,7.67,4.1113,1.7656,5.8769,0.2885,20.3673,0.634,0.0178
6708,34.5134,0.6862,78.37,79.34,39.39,8.6462,3.3692,12.0153,0.5333,22.5316,0.3246,0.1099
6709,23.9535,0.4131,74.37,75.0,23.17,6.3622,2.1201,8.4823,0.3125,27.1445,0.6039,0.0213
6710,29.0759,0.3875,13.82,44.61,76.98,7.7879,1.9643,9.7521,0.2963,32.9123,0.6246,0.0182
6711,41.2511,0.4413,53.52,48.75,3.34,11.5324,2.3249,13.8573,0.334,41.4911,0.5769,0.1015
6712,16.0514,0.518,54.16,14.76,53.78,4.4251,2.5115,6.9366,0.391,17.7404,0.5045,0.2593
6713,24.6734,0.5143,11.31,51.46,5.73,6.9781,2.6048,9.5828,0.4085,23.46,0.4823,0.1999
6714,25.7945,0.45,8.39,77.83,85.31,7.0746,2.0813,9.1559,0.36,25.4336,0.5438,0.1629
6715,34.3656,0.3119,58.53,68.4,19.65,8.4304,1.6183,10.0487,0.2343,42.8928,0.7031,0.0152
6716,45.3153,0.4241,45.49,27.97,60.96,12.5442,2.2093,14.7535,0.3322,44.4144,0.579,0.087
6717,34.375,0.3643,85.45,23.59,37.54,9.0195,1.9154,10.9349,0.2843,38.46,0.6397,0.0178
6718,37.8046,0.3057,89.1,76.51,58.61,9.1313,1.5254,10.6567,0.2282,46.7057,0.7109,0.0139
6719,36.4009,0.6833,25.76,56.81,87.76,8.9683,3.4671,12.4354,0.548,22.6928,0.3054,0.1085
6720,31.105,0.598,67.02,21.89,66.29,8.4791,3.0411,11.5202,0.4698,24.521,0.4046,0.1214
6721,37.9057,0.6941,31.71,64.47,83.12,9.2245,3.4794,12.7039,0.5534,22.9541,0.2988,0.1
6722,32.2385,0.4905,14.52,45.68,71.13,9.0547,2.4059,11.4607,0.3819,30.0068,0.5158,0.1269
6723,29.3936,0.3655,89.17,49.64,40.45,7.748,1.8787,9.6267,0.2858,33.6821,0.6381,0.0154
6724,30.8677,0.588,43.33,16.13,9.69,8.335,3.0184,11.3535,0.4672,24.3013,0.408,0.1493
6725,29.6908,0.3921,32.56,0.46,62.83,7.9935,1.9758,9.9693,0.2926,34.0671,0.6291,0.0171
6726,29.2165,0.4293,49.92,43.44,30.01,8.0201,2.1581,10.1782,0.3264,31.1806,0.5863,0.017
6727,36.5046,0.4933,71.05,58.25,63.63,10.2641,2.5723,12.8364,0.3834,33.4816,0.5144,0.1191
6728,16.7539,0.3476,60.61,85.56,49.97,4.2202,1.6849,5.905,0.2493,23.6883,0.6841,0.0178
6729,35.9938,0.504,52.8,38.39,42.19,10.1688,2.5602,12.7291,0.3945,32.2652,0.5001,0.1194
6730,27.2378,0.5755,54.36,86.8,66.33,7.5621,2.8204,10.3825,0.4506,23.0417,0.4291,0.1616
6731,39.7238,0.5266,37.25,8.9,38.7,11.158,2.6697,13.8277,0.4124,33.5295,0.4772,0.1063
6732,32.6134,0.5515,81.77,75.45,37.09,9.0235,2.6903,11.7138,0.4297,27.2622,0.4556,0.1177
6733,39.5907,0.5484,52.93,73.29,34.18,11.0707,2.7564,13.8271,0.4291,32.2267,0.4563,0.108
6734,45.9948,0.6349,13.73,77.77,4.81,12.0877,3.1303,15.218,0.5089,29.9042,0.3551,0.0901
6735,46.3855,0.459,24.19,46.32,50.54,13.0139,2.4419,15.4558,0.3573,43.2521,0.5472,0.0909
6736,23.3482,0.5386,81.41,31.54,11.8,6.51,2.8015,9.3115,0.4194,22.2038,0.4685,0.1657
6737,16.1962,0.5627,19.39,74.19,70.87,4.5065,2.5713,7.0778,0.4259,16.6168,0.4603,0.2505
6738,32.5165,0.55,64.26,82.99,72.46,9.0779,2.6888,11.7667,0.4312,27.2904,0.4536,0.1248
6739,41.8836,0.5557,87.55,56.35,20.83,11.6337,2.8615,14.4952,0.4383,33.0733,0.4449,0.0991
6740,35.2476,0.5096,55.87,78.79,63.05,9.9191,2.5962,12.5154,0.3967,31.5507,0.4974,0.1192
6741,41.8627,0.5284,86.31,44.18,68.89,11.7019,2.7763,14.4781,0.419,34.5507,0.469,0.0961
6742,32.6464,0.3828,77.85,12.06,73.84,8.7468,1.8694,10.6162,0.3036,34.9634,0.6151,0.0175
6743,35.7697,0.6683,8.24,60.77,44.46,9.1658,3.3989,12.5646,0.5256,23.9047,0.3343,0.1159
6744,28.5592,0.3862,46.87,78.61,87.41,7.6695,1.9767,9.6462,0.293,32.9224,0.6287,0.0168
6745,18.707,0.6974,41.1,88.17,84.73,4.6687,3.4546,8.1233,0.5409,15.0187,0.3148,0.2187
6746,16.1949,0.3828,46.6,82.77,69.26,4.2391,1.7065,5.9456,0.2872,20.704,0.6359,0.0177
6747,36.1406,0.5936,17.47,49.23,85.2,9.9331,3.0728,13.006,0.4717,27.5721,0.4021,0.1133
6748,17.4861,0.4348,65.42,20.2,23.24,4.7216,2.1281,6.8497,0.327,20.9476,0.5853,0.022
6749,41.7062,0.3749,50.89,36.12,83.79,11.0642,2.0161,13.0803,0.2901,45.0906,0.6325,0.0164
6750,44.8083,0.4445,64.85,67.52,26.11,12.4362,2.3051,14.7412,0.3465,42.545,0.5611,0.0919
6751,25.7599,0.3472,6.55,68.47,60.44,6.7586,1.5517,8.3103,0.284,29.2586,0.6398,0.0195
6752,20.1421,0.5306,34.2,68.37,53.56,5.5626,2.6318,8.1944,0.4147,19.7578,0.4744,0.1977
6753,36.5433,0.3501,77.09,1.69,0.34,8.9872,1.7886,10.7758,0.2369,45.4777,0.6997,0.0177
6754,24.4177,0.588,8.08,16.16,83.69,6.5932,2.9397,9.5329,0.4633,20.5765,0.4129,0.1615
6755,28.917,0.5414,10.15,36.38,9.71,8.1794,2.6793,10.8587,0.4098,26.4984,0.4806,0.159
6756,37.2318,0.382,68.59,52.17,5.83,9.8902,2.0018,11.8921,0.2882,41.267,0.6348,0.0161
6757,46.8506,0.3043,40.9,75.06,43.09,11.5387,1.5978,13.1364,0.2346,56.0039,0.7028,0.0144
6758,38.3091,0.4417,6.49,81.63,88.02,10.5112,2.2073,12.7185,0.3483,36.5117,0.5585,0.0976
6759,25.1842,0.6408,27.99,53.88,66.89,6.4965,3.2473,9.7439,0.5078,19.1878,0.3568,0.1573
6760,19.4081,0.397,63.5,83.91,9.56,5.1503,1.9335,7.0838,0.3064,23.1173,0.6116,0.0175
6761,35.825,0.3385,25.19,61.87,54.96,9.2111,1.8827,11.0938,0.2587,42.8905,0.6722,0.0154
6762,16.4578,0.3389,43.81,66.6,84.77,4.0814,1.6111,5.6925,0.2495,22.8144,0.6837,0.0183
6763,25.1363,0.4969,61.49,43.77,55.33,7.0861,2.3218,9.4079,0.3876,24.2697,0.5089,0.1598
6764,18.3666,0.459,48.65,28.85,49.21,4.9888,2.2841,7.2729,0.3469,20.9638,0.5602,0.2057
6765,20.3942,0.3608,34.59,70.71,50.63,5.2955,1.8718,7.1673,0.2827,25.356,0.6416,0.0161
6766,32.5744,0.517,1.99,5.53,64.46,9.1332,2.7651,11.8983,0.4037,29.4731,0.4882,0.1248
6767,33.7554,0.38,35.71,4.73,58.25,9.0086,1.9172,10.9258,0.2882,37.9135,0.6348,0.017
6768,25.6333,0.6195,9.95,80.54,12.18,6.8504,3.0063,9.8567,0.4832,20.3991,0.3876,0.1764
6769,42.4773,0.4596,20.18,38.83,56.83,11.945,2.4018,14.3468,0.3565,40.2402,0.5482,0.0993
6770,23.1834,0.4526,27.63,71.86,57.69,6.4171,2.2152,8.6323,0.3458,24.96,0.5616,0.1693
6771,28.1668,0.4467,62.1,40.76,16.8,7.7775,2.1057,9.8831,0.3428,28.827,0.5656,0.1382
6772,41.6112,0.6922,86.33,48.58,76.24,10.2209,3.5141,13.735,0.5497,24.9874,0.3035,0.098
6773,17.6924,0.3414,75.44,1.96,2.96,4.4796,1.6859,6.1655,0.2425,25.4257,0.6926,0.0263
6774,24.0149,0.3383,8.02,22.1,11.04,6.1039,1.569,7.6729,0.267,28.7339,0.6609,0.0211
6775,30.4677,0.4756,45.45,44.34,79.89,8.5369,2.4515,10.9883,0.3716,29.5691,0.5292,0.1366
6776,41.5771,0.3009,62.88,62.38,46.58,10.1868,1.6324,11.8193,0.2326,50.8198,0.7054,0.0144
6777,27.398,0.415,46.1,12.66,84.02,7.5408,2.0706,9.6114,0.3208,29.957,0.5933,0.0199
6778,18.556,0.4645,80.93,1.73,40.08,5.2211,2.2141,7.4353,0.3714,20.0221,0.5295,0.0195
6779,38.6014,0.4487,79.7,4.62,76.81,10.7189,2.2667,12.9856,0.3454,37.5996,0.5623,0.0952
6780,35.3521,0.3957,53.07,15.17,76.51,9.5247,2.0653,11.59,0.3082,37.6082,0.6096,0.0164
6781,16.3747,0.4568,25.08,67.62,43.89,4.6004,2.1021,6.7025,0.3472,19.3028,0.5599,0.0208
6782,32.8951,0.3197,52.45,36.25,12.25,8.2099,1.6078,9.8177,0.2417,40.6186,0.6936,0.0142
6783,20.6932,0.5078,18.7,48.24,56.08,5.7528,2.5127,8.2655,0.4068,20.3197,0.4845,0.2164
6784,35.8119,0.507,84.8,80.8,85.4,10.1185,2.5877,12.7063,0.3963,32.0598,0.4978,0.1138
6785,19.6648,0.3548,77.74,81.42,54.85,4.9755,1.8254,6.8009,0.2642,25.7381,0.6652,0.0173
6786,31.422,0.4522,67.56,17.3,3.38,8.7823,2.3691,11.1514,0.355,31.4137,0.5501,0.1398
6787,31.6063,0.4795,79.31,65.14,65.02,8.8909,2.4198,11.3107,0.3747,30.1822,0.5252,0.1251
6788,18.5224,0.6097,57.47,64.28,51.5,5.0229,3.0389,8.0618,0.4678,17.2343,0.4073,0.2063
6789,34.3545,0.5675,11.35,5.58,4.95,9.589,2.7801,12.3691,0.4407,28.0678,0.4419,0.1361
6790,41.5503,0.3812,55.48,38.19,15.23,11.1408,2.0769,13.2177,0.2935,45.0404,0.628,0.0147
6791,46.8026,0.6376,40.74,41.69,59.23,12.4512,3.224,15.6752,0.5005,31.3216,0.3661,0.0875
6792,43.0727,0.4706,63.14,33.83,64.95,12.0454,2.5343,14.5797,0.3706,39.3437,0.5304,0.0999
6793,18.9269,0.4218,69.76,63.83,33.18,5.0451,2.1028,7.1479,0.315,22.6914,0.6009,0.0233
6794,41.8169,0.5087,32.33,31.1,83.37,11.7119,2.695,14.4069,0.3982,36.1772,0.4955,0.0979
6795,25.3514,0.6663,26.65,32.76,75.99,6.2918,3.2421,9.5339,0.5312,17.9486,0.3269,0.1414
6796,33.9914,0.5426,82.66,83.7,84.41,9.4613,2.6798,12.1411,0.425,28.569,0.4616,0.1274
6797,28.311,0.3834,74.09,44.4,30.57,7.6032,1.9013,9.5045,0.2922,32.5288,0.6296,0.016
6798,37.0113,0.3171,19.85,22.76,49.58,9.2075,1.7221,10.9296,0.2455,44.527,0.689,0.0158
6799,28.5519,0.6958,67.13,86.67,80.43,6.9943,3.4301,10.4244,0.5493,18.9779,0.3041,0.1292
6800,42.0215,0.4549,65.65,56.37,26.74,11.741,2.342,14.0829,0.3514,40.0713,0.5548,0.0991
6801,16.6464,0.5299,28.01,38.01,3.74,4.786,2.7289,7.5149,0.3951,19.0192,0.4993,0.2463
6802,26.1245,0.4678,47.03,37.3,71.34,7.3585,2.2872,9.6456,0.3724,25.9041,0.5281,0.1573
6803,43.0711,0.5031,89.27,33.95,3.07,12.1427,2.8337,14.9764,0.3894,38.4611,0.5065,0.0947
6804,36.211,0.5003,30.5,58.26,76.87,10.2289,2.625,12.8539,0.3955,32.4964,0.4987,0.1211
6805,25.4109,0.3506,59.55,78.55,15.16,6.5593,1.7429,8.3022,0.2652,31.3065,0.6639,0.017
6806,39.3361,0.4444,16.02,19.61,76.91,10.8043,2.2432,13.0475,0.3445,37.8727,0.5635,0.1107
6807,44.8202,0.5203,15.48,9.22,37.33,12.5416,2.7184,15.26,0.4088,37.3302,0.4822,0.0941
6808,38.2966,0.3872,29.16,22.36,11.41,10.2777,1.8673,12.1449,0.2968,40.9154,0.6237,0.0175
6809,15.7981,0.6477,18.11,26.87,49.55,4.2189,3.1564,7.3753,0.496,14.8689,0.3713,0.2707
6810,32.3774,0.3566,14.44,21.66,13.23,8.3256,1.6349,9.9605,0.2652,37.5536,0.6639,0.0172
6811,33.0548,0.3661,37.83,53.11,33.83,8.7815,1.8238,10.6052,0.2838,37.3716,0.6403,0.0148
6812,33.0196,0.6236,80.21,71.44,7.29,8.7277,3.0273,11.755,0.4961,23.6925,0.3712,0.1303
6813,18.8868,0.6778,29.76,47.26,46.16,4.6848,3.325,8.0098,0.5374,14.9044,0.3189,0.2116
6814,40.9504,0.3858,25.08,28.25,49.2,10.9495,2.0336,12.9831,0.2971,43.6926,0.6233,0.0159
6815,23.9146,0.444,25.76,50.27,67.06,6.562,2.3319,8.8939,0.355,25.0533,0.55,0.0188
6816,19.6672,0.4376,2.47,7.86,44.16,5.4507,2.4022,7.8528,0.3339,23.5151,0.5767,0.0181
6817,43.3763,0.3126,21.28,60.45,70.01,10.662,1.6954,12.3574,0.2353,52.5201,0.7017,0.015
6818,19.642,0.4572,29.92,40.3,75.14,5.5292,2.2111,7.7403,0.3641,21.2573,0.5384,0.019
6819,37.7974,0.5019,33.77,67.49,38.82,10.681,2.5224,13.2034,0.393,33.5995,0.502,0.1084
6820,38.8656,0.5526,45.43,51.59,30.56,10.9053,2.6933,13.5985,0.4341,31.3288,0.4502,0.1143
6821,38.1355,0.4758,51.97,30.51,85.83,10.6225,2.363,12.9854,0.3715,34.9574,0.5294,0.1079
6822,36.0101,0.5904,38.57,64.59,4.8,9.9269,3.1705,13.0974,0.4664,28.0791,0.4089,0.1166
6823,42.4396,0.6776,52.88,44.23,83.96,10.7875,3.4974,14.2849,0.5339,26.7557,0.3235,0.0908
6824,31.7354,0.6072,70.13,67.37,37.0,8.5974,2.99,11.5874,0.4698,24.6619,0.4047,0.119
6825,33.5944,0.5167,32.7,48.13,67.68,9.3948,2.5843,11.9791,0.4087,29.3124,0.4821,0.1272
6826,21.4323,0.6129,67.45,55.4,87.03,5.7623,3.0566,8.819,0.4789,18.4155,0.3932,0.1712
6827,42.218,0.6917,69.81,11.07,6.43,10.2682,3.6549,13.9231,0.5534,25.1583,0.2987,0.0909
6828,35.964,0.3797,54.49,87.66,79.34,9.7187,2.0738,11.7925,0.3005,39.2395,0.6193,0.0151
6829,33.7078,0.3283,66.89,35.75,46.34,8.6242,1.7141,10.3383,0.2604,39.7012,0.6701,0.0146
6830,40.3099,0.6134,71.34,4.13,9.46,10.7646,3.191,13.9556,0.4943,28.235,0.3738,0.1084
6831,36.6971,0.4957,15.13,6.85,55.1,10.2226,2.5752,12.7978,0.3874,33.0387,0.509,0.1127
6832,24.1108,0.4138,66.97,46.43,53.3,6.5742,1.9728,8.547,0.3221,26.5357,0.5917,0.0188
6833,36.6442,0.474,60.2,21.47,9.0,10.2972,2.5228,12.82,0.3724,34.4215,0.5282,0.1143
6834,39.0464,0.544,23.67,63.47,5.01,11.0114,2.5702,13.5816,0.4281,31.7242,0.4575,0.1021
6835,38.2859,0.3775,6.6,43.24,83.89,10.2233,1.8902,12.1135,0.2968,40.8101,0.6238,0.0159
6836,25.5605,0.5682,49.67,53.15,22.08,7.021,2.7179,9.7388,0.4509,21.5972,0.4286,0.1603
6837,23.522,0.4861,59.98,88.37,25.42,6.6233,2.4442,9.0674,0.3755,24.1494,0.524,0.1709
6838,34.0367,0.4029,89.52,41.57,81.91,9.2548,2.0449,11.2997,0.3222,35.071,0.5917,0.0165
6839,38.4094,0.5355,69.16,55.08,40.94,10.7691,2.7422,13.5113,0.42,32.1725,0.4678,0.1045
6840,45.485,0.33,42.1,13.14,9.77,11.3151,1.5805,12.8955,0.2452,52.5928,0.6893,0.0162
6841,28.0612,0.6843,29.9,83.31,11.34,6.8994,3.3853,10.2848,0.5441,18.901,0.3105,0.1364
6842,29.5797,0.3027,54.58,4.76,76.28,6.9571,1.5471,8.5043,0.2144,39.6569,0.7283,0.017
6843,22.7815,0.5852,35.72,36.59,78.35,6.2276,3.0278,9.2554,0.4655,19.8832,0.4104,0.176
6844,43.0814,0.5669,75.91,28.53,76.03,11.9408,2.9875,14.9283,0.4422,33.7565,0.4397,0.0892
6845,16.4426,0.3279,27.57,49.97,50.46,4.1467,1.543,5.6897,0.2495,22.8074,0.6837,0.0297
6846,21.5586,0.3637,64.71,6.88,32.82,5.5787,1.6587,7.2373,0.2611,27.7215,0.669,0.0163
6847,24.0638,0.6769,5.74,85.81,36.54,6.1707,3.2467,9.4174,0.5169,18.2184,0.3453,0.1619
6848,20.5071,0.385,38.28,73.38,83.3,5.3289,1.9527,7.2815,0.2946,24.7206,0.6265,0.018
6849,46.5824,0.6524,21.3,62.18,56.48,12.139,3.3,15.4389,0.5146,30.002,0.3479,0.0895
6850,20.2581,0.5662,20.84,89.03,60.35,5.5842,2.7443,8.3285,0.4419,18.848,0.4401,0.1844
6851,34.0919,0.3459,2.3,1.7,11.75,8.7537,1.7432,10.4969,0.2694,38.9649,0.6582,0.0249
6852,22.6233,0.6488,54.97,73.1,28.2,6.0186,3.2273,9.2459,0.5047,18.3184,0.3604,0.1687
6853,16.4009,0.5678,10.32,64.31,36.94,4.5578,2.5529,7.1106,0.4159,17.0965,0.4729,0.2798
6854,26.5802,0.5689,66.33,69.35,43.2,7.4072,2.7058,10.113,0.4395,23.009,0.4432,0.1502
6855,39.3968,0.3966,68.74,49.88,82.23,10.6896,2.0488,12.7384,0.3093,41.1814,0.6082,0.0151
6856,43.2238,0.6918,77.45,23.1,41.76,10.7132,3.5126,14.2258,0.5423,26.2308,0.313,0.1009
6857,19.7816,0.5206,83.72,31.59,73.86,5.4901,2.51,8.0001,0.4048,19.7617,0.4873,0.1954
6858,17.2276,0.4556,36.54,37.59,61.22,4.8303,2.2796,7.1098,0.3447,20.629,0.5632,0.021
6859,26.4204,0.3515,0.23,2.65,78.39,6.6796,1.4456,8.1251,0.2539,32.0025,0.678,0.0205
6860,16.3545,0.3372,67.85,69.21,46.89,4.0048,1.5545,5.5593,0.2502,22.2163,0.6828,0.0186
6861,23.1272,0.6084,3.51,53.42,49.14,6.2498,2.9832,9.233,0.4777,19.3276,0.3949,0.1853
6862,36.5396,0.3325,64.27,24.22,37.43,9.3264,1.7528,11.0792,0.2584,42.8741,0.6726,0.0175
6863,28.931,0.3479,73.83,68.82,86.03,7.5503,1.7938,9.3442,0.2692,34.7063,0.6588,0.0171
6864,40.3566,0.4851,56.61,11.72,71.6,11.3426,2.4692,13.8118,0.3783,36.5149,0.5208,0.0965
6865,27.9096,0.6982,65.18,12.63,10.91,6.8155,3.3822,10.1977,0.5519,18.4784,0.3006,0.1317
6866,44.6747,0.3254,22.66,34.39,58.01,11.3202,1.738,13.0582,0.2501,52.2222,0.6831,0.0146
6867,29.6834,0.6111,37.91,35.51,19.43,8.0412,2.9963,11.0376,0.478,23.0916,0.3943,0.1318
6868,34.0639,0.5818,67.86,36.09,27.37,9.3953,2.9238,12.3191,0.4544,27.1091,0.4242,0.1137
6869,30.5783,0.4292,46.32,64.07,67.33,8.4881,2.2474,10.7355,0.3342,32.1273,0.5765,0.0168
6870,19.9407,0.333,38.41,54.47,80.85,4.9126,1.6653,6.5779,0.2542,25.8788,0.6777,0.0184
6871,33.0541,0.3175,74.02,29.22,60.46,8.4538,1.7181,10.1719,0.2551,39.8701,0.6767,0.0148
6872,45.0381,0.3971,69.43,31.98,59.16,12.235,2.0651,14.3001,0.31,46.1291,0.6073,0.0159
6873,16.207,0.6857,79.63,8.45,3.85,4.0641,3.5727,7.6368,0.5433,14.0553,0.3116,0.267
6874,20.5627,0.3969,43.07,42.33,81.16,5.4436,1.9802,7.4237,0.2951,25.1569,0.626,0.0171
6875,31.1518,0.579,35.64,12.36,62.5,8.5285,2.888,11.4166,0.4537,25.1617,0.4252,0.1161
6876,34.0733,0.5476,15.57,11.97,21.38,9.5688,2.8001,12.3688,0.432,28.6335,0.4525,0.1273
6877,42.8742,0.3854,21.73,46.29,80.92,11.5329,2.0897,13.6226,0.2958,46.051,0.625,0.016
6878,39.5406,0.3553,42.8,71.11,0.48,10.1455,1.5752,11.7207,0.2614,44.8383,0.6688,0.0153
6879,41.951,0.4196,21.5,58.9,71.26,11.5491,2.1781,13.7272,0.3224,42.5802,0.5915,0.1042
6880,33.8364,0.5522,60.12,59.15,11.4,9.4956,2.7214,12.217,0.4302,28.3955,0.4546,0.1257
6881,38.1049,0.3439,30.61,8.4,21.66,9.7113,1.7013,11.4127,0.2582,44.2084,0.6727,0.0164
6882,17.2833,0.6405,32.32,52.17,43.76,4.6025,3.136,7.7385,0.501,15.4473,0.3651,0.2232
6883,44.8399,0.6522,18.26,65.22,20.89,11.486,3.2947,14.7807,0.5232,28.2482,0.337,0.0903
6884,41.4884,0.3393,8.67,70.38,30.72,10.6157,1.8305,12.4462,0.2602,47.827,0.6703,0.016
6885,43.827,0.6674,80.92,52.54,47.06,11.129,3.3734,14.5024,0.5297,27.3768,0.3289,0.0933
6886,24.576,0.4488,55.51,2.52,35.04,6.806,2.3327,9.1388,0.3397,26.9007,0.5696,0.0178
6887,44.4031,0.3442,64.4,48.78,69.33,11.5258,1.8423,13.3681,0.2679,49.895,0.6605,0.0148
6888,42.8777,0.4267,72.72,70.09,20.84,11.7462,2.2833,14.0295,0.3304,42.4675,0.5812,0.0956
6889,34.8122,0.6503,68.22,7.42,72.76,9.0799,3.1106,12.1905,0.5103,23.8878,0.3533,0.1162
6890,38.8367,0.5056,53.56,88.91,81.45,10.9774,2.5202,13.4976,0.3987,33.857,0.4947,0.1007
6891,21.3746,0.3501,53.04,58.6,59.5,5.6281,1.8201,7.4482,0.2811,26.4954,0.6438,0.0157
6892,28.0003,0.5902,3.32,52.34,76.53,7.6391,2.6969,10.336,0.4528,22.8245,0.4258,0.157
6893,32.4567,0.5555,68.2,43.92,34.75,9.0825,2.7885,11.871,0.4358,27.2394,0.4479,0.1225
6894,43.0814,0.39,61.94,27.76,39.23,11.6558,2.1824,13.8382,0.3048,45.4035,0.6137,0.0147
6895,34.579,0.3364,72.77,45.03,60.38,8.8569,1.7073,10.5642,0.2637,40.0594,0.6657,0.0157
6896,46.0102,0.4642,22.13,60.29,67.09,12.9379,2.447,15.3849,0.3614,42.5664,0.542,0.0935
6897,32.3819,0.6733,44.28,75.03,36.35,8.2684,3.2906,11.5591,0.5301,21.8052,0.3284,0.1251
6898,31.1263,0.3237,87.05,46.37,57.87,7.9453,1.6831,9.6284,0.2583,37.2782,0.6728,0.0166
6899,34.6027,0.3192,79.04,13.8,69.0,8.568,1.5505,10.1184,0.2448,41.3357,0.6896,0.0168
6900,19.7935,0.3406,9.37,72.13,75.05,5.057,1.8735,6.9305,0.2739,25.3054,0.653,0.0182
6901,26.6054,0.3964,26.95,66.34,17.8,7.2056,1.9192,9.1248,0.2987,30.5452,0.6211,0.0165
6902,32.9121,0.568,5.88,65.14,54.05,9.1911,2.9632,12.1542,0.4359,27.8852,0.4479,0.1265
6903,31.3778,0.573,43.51,28.56,67.99,8.66,2.8921,11.5521,0.4506,25.6369,0.4291,0.1328
6904,32.7304,0.4014,0.83,71.56,46.18,8.8745,2.2372,11.1117,0.309,35.9601,0.6084,0.0196
6905,25.2057,0.6927,16.29,32.24,21.73,6.1738,3.3954,9.5692,0.5578,17.156,0.293,0.1711
6906,18.5203,0.3574,27.67,1.35,17.51,4.6577,1.4729,6.1306,0.2544,24.0985,0.6775,0.0201
6907,18.1872,0.5292,40.53,77.71,37.95,5.0294,2.5632,7.5927,0.4048,18.7558,0.4871,0.2258
6908,26.5013,0.6998,80.86,73.74,8.04,6.48,3.3767,9.8568,0.5523,17.8454,0.3002,0.1445
6909,29.0371,0.6873,36.37,15.27,81.79,7.1303,3.3309,10.4612,0.5385,19.4257,0.3176,0.1206
6910,36.7131,0.4538,43.77,79.77,0.13,10.2075,2.4811,12.6886,0.3515,36.0966,0.5546,0.1082
6911,43.9619,0.5601,50.31,78.45,1.15,12.2028,2.9352,15.138,0.4442,34.0775,0.4371,0.0989
6912,42.4136,0.5474,79.08,72.64,88.66,11.8263,2.8956,14.7219,0.4337,33.9417,0.4505,0.1001
6913,18.2594,0.4574,88.9,83.14,14.46,5.0027,2.3583,7.361,0.3456,21.3016,0.5624,0.2164
6914,29.1828,0.3949,16.97,34.67,42.49,7.8896,2.0366,9.9262,0.3049,32.5602,0.6136,0.0178
6915,30.0439,0.6805,35.99,38.76,16.41,7.6189,3.3899,11.0088,0.5358,20.5476,0.321,0.1443
6916,37.8446,0.5449,63.17,74.3,9.49,10.627,2.7599,13.3869,0.4316,31.0191,0.4533,0.1076
6917,32.549,0.3184,33.57,37.09,77.9,7.9986,1.6508,9.6494,0.2398,40.2351,0.6961,0.0156
6918,16.4375,0.4815,85.77,57.49,77.12,4.6124,2.3111,6.9235,0.3619,19.1306,0.5412,0.217
6919,44.4878,0.6778,66.48,39.33,35.65,11.118,3.5081,14.6262,0.5385,27.1605,0.3177,0.0906
6920,32.0445,0.5002,35.42,16.42,1.52,8.911,2.4352,11.3462,0.3909,29.0258,0.5046,0.1422
6921,32.5999,0.6981,79.6,38.13,83.89,8.0421,3.4173,11.4595,0.5444,21.0497,0.3102,0.1194
6922,19.633,0.6522,73.08,0.52,59.12,5.0398,3.1324,8.1722,0.5281,15.4735,0.3308,0.1963
6923,19.2754,0.412,85.62,32.54,79.22,5.1407,2.0855,7.2262,0.3245,22.2665,0.5888,0.0193
6924,42.281,0.6339,9.87,10.19,5.7,11.1911,3.413,14.6042,0.4986,29.2908,0.3683,0.1163
6925,22.1022,0.4773,42.99,8.97,16.82,6.2824,2.3035,8.5859,0.3709,23.1492,0.5301,0.2002
6926,34.3224,0.6913,18.95,21.88,70.74,8.3072,3.4469,11.7541,0.5532,21.2484,0.2988,0.1103
6927,35.8004,0.3103,12.67,56.85,79.9,8.8098,1.6063,10.4161,0.2354,44.2532,0.7016,0.0163
6928,39.6523,0.5174,31.24,81.04,72.03,11.1098,2.6017,13.7114,0.4042,33.9202,0.4877,0.0997
6929,40.2538,0.5234,12.25,34.02,29.73,11.3153,2.6795,13.9948,0.411,34.0515,0.4794,0.1104
6930,27.7152,0.56,60.78,21.21,64.16,7.7199,2.7112,10.4311,0.4352,23.9659,0.4486,0.1569
6931,38.6543,0.4248,24.35,60.75,32.08,10.7225,2.1517,12.8742,0.3302,38.9906,0.5816,0.1129
6932,31.6286,0.5911,25.36,4.39,55.5,8.5677,2.9661,11.5338,0.4759,24.237,0.3969,0.1243
6933,21.3958,0.3948,31.74,79.95,46.65,5.7587,2.0067,7.7654,0.304,25.546,0.6148,0.0164
6934,41.5893,0.4531,11.09,77.02,46.61,11.6491,2.3939,14.043,0.3543,39.6358,0.551,0.0986
6935,17.3635,0.3977,0.58,28.23,11.09,4.7823,2.0764,6.8587,0.279,24.587,0.6465,0.0214
6936,35.0218,0.6246,0.15,81.13,40.97,9.3976,3.3061,12.7037,0.4954,25.6415,0.372,0.1191
6937,22.1013,0.6756,52.32,89.46,41.36,5.6514,3.3097,8.9611,0.5274,16.9904,0.3319,0.1861
6938,31.9488,0.6372,89.68,45.7,10.53,8.4283,3.1916,11.6199,0.5025,23.1256,0.3633,0.1225
6939,28.9179,0.5973,86.57,13.33,65.09,7.8376,3.0636,10.9012,0.4656,23.4118,0.41,0.1315
6940,18.3648,0.6045,55.2,17.0,34.48,4.9826,2.9899,7.9725,0.47,16.9628,0.4045,0.2244
6941,20.4833,0.4044,52.95,15.13,3.07,5.5431,1.7681,7.3111,0.3058,23.9083,0.6122,0.0221
6942,36.539,0.5743,24.29,18.92,28.19,9.989,2.913,12.902,0.4617,27.9459,0.4151,0.1104
6943,18.9486,0.3465,2.54,0.16,78.27,4.7273,1.7216,6.449,0.2593,24.8724,0.6713,0.0231
6944,33.5975,0.4117,83.28,17.12,42.73,9.1375,2.0263,11.1638,0.3199,34.9003,0.5945,0.0172
6945,18.376,0.3616,57.68,59.56,68.42,4.8579,1.8513,6.7092,0.279,24.0456,0.6463,0.0171
6946,38.8013,0.3846,24.5,57.22,67.93,10.3973,1.9821,12.3795,0.2939,42.1169,0.6274,0.0159
6947,37.2297,0.3079,4.36,28.51,15.81,9.5836,1.5635,11.1471,0.2589,43.0505,0.671,0.0195
6948,22.6134,0.5688,27.04,4.26,42.33,6.332,2.8026,9.1347,0.4451,20.5219,0.4359,0.1606
6949,30.1488,0.3571,80.29,15.22,75.34,7.9082,1.9006,9.8088,0.2805,34.9685,0.6445,0.0152
6950,28.2971,0.6686,12.42,60.89,63.53,7.1726,3.3635,10.5361,0.5243,20.0948,0.3356,0.1421
6951,44.3454,0.3713,68.1,48.02,44.91,11.9242,1.9702,13.8944,0.2909,47.7682,0.6314,0.0146
6952,36.0875,0.3636,82.87,62.47,87.37,9.5154,1.8745,11.39,0.2803,40.6352,0.6449,0.0156
6953,38.1741,0.3359,49.26,40.17,58.57,9.9885,1.6959,11.6844,0.2665,43.8482,0.6623,0.0149
6954,21.2369,0.4038,58.13,20.39,59.03,5.9518,1.964,7.9157,0.3183,24.8677,0.5966,0.0172
6955,35.1567,0.4855,0.92,21.96,87.48,9.8051,2.6026,12.4078,0.3831,32.3881,0.5146,0.1227
6956,16.0995,0.5919,4.75,20.65,7.44,4.6268,2.8121,7.4389,0.4216,17.6439,0.4656,0.3203
6957,28.4212,0.459,49.74,22.14,78.76,7.8832,2.3461,10.2293,0.3534,28.9426,0.5521,0.1322
6958,29.0831,0.4101,66.31,24.64,72.07,7.8508,2.1258,9.9766,0.3144,31.7304,0.6015,0.0177
6959,16.6611,0.5394,77.08,59.13,54.18,4.6521,2.6042,7.2563,0.3947,18.3851,0.4999,0.249
6960,29.016,0.5962,26.28,5.71,48.75,7.8457,2.9769,10.8225,0.4764,22.716,0.3963,0.1301
6961,35.6569,0.4203,79.58,60.55,56.25,9.7597,2.1824,11.9421,0.3247,36.7819,0.5887,0.1098
6962,43.4174,0.4418,88.05,73.54,12.67,12.0725,2.3654,14.4379,0.3476,41.5392,0.5596,0.0941
6963,32.499,0.4081,25.57,22.6,26.77,8.7755,2.1487,10.9241,0.3097,35.2783,0.6075,0.0193
6964,39.2112,0.6821,22.77,63.79,88.0,9.6664,3.379,13.0454,0.5475,23.8267,0.3062,0.0969
6965,36.2279,0.6741,8.17,54.92,20.01,9.235,3.4372,12.6722,0.5325,23.7958,0.3252,0.1199
6966,25.1567,0.5408,36.89,68.8,75.53,7.0112,2.7156,9.7268,0.4289,22.6783,0.4563,0.1634
6967,46.9924,0.4659,4.36,52.06,16.86,13.3239,2.5149,15.8388,0.3647,43.4323,0.5378,0.1003
6968,38.2824,0.4742,86.52,25.47,78.18,10.6661,2.3801,13.0462,0.3682,35.4338,0.5335,0.1067
6969,32.9104,0.4829,36.63,88.63,22.88,9.1732,2.4383,11.6114,0.3746,30.9975,0.5253,0.1231
6970,27.775,0.6278,13.88,68.54,66.71,7.377,3.1257,10.5027,0.4958,21.1825,0.3716,0.141
6971,34.6922,0.5474,30.43,62.34,39.36,9.7092,2.8042,12.5135,0.4263,29.3524,0.46,0.1129
6972,32.6623,0.613,40.4,64.1,27.99,8.7694,3.0239,11.7933,0.4856,24.2886,0.3848,0.1177
6973,42.9682,0.3595,48.46,13.45,87.65,11.1729,1.9302,13.103,0.2767,47.3506,0.6493,0.018
6974,41.7142,0.5608,84.84,19.86,21.77,11.5988,2.9186,14.5174,0.4416,32.8756,0.4406,0.0989
6975,43.0586,0.6606,24.4,35.79,64.23,11.0599,3.396,14.4559,0.5227,27.6577,0.3377,0.0978
6976,44.6565,0.6261,33.98,88.43,7.72,11.8688,3.1385,15.0073,0.4975,30.1671,0.3695,0.0928
6977,38.7496,0.3898,34.93,14.66,10.31,10.3057,1.8953,12.201,0.2948,41.3833,0.6263,0.0179
6978,22.2314,0.3108,32.33,46.74,72.13,5.4413,1.5593,7.0006,0.2407,29.0799,0.6949,0.0168
6979,45.7918,0.4182,69.79,5.66,10.58,12.6022,2.1309,14.7331,0.3213,45.8576,0.593,0.0912
6980,34.2012,0.3539,56.8,28.11,86.25,8.8183,1.8866,10.7049,0.2712,39.4729,0.6563,0.0172
6981,46.2214,0.6089,14.25,66.93,67.06,12.5002,3.1242,15.6244,0.4852,32.203,0.3853,0.0918
6982,31.1071,0.4859,78.0,19.92,17.29,8.7702,2.4947,11.2649,0.3794,29.6909,0.5194,0.1298
6983,37.1932,0.6056,77.01,52.81,28.36,10.1008,3.0983,13.1991,0.4756,27.7551,0.3973,0.1062
6984,17.6591,0.635,88.77,12.52,88.19,4.5201,3.026,7.5461,0.5011,15.0584,0.365,0.2116
6985,25.6366,0.3475,2.99,19.0,82.35,6.7861,1.6074,8.3935,0.2915,28.7962,0.6298,0.0213
6986,36.4992,0.5355,83.92,46.95,36.78,10.158,2.7187,12.8766,0.4187,30.7557,0.4694,0.1104
6987,42.9698,0.5586,24.57,71.81,48.09,11.9574,2.8697,14.8271,0.439,33.7714,0.4437,0.0947
6988,33.38,0.4185,50.62,5.55,12.81,9.115,1.9162,11.0311,0.3165,34.8483,0.5988,0.018
6989,41.3275,0.41,64.14,28.92,19.1,11.3765,2.144,13.5205,0.3189,42.4003,0.596,0.1048
6990,33.3318,0.5512,10.34,7.3,62.98,9.1628,2.73,11.8928,0.4298,27.6688,0.4554,0.1274
6991,39.113,0.387,68.31,81.73,45.34,10.4671,2.1022,12.5693,0.2997,41.9416,0.6203,0.0153
6992,41.7306,0.6825,13.9,12.89,4.52,10.3612,3.6418,14.003,0.5484,25.5333,0.3053,0.0997
6993,33.9008,0.6841,79.25,59.13,36.96,8.5705,3.4071,11.9776,0.5347,22.4016,0.3226,0.1187
6994,22.835,0.6168,80.95,11.64,21.48,6.1178,2.9649,9.0827,0.4827,18.8171,0.3886,0.1903
6995,45.1188,0.3925,81.76,25.07,6.41,12.1171,1.9759,14.093,0.2999,46.9991,0.62,0.0158
6996,31.4297,0.5853,50.66,40.4,62.19,8.593,2.9414,11.5345,0.4614,24.9974,0.4151,0.1245
6997,25.215,0.5892,45.06,69.24,83.02,6.8628,2.8849,9.7476,0.4642,20.9996,0.4119,0.1517
6998,37.8092,0.5199,12.91,58.48,48.53,10.6795,2.6826,13.3621,0.4133,32.3327,0.4765,0.1077
6999,23.312,0.6207,82.32,89.45,6.7,6.3332,3.1855,9.5187,0.4701,20.2466,0.4041,0.1617
7000,19.7565,0.4377,84.71,41.57,82.04,5.457,2.2152,7.6721,0.3501,21.9146,0.5564,0.0209
7001,25.9085,0.4371,68.64,50.16,22.48,7.2807,2.0316,9.3123,0.3372,27.6181,0.5727,0.0188
7002,39.008,0.3752,28.3,70.49,8.97,10.2951,1.7779,12.0729,0.2818,42.8359,0.6429,0.0153
7003,24.7957,0.4909,68.33,80.53,13.62,6.9613,2.5079,9.4693,0.382,24.7912,0.5161,0.1521
7004,44.2685,0.5721,51.9,42.64,52.93,12.3007,2.8609,15.1617,0.4512,33.6018,0.4283,0.0902
7005,38.7479,0.5785,87.26,32.61,23.51,10.7197,2.8959,13.6156,0.4518,30.1374,0.4276,0.0979
7006,26.7056,0.3472,37.23,33.88,1.72,6.8013,1.4629,8.2642,0.2541,32.5273,0.6779,0.0239
7007,30.8936,0.4378,21.81,45.8,39.4,8.5967,2.2363,10.833,0.34,31.8626,0.5693,0.1338
7008,27.5023,0.4291,84.7,55.6,35.21,7.474,2.0555,9.5295,0.3347,28.469,0.5758,0.0198
7009,45.3553,0.4198,39.71,45.19,71.96,12.561,2.1982,14.7592,0.327,45.1295,0.5856,0.0944
7010,20.4201,0.3736,62.54,37.05,14.46,5.3662,1.8193,7.1855,0.2824,25.4483,0.6423,0.017
7011,37.7983,0.6247,6.5,8.51,56.32,10.0957,3.0469,13.1426,0.4819,27.2707,0.3895,0.0957
7012,47.0643,0.4029,22.33,60.43,22.5,12.8494,2.1756,15.025,0.3124,48.0944,0.6042,0.0891
7013,22.4894,0.4645,33.03,32.76,56.3,6.2053,2.4136,8.6189,0.3602,23.9272,0.5437,0.1827
7014,27.7661,0.607,66.72,46.14,49.65,7.5791,2.8817,10.4608,0.4698,22.2661,0.4049,0.1386
7015,27.4573,0.5997,10.92,11.46,85.28,7.47,2.8775,10.3476,0.4621,22.3923,0.4144,0.1388
7016,22.2305,0.3147,20.32,16.55,56.73,5.5005,1.5588,7.0593,0.2449,28.8211,0.6893,0.0183
7017,31.7294,0.5706,67.44,63.68,82.93,8.7708,2.8191,11.5899,0.4488,25.8247,0.4313,0.1224
7018,32.9297,0.5331,8.34,57.89,74.55,9.2567,2.649,11.9057,0.4194,28.3878,0.4686,0.118
7019,25.3419,0.4379,8.18,6.87,88.64,6.8333,2.115,8.9483,0.349,25.6377,0.558,0.1541
7020,26.9616,0.4578,80.36,78.7,0.03,7.4549,2.0857,9.5406,0.3427,27.8422,0.5658,0.1562
7021,24.6043,0.3291,89.78,16.0,17.34,6.037,1.6647,7.7018,0.2487,30.9623,0.6846,0.0174
7022,20.9719,0.6823,27.28,61.43,51.03,5.2431,3.364,8.6072,0.5324,16.1665,0.3252,0.1957
7023,18.7681,0.4994,44.5,3.82,69.43,5.2667,2.3481,7.6148,0.3999,19.044,0.4933,0.2235
7024,24.6272,0.5934,3.12,5.61,14.32,6.6251,2.8263,9.4514,0.4635,20.3903,0.4125,0.1717
7025,38.8572,0.4539,62.41,63.07,45.11,10.8843,2.3599,13.2442,0.3535,37.4638,0.5522,0.1078
7026,39.0874,0.3828,13.75,47.81,48.2,10.539,1.9253,12.4643,0.2956,42.1726,0.6255,0.0152
7027,22.4656,0.5188,32.67,82.14,28.35,6.4033,2.6161,9.0194,0.3955,22.8026,0.499,0.1704
7028,29.9083,0.591,66.78,18.38,87.44,8.1849,2.9584,11.1433,0.4621,24.1168,0.4146,0.1317
7029,23.2188,0.6652,2.27,57.51,58.2,6.0379,3.2997,9.3376,0.5184,18.011,0.3429,0.1818
7030,39.7429,0.6433,12.72,45.31,17.11,10.5189,3.3292,13.848,0.5124,27.0261,0.3505,0.1144
7031,32.83,0.4118,59.59,17.99,60.4,8.9895,2.1001,11.0896,0.3215,34.4976,0.5926,0.0184
7032,25.5014,0.4288,2.5,85.14,13.07,7.027,1.9904,9.0174,0.3418,26.3809,0.5668,0.1729
7033,28.8295,0.31,57.79,47.27,63.5,7.2546,1.6578,8.9124,0.2497,35.6987,0.6836,0.0155
7034,20.0917,0.4986,67.97,77.7,31.01,5.6442,2.447,8.0912,0.3808,21.248,0.5174,0.1789
7035,39.4005,0.394,51.88,19.66,70.65,10.6359,1.9568,12.5927,0.3062,41.1234,0.612,0.0155
7036,30.2697,0.3035,58.18,38.95,81.78,7.3614,1.581,8.9424,0.2346,38.1211,0.7027,0.0151
7037,35.1313,0.6446,78.22,23.45,63.28,9.1981,3.2281,12.4263,0.5055,24.5811,0.3596,0.1194
7038,39.5845,0.5521,75.66,5.32,2.22,11.019,2.7839,13.803,0.4326,31.9045,0.4518,0.1083
7039,40.3269,0.3224,4.42,3.81,34.75,10.256,1.5065,11.7625,0.2541,46.2904,0.6775,0.0194
7040,22.8886,0.5673,89.64,79.62,33.82,6.2997,2.829,9.1287,0.4372,20.8799,0.446,0.1672
7041,21.8318,0.6565,36.74,8.72,42.01,5.4636,3.2601,8.7238,0.5381,16.2131,0.3182,0.1873
7042,17.7467,0.5564,73.29,74.21,13.17,4.9559,2.8159,7.7718,0.4175,18.6137,0.471,0.1921
7043,44.8489,0.4965,40.23,17.16,2.79,12.6357,2.5361,15.1718,0.3888,39.0203,0.5073,0.0924
7044,23.8457,0.4973,14.7,54.88,25.79,6.7315,2.4929,9.2244,0.3943,23.3939,0.5004,0.1883
7045,27.8852,0.5051,11.88,45.58,21.98,7.9413,2.4283,10.3696,0.3873,26.775,0.5093,0.1482
7046,40.6715,0.5055,46.81,53.09,29.0,11.485,2.5412,14.0262,0.394,35.5985,0.5007,0.1
7047,38.8723,0.6826,8.08,41.16,78.23,9.6896,3.4027,13.0922,0.5389,24.2966,0.3171,0.1167
7048,35.4305,0.3063,72.68,79.89,79.21,8.67,1.5195,10.1895,0.2337,43.6061,0.7038,0.016
7049,29.5535,0.6969,27.26,3.16,5.23,6.8759,3.7727,10.6486,0.5871,18.1381,0.2559,0.1305
7050,19.4055,0.3144,71.48,65.86,16.61,4.4834,1.4962,5.9797,0.2283,26.1974,0.7106,0.0183
7051,25.468,0.3125,64.99,19.29,8.36,6.2405,1.4577,7.6982,0.2374,32.4252,0.6991,0.021
7052,33.6108,0.5156,48.45,14.36,69.67,9.4774,2.538,12.0154,0.404,29.7394,0.4881,0.1307
7053,44.2573,0.5799,48.97,83.79,5.79,12.1736,2.919,15.0926,0.4586,32.9107,0.419,0.0882
7054,32.7534,0.3084,28.64,55.27,8.04,7.8404,1.4185,9.2589,0.2217,41.7585,0.7191,0.0157
7055,20.4574,0.6483,19.74,56.61,8.55,5.3545,3.1002,8.4547,0.5087,16.6213,0.3555,0.2003
7056,36.1364,0.4776,12.78,52.28,32.35,10.2267,2.4998,12.7265,0.3747,33.9685,0.5252,0.1146
7057,23.429,0.545,66.18,35.04,14.56,6.4949,2.7419,9.2368,0.4292,21.5226,0.4561,0.167
7058,16.549,0.6528,78.72,54.77,20.79,4.5473,3.259,7.8063,0.4943,15.7919,0.3735,0.2265
7059,42.5898,0.6519,30.68,33.37,57.4,11.026,3.3093,14.3353,0.5139,27.8963,0.3489,0.0981
7060,22.4644,0.3351,51.05,34.85,20.09,5.6013,1.6581,7.2594,0.2496,29.0887,0.6837,0.0175
7061,19.0449,0.495,23.0,76.76,12.89,5.317,2.5095,7.8266,0.3852,20.3195,0.512,0.2171
7062,29.9974,0.3315,56.65,71.37,46.46,7.5774,1.7016,9.279,0.2566,36.1551,0.6747,0.0166
7063,35.212,0.6909,17.32,53.23,52.25,8.6063,3.5433,12.1496,0.5522,22.0033,0.3003,0.1245
7064,27.1495,0.6912,86.99,43.54,7.52,6.7809,3.1847,9.9656,0.5378,18.5287,0.3185,0.1404
7065,20.3096,0.5878,70.58,14.06,58.1,5.6097,2.7827,8.3923,0.4609,18.2101,0.4161,0.1962
7066,43.1853,0.5124,14.24,70.49,15.87,12.2075,2.7308,14.9384,0.4058,36.8117,0.4857,0.1037
7067,18.7046,0.4039,27.51,65.85,15.68,4.9633,1.985,6.9484,0.2963,23.4504,0.6245,0.0194
7068,46.0434,0.3457,24.18,22.52,44.81,11.8903,1.9494,13.8397,0.2675,51.7331,0.661,0.0158
7069,46.7769,0.3502,31.88,13.68,17.44,12.0703,1.8596,13.9299,0.2647,52.6212,0.6646,0.0165
7070,16.1271,0.4534,68.31,65.4,40.35,4.376,2.1253,6.5013,0.3339,19.4729,0.5768,0.0229
7071,31.2136,0.6546,38.24,57.38,0.21,8.0145,3.4328,11.4474,0.5267,21.7347,0.3326,0.1403
7072,40.3645,0.6393,43.08,16.86,65.19,10.6997,3.1229,13.8226,0.501,27.5923,0.3654,0.1039
7073,31.4119,0.3739,88.45,74.91,25.1,8.3262,1.9058,10.232,0.2944,34.7588,0.6268,0.0197
7074,44.8898,0.6349,71.28,75.55,51.03,11.8402,3.1859,15.0261,0.5023,29.9148,0.3634,0.08
7075,38.8725,0.5474,48.98,66.88,29.2,10.8358,2.6911,13.5269,0.4303,31.4347,0.4546,0.111
7076,24.5349,0.6237,11.25,39.74,17.94,6.6635,3.0351,9.6986,0.4894,19.8157,0.3796,0.1739
7077,34.7066,0.5463,86.39,62.81,76.67,9.7547,2.7419,12.4966,0.4271,29.2601,0.4588,0.1141
7078,31.6364,0.453,78.12,80.01,74.85,8.8424,2.2658,11.1082,0.3552,31.2705,0.5499,0.1374
7079,19.8617,0.3954,20.55,43.31,49.9,5.3432,1.9709,7.3141,0.3145,23.2547,0.6014,0.018
7080,18.8633,0.6403,85.77,20.47,85.1,4.7848,3.0869,7.8717,0.5014,15.7007,0.3648,0.1888
7081,17.8329,0.3882,65.49,42.66,70.51,4.7781,1.9892,6.7674,0.2997,22.5786,0.6201,0.0179
7082,37.1515,0.5794,42.38,40.31,64.43,10.2675,2.8966,13.1641,0.4567,28.8217,0.4215,0.1168
7083,21.8654,0.4766,50.14,31.22,45.69,6.0142,2.3643,8.3786,0.3652,22.9445,0.5373,0.1655
7084,39.2589,0.4358,18.63,89.74,51.92,10.8737,2.2461,13.1198,0.3382,38.7907,0.5713,0.1046
7085,46.7325,0.3501,38.94,66.08,69.98,12.2216,1.8619,14.0835,0.2726,51.6678,0.6545,0.0135
7086,25.2814,0.3386,5.53,82.34,23.81,6.6863,1.6345,8.3208,0.2856,29.135,0.6378,0.0246
7087,19.9357,0.5491,83.85,82.12,57.59,5.5967,2.7786,8.3753,0.4247,19.7196,0.4619,0.2118
7088,32.7544,0.534,60.79,4.8,69.05,9.1475,2.629,11.7764,0.4244,27.7484,0.4622,0.1398
7089,28.2059,0.4378,9.16,73.7,28.8,7.9265,2.1851,10.1117,0.338,29.9144,0.5716,0.1518
7090,15.864,0.4383,20.66,65.77,17.52,4.271,1.87,6.141,0.3125,19.6494,0.604,0.0195
7091,19.5403,0.5996,16.52,16.45,58.45,5.3063,3.0307,8.337,0.4615,18.0666,0.4152,0.1896
7092,25.229,0.424,50.86,56.07,84.33,6.9881,2.0731,9.0612,0.3335,27.1709,0.5774,0.0175
7093,24.8383,0.4421,61.4,83.18,12.41,6.8941,2.3118,9.206,0.3429,26.8494,0.5655,0.0165
7094,19.7838,0.6657,43.36,45.42,34.32,5.1476,3.2995,8.4471,0.5294,15.9559,0.3291,0.1739
7095,39.8339,0.6199,31.07,81.7,77.33,10.631,3.0631,13.6941,0.4904,27.926,0.3786,0.0989
7096,30.4129,0.5765,84.63,38.1,30.26,8.3671,3.021,11.3881,0.4518,25.2048,0.4275,0.1246
7097,46.4082,0.3397,19.37,48.6,2.51,11.6789,1.6607,13.3396,0.2438,54.7126,0.6911,0.0199
7098,24.6913,0.6687,81.26,85.37,55.35,6.2121,3.3727,9.5848,0.5252,18.2484,0.3348,0.1638
7099,41.6008,0.3109,18.91,49.25,73.32,10.168,1.6089,11.777,0.2292,51.3806,0.7096,0.0151
7100,37.0724,0.682,70.6,34.97,73.97,9.2744,3.3165,12.5909,0.5348,23.5416,0.3224,0.1067
7101,42.4189,0.5897,80.9,57.56,80.85,11.6258,3.0724,14.6982,0.4681,31.3986,0.4069,0.0996
7102,26.0179,0.5377,77.48,23.18,29.11,7.2521,2.5985,9.8506,0.4191,23.5061,0.469,0.1525
7103,36.7662,0.6514,32.31,14.26,59.9,9.52,3.2547,12.7747,0.5135,24.8774,0.3491,0.107
7104,38.3068,0.3331,48.07,40.26,52.98,9.8729,1.7207,11.5936,0.2602,44.5619,0.6703,0.0155
7105,19.6566,0.4853,75.95,4.31,11.31,5.531,2.1597,7.6907,0.3788,20.3035,0.52,0.1953
7106,20.7042,0.5774,36.78,35.5,78.82,5.6755,2.8341,8.5096,0.4568,18.6273,0.4211,0.1931
7107,20.5263,0.4765,55.96,66.73,2.66,5.6795,2.2379,7.9174,0.3647,21.7099,0.538,0.2043
7108,31.0771,0.4756,28.11,72.15,13.79,8.7046,2.4012,11.1058,0.3681,30.1732,0.5334,0.1353
7109,28.5006,0.514,19.97,69.83,62.62,8.0632,2.619,10.6822,0.4007,26.6584,0.4921,0.1455
7110,40.4626,0.6594,9.46,41.83,44.36,10.5221,3.3754,13.8975,0.517,26.8809,0.3449,0.0959
7111,45.2513,0.6901,51.0,40.02,81.1,11.2618,3.4755,14.7373,0.5422,27.1823,0.3133,0.0922
7112,35.6464,0.6386,65.13,34.58,86.93,9.4331,3.1583,12.5914,0.4947,25.4545,0.3735,0.1094
7113,44.1352,0.5289,38.23,76.99,84.2,12.3982,2.7555,15.1537,0.415,36.5167,0.4742,0.0938
7114,41.2458,0.6471,51.36,48.38,57.96,10.8513,3.3023,14.1536,0.5061,27.9656,0.3588,0.1038
7115,21.0272,0.3177,37.8,18.78,65.59,5.321,1.5784,6.8994,0.2531,27.2554,0.6789,0.0201
7116,38.735,0.6678,49.15,3.67,70.3,9.729,3.3468,13.0758,0.5373,24.3357,0.3195,0.1125
7117,40.7012,0.6161,77.55,82.59,8.17,10.9203,3.1108,14.031,0.4845,28.9571,0.3862,0.0878
7118,16.3405,0.4364,58.89,44.57,12.54,4.4921,2.0256,6.5177,0.3189,20.4398,0.5956,0.023
7119,34.8107,0.4272,74.4,12.59,7.66,9.4792,2.0182,11.4974,0.3215,35.7628,0.5926,0.1256
7120,17.5529,0.4612,35.99,53.24,71.17,4.9351,2.2243,7.1594,0.3601,19.8819,0.5439,0.2316
7121,41.8648,0.6121,7.94,33.53,68.09,11.3411,3.1699,14.5109,0.482,30.107,0.3893,0.1053
7122,35.1498,0.5515,86.39,66.18,67.16,9.8245,2.8205,12.645,0.4301,29.4017,0.455,0.1168
7123,32.7645,0.3181,30.88,75.04,47.89,8.1342,1.6628,9.797,0.2463,39.7778,0.688,0.0151
7124,26.9976,0.6413,4.7,40.32,12.07,7.3171,2.8247,10.1418,0.4803,21.1146,0.3912,0.1605
7125,34.2159,0.3961,52.58,86.82,83.37,9.2699,2.0652,11.3351,0.3078,36.8311,0.61,0.015
7126,38.8973,0.5484,7.49,25.3,37.08,10.8764,2.6995,13.5759,0.4314,31.4715,0.4535,0.1138
7127,41.0233,0.6216,54.24,50.85,20.77,11.0555,3.2141,14.2696,0.4901,29.1163,0.3792,0.1019
7128,18.2832,0.3499,33.44,70.54,58.5,4.5426,1.6136,6.1562,0.2591,23.7625,0.6716,0.0187
7129,20.3859,0.4894,79.28,58.9,54.5,5.6862,2.4588,8.145,0.3734,21.8103,0.5269,0.1927
7130,44.4263,0.5569,39.62,46.48,25.57,12.4047,2.8515,15.2561,0.4379,34.8404,0.4451,0.0902
7131,26.6517,0.5126,37.51,33.52,47.63,7.4465,2.3852,9.8317,0.4006,24.5453,0.4924,0.1515
7132,24.8495,0.6934,23.5,40.84,51.05,6.08,3.4049,9.4849,0.5513,17.2052,0.3016,0.1607
7133,45.7871,0.6599,68.68,71.55,32.47,11.9314,3.2961,15.2275,0.5163,29.4928,0.3458,0.0852
7134,25.1258,0.6861,36.1,35.86,69.92,6.128,3.2831,9.4112,0.5468,17.2115,0.3068,0.1596
7135,39.5409,0.4054,15.38,89.23,57.63,10.8258,2.0816,12.9074,0.3141,41.0996,0.6019,0.0166
7136,18.473,0.3983,35.75,80.77,86.05,4.8091,1.8786,6.6878,0.2975,22.4765,0.6229,0.0215
7137,29.4166,0.6112,27.11,61.85,55.71,7.9727,3.0635,11.0362,0.4752,23.2226,0.3977,0.1418
7138,33.2489,0.3711,67.55,71.4,72.89,8.8412,1.7844,10.6256,0.2844,37.3674,0.6396,0.0165
7139,29.3553,0.4785,10.19,88.66,55.85,8.2042,2.4816,10.6858,0.373,28.6455,0.5274,0.1318
7140,45.1264,0.5275,33.46,29.39,64.42,12.7112,2.6842,15.3954,0.4116,37.4066,0.4785,0.088
7141,44.7441,0.4375,74.29,70.63,38.43,12.4108,2.2784,14.6892,0.3395,43.2715,0.5699,0.0898
7142,16.9714,0.3042,70.54,4.49,31.96,3.8322,1.3297,5.162,0.1994,25.8843,0.7473,0.0238
7143,25.188,0.6464,61.15,3.31,50.83,6.5173,3.2161,9.7334,0.5149,18.9046,0.3479,0.1498
7144,45.407,0.5301,11.09,80.42,64.73,12.7477,2.6817,15.4295,0.4136,37.3066,0.476,0.0913
7145,16.9965,0.4446,66.52,18.0,74.99,4.5972,2.1813,6.7785,0.3404,19.9123,0.5684,0.0214
7146,23.6091,0.5031,29.05,40.21,28.26,6.6575,2.5237,9.1811,0.3918,23.4356,0.5037,0.1751
7147,45.7525,0.5243,78.06,78.13,15.63,12.8302,2.6276,15.4577,0.408,37.8827,0.4831,0.0846
7148,42.4084,0.3306,42.98,79.58,20.98,10.734,1.789,12.523,0.256,48.913,0.6755,0.0147
7149,32.1099,0.3321,56.06,20.09,41.2,8.107,1.6322,9.7392,0.2549,38.215,0.677,0.017
7150,30.2772,0.4507,49.05,68.39,40.6,8.3606,2.2685,10.629,0.3484,30.5064,0.5584,0.1401
7151,24.7153,0.5958,14.66,64.22,56.06,6.6762,2.9368,9.613,0.4708,20.4178,0.4033,0.1617
7152,26.3637,0.5501,49.58,32.1,75.34,7.3678,2.5775,9.9453,0.4289,23.1866,0.4565,0.1571
7153,18.5286,0.6045,6.82,83.93,42.7,5.046,3.1103,8.1563,0.4474,18.2286,0.433,0.2248
7154,15.9747,0.6791,3.86,4.16,12.06,4.1587,3.174,7.3327,0.5061,14.4871,0.3588,0.2657
7155,18.6345,0.6591,86.42,45.91,14.5,4.7044,3.4163,8.1207,0.5205,15.6008,0.3407,0.2208
7156,45.0201,0.4176,84.99,19.01,72.35,12.3056,2.2019,14.5075,0.3265,44.4385,0.5864,0.0896
7157,28.3029,0.4997,28.93,86.87,89.35,7.949,2.5254,10.4744,0.3894,26.8965,0.5065,0.148
7158,19.4687,0.3877,76.65,59.84,72.22,5.1631,1.9835,7.1466,0.2906,24.5934,0.6318,0.0178
7159,26.7888,0.4371,62.35,80.47,46.66,7.3865,2.134,9.5204,0.3382,28.1527,0.5713,0.0166
7160,31.3228,0.6586,63.88,1.45,21.42,7.8143,3.262,11.0762,0.5438,20.3689,0.3111,0.1285
7161,18.4712,0.3335,60.06,5.09,22.62,4.5201,1.4335,5.9536,0.2366,25.1635,0.7,0.0208
7162,32.3493,0.4019,86.03,55.91,39.4,8.748,1.9921,10.7402,0.3159,34.0022,0.5998,0.0163
7163,19.549,0.5076,54.74,82.36,62.95,5.5391,2.4752,8.0143,0.3924,20.4233,0.5025,0.2179
7164,41.5663,0.5092,43.39,45.17,70.89,11.6777,2.6177,14.2954,0.398,35.9164,0.4957,0.0985
7165,37.8711,0.4961,27.08,50.2,43.05,10.7064,2.5089,13.2153,0.391,33.7994,0.5045,0.1117
7166,29.151,0.4917,26.04,81.46,14.97,8.1921,2.5008,10.693,0.3805,28.0996,0.518,0.1451
7167,46.0851,0.6757,50.63,53.21,37.12,11.6798,3.3973,15.0771,0.5362,28.1203,0.3206,0.085
7168,34.3665,0.306,68.71,8.0,20.13,8.2469,1.4653,9.7122,0.229,42.405,0.7097,0.0225
7169,39.8189,0.4188,52.03,10.24,0.55,10.817,1.8625,12.6795,0.3147,40.2886,0.6013,0.1182
7170,21.3107,0.6597,65.56,3.51,26.48,5.3482,3.1982,8.5464,0.5368,15.9214,0.3199,0.1941
7171,23.004,0.323,89.1,88.49,32.68,5.7328,1.7357,7.4686,0.2508,29.7786,0.6822,0.0216
7172,16.5098,0.4677,46.8,55.34,44.12,4.4791,2.1068,6.586,0.3426,19.225,0.5658,0.2429
7173,31.8704,0.3864,27.73,61.46,70.37,8.5582,1.9854,10.5436,0.294,35.8643,0.6273,0.0154
7174,18.6073,0.4617,43.9,36.28,47.02,5.1221,2.3077,7.4298,0.3492,21.2767,0.5574,0.0204
7175,35.9122,0.5945,54.04,75.15,16.65,9.8014,3.0331,12.8346,0.4716,27.2178,0.4026,0.1207
7176,33.8144,0.5362,25.59,44.71,57.51,9.4109,2.7691,12.18,0.4265,28.5566,0.4594,0.1291
7177,39.5363,0.3486,61.22,67.09,43.23,10.1936,1.8282,12.0218,0.2643,45.4917,0.6652,0.0155
7178,18.9284,0.4632,11.84,85.64,87.61,5.0882,2.4699,7.5581,0.3626,20.8444,0.5405,0.2138
7179,29.413,0.4699,79.73,31.44,53.71,8.2513,2.4213,10.6725,0.3709,28.7774,0.53,0.1428
7180,26.7881,0.3535,52.96,69.58,14.87,6.9347,1.6747,8.6094,0.2668,32.2691,0.6619,0.017
7181,28.1201,0.6683,14.52,6.89,35.14,7.1289,3.4103,10.5392,0.5371,19.6214,0.3195,0.1533
7182,23.5173,0.6607,27.08,12.13,18.44,5.9686,3.2519,9.2204,0.5272,17.4897,0.3319,0.168
7183,16.619,0.3408,57.75,37.68,57.88,4.1621,1.6808,5.8429,0.2543,22.9764,0.6775,0.0181
7184,45.2737,0.5369,9.74,39.98,1.91,12.8386,2.6398,15.4784,0.4227,36.6164,0.4645,0.1019
7185,19.0923,0.4022,82.16,8.21,69.68,5.2351,1.8694,7.1046,0.309,22.989,0.6082,0.0244
7186,24.3639,0.4867,30.25,73.12,69.94,6.8759,2.5739,9.4498,0.3786,24.9622,0.5204,0.1743
7187,41.8232,0.4029,62.68,34.88,67.9,11.464,2.1536,13.6176,0.317,42.9616,0.5983,0.0152
7188,18.6747,0.3965,88.01,43.3,17.08,4.9792,1.9619,6.941,0.3045,22.7947,0.6142,0.0193
7189,31.2282,0.4507,66.48,39.92,28.52,8.7102,2.3061,11.0163,0.3511,31.3806,0.5551,0.1281
7190,45.5158,0.502,44.76,67.28,21.29,12.8274,2.5515,15.3789,0.3925,39.177,0.5026,0.0892
7191,36.1005,0.6446,77.67,3.47,75.29,9.3005,3.2591,12.5596,0.522,24.0595,0.3388,0.112
7192,31.7783,0.4319,74.8,44.43,82.23,8.8082,2.235,11.0432,0.3447,32.0354,0.5631,0.1241
7193,38.9889,0.4571,9.34,2.41,10.98,10.8761,2.3166,13.1927,0.3467,38.0529,0.5606,0.1258
7194,42.9178,0.665,53.38,44.92,48.9,11.0336,3.3458,14.3794,0.5266,27.3058,0.3328,0.093
7195,37.1354,0.5402,15.25,23.81,49.23,10.3509,2.7726,13.1235,0.4302,30.5041,0.4548,0.1128
7196,35.3306,0.6022,19.47,84.0,38.67,9.553,3.076,12.629,0.4769,26.4809,0.3954,0.1155
7197,29.5705,0.3339,88.7,64.91,87.75,7.6278,1.7625,9.3903,0.2613,35.9368,0.669,0.0155
7198,40.9019,0.4669,55.22,59.74,27.98,11.4546,2.4171,13.8716,0.3625,38.2653,0.5406,0.1014
7199,43.1889,0.657,25.13,1.65,42.94,10.7994,3.4161,14.2155,0.5364,26.5027,0.3202,0.0842
7200,23.323,0.3324,66.31,10.99,40.95,5.8646,1.6863,7.5509,0.2477,30.4865,0.686,0.0205
7201,31.1453,0.3216,58.97,51.17,87.09,7.809,1.6298,9.4388,0.2463,38.3172,0.6878,0.016
7202,43.2787,0.4499,35.71,61.3,65.25,12.0596,2.3479,14.4075,0.351,41.0513,0.5554,0.0895
7203,20.4259,0.5236,64.82,64.27,40.15,5.6835,2.5658,8.2493,0.3993,20.6613,0.4943,0.1948
7204,37.2663,0.4219,76.34,16.64,29.97,10.1657,2.1173,12.283,0.3237,37.9398,0.5898,0.0157
7205,30.0179,0.4924,81.95,8.19,14.68,8.394,2.4842,10.8782,0.3843,28.3065,0.5131,0.1363
7206,36.5887,0.4041,22.28,66.58,8.77,10.0113,2.143,12.1544,0.3076,39.5155,0.6103,0.0161
7207,30.3271,0.663,68.47,36.39,15.55,7.8139,3.358,11.1719,0.5197,21.4987,0.3416,0.1359
7208,30.3858,0.4074,73.38,77.24,9.17,8.1983,2.1248,10.3231,0.3116,33.127,0.6052,0.0184
7209,39.8391,0.5538,73.34,31.27,28.25,11.0716,2.7268,13.7984,0.4286,32.1932,0.4569,0.0992
7210,22.5277,0.6075,55.39,79.2,82.2,6.216,3.0119,9.2279,0.48,19.2241,0.3919,0.1893
7211,32.6814,0.6533,52.91,54.02,73.25,8.5139,3.1899,11.7038,0.5147,22.7371,0.3481,0.1157
7212,20.7095,0.6322,78.06,69.66,69.84,5.5552,3.1123,8.6675,0.494,17.5445,0.374,0.1907
7213,29.5702,0.6076,35.23,50.45,55.05,7.9072,3.0829,10.9901,0.4801,22.8904,0.3915,0.1411
7214,46.7106,0.5897,18.95,40.05,20.77,12.8845,3.0454,15.9299,0.4659,34.1942,0.4097,0.0918
7215,34.7637,0.6377,27.75,29.33,31.03,9.0881,3.2275,12.3157,0.5075,24.2661,0.3568,0.129
7216,46.253,0.3552,4.79,34.95,54.47,12.2422,1.9501,14.1923,0.2793,50.8088,0.6461,0.0186
7217,26.119,0.6622,1.22,57.04,40.36,6.7863,2.9876,9.774,0.5176,18.8851,0.3442,0.162
7218,42.6728,0.4061,42.59,5.53,2.03,11.5343,2.1928,13.727,0.3036,45.2119,0.6151,0.0938
7219,38.7365,0.6045,31.21,19.82,15.75,10.4625,2.8947,13.3572,0.4794,27.8601,0.3926,0.104
7220,27.7232,0.6281,19.34,11.58,56.99,nan,nan,nan,nan,nan,nan,nan
7221,44.9845,0.3442,22.93,3.37,48.76,11.2919,1.6744,12.9663,0.2491,52.0535,0.6844,0.015
7222,45.0802,0.4361,84.54,54.63,78.81,12.5793,2.2798,14.8591,0.3412,43.5526,0.5677,0.0989
7223,33.2924,0.6314,35.47,15.56,56.75,8.759,3.1766,11.9357,0.497,24.0175,0.3702,0.1169
7224,43.2763,0.4343,49.29,4.42,45.56,12.0161,2.3006,14.3167,0.3367,42.5213,0.5734,0.0934
7225,23.1843,0.4055,51.41,70.72,32.4,6.1884,2.0559,8.2443,0.3107,26.5338,0.6063,0.0174
7226,28.9935,0.5024,34.25,18.45,36.32,8.2051,2.4975,10.7027,0.3894,27.4823,0.5066,0.1426
7227,39.1015,0.6503,30.81,26.1,37.8,10.2545,3.1586,13.4131,0.509,26.354,0.3553,0.1129
7228,24.7441,0.6905,19.75,85.45,25.46,6.1049,3.5145,9.6194,0.5455,17.6341,0.3086,0.1672
7229,45.4252,0.6039,69.06,69.03,54.54,12.3875,3.0459,15.4334,0.4747,32.5119,0.3984,0.0891
7230,37.5078,0.6127,65.37,58.97,61.4,10.1182,3.1134,13.2316,0.4838,27.3469,0.387,0.1085
7231,33.8611,0.6658,42.77,65.16,9.26,8.6926,3.269,11.9617,0.5279,22.6608,0.3311,0.1213
7232,16.9855,0.6975,79.51,37.02,23.85,4.1254,3.5572,7.6826,0.5542,13.8613,0.2978,0.2521
7233,27.0046,0.4065,38.46,4.6,43.93,7.3162,2.0365,9.3526,0.3058,30.5861,0.6125,0.0213
7234,45.9824,0.6226,27.97,70.35,41.6,12.3163,3.1326,15.4489,0.4907,31.486,0.3784,0.0939
7235,38.1558,0.3759,1.98,50.71,83.4,10.2659,1.8317,12.0976,0.3037,39.8278,0.6148,0.0204
7236,29.1441,0.6225,68.91,16.99,71.07,7.8339,3.1154,10.9493,0.4882,22.4272,0.3813,0.1407
7237,21.5345,0.638,0.53,41.38,33.47,5.7206,3.3676,9.0881,0.5108,17.7937,0.3528,0.2055
7238,17.3749,0.5494,17.86,75.01,11.64,4.827,2.7176,7.5445,0.4044,18.6556,0.4876,0.231
7239,32.9095,0.423,81.43,86.23,9.35,8.9529,1.982,10.9349,0.323,33.8559,0.5906,0.1291
7240,46.1065,0.3652,33.74,41.72,49.78,12.2451,1.9334,14.1785,0.2825,50.1813,0.6419,0.0151
7241,42.5582,0.608,26.1,84.27,9.46,11.4903,3.1592,14.6494,0.4826,30.3547,0.3885,0.0956
7242,29.0995,0.5488,75.58,64.55,66.5,8.1782,2.784,10.9622,0.4264,25.7112,0.4596,0.1347
7243,30.6876,0.3219,66.71,14.42,48.13,7.677,1.6634,9.3405,0.2529,36.9321,0.6794,0.0159
7244,38.0891,0.344,60.5,84.53,18.72,9.8355,1.747,11.5825,0.2645,43.7898,0.6649,0.0157
7245,37.5581,0.4897,24.48,32.35,80.54,10.537,2.4889,13.0259,0.3872,33.6387,0.5092,0.1125
7246,17.9989,0.3783,12.52,44.93,3.24,4.7038,1.9363,6.6401,0.2777,23.9121,0.6481,0.0216
7247,36.978,0.3444,41.34,55.63,74.75,9.6116,1.8636,11.4752,0.2689,42.6695,0.6592,0.0149
7248,29.1879,0.5079,6.72,38.12,67.44,8.2012,2.5435,10.7447,0.3885,27.6555,0.5077,0.1437
7249,17.2115,0.3384,75.58,23.12,83.9,4.2767,1.6528,5.9296,0.2618,22.6533,0.6681,0.0216
7250,17.1875,0.6102,59.42,56.61,37.7,4.7478,2.9479,7.6957,0.4607,16.704,0.4163,0.2477
7251,29.57,0.4595,7.61,62.05,30.51,8.2381,2.4244,10.6625,0.3612,29.5186,0.5422,0.1318
7252,20.7819,0.5515,49.2,89.89,80.9,5.7937,2.6573,8.451,0.426,19.836,0.46,0.2058
7253,40.7252,0.6291,68.15,1.62,6.22,10.612,3.4076,14.0195,0.513,27.3283,0.3502,0.0983
7254,16.3418,0.4923,63.55,26.53,55.19,4.5292,2.4175,6.9467,0.3784,18.358,0.5203,0.2838
7255,45.4308,0.3905,31.76,22.01,62.09,12.3353,2.0901,14.4254,0.3028,47.6429,0.6164,0.0152
7256,18.2813,0.3696,28.53,73.68,85.19,4.6726,1.6639,6.3366,0.2732,23.1941,0.6536,0.0157
7257,22.7489,0.4655,80.41,2.77,83.56,6.3317,2.3279,8.6596,0.3543,24.4385,0.5511,0.1728
7258,15.9748,0.4328,16.98,50.48,40.94,4.3738,1.9033,6.2771,0.3273,19.1773,0.5851,0.0226
7259,22.0572,0.3768,40.45,1.88,88.79,5.6602,1.7064,7.3667,0.2618,28.1338,0.6682,0.0165
7260,20.9112,0.4707,45.99,4.0,78.48,5.8456,2.2103,8.0559,0.3537,22.7739,0.5516,0.2054
7261,44.3079,0.6715,68.98,69.9,51.29,11.2679,3.3762,14.6441,0.5286,27.7037,0.3301,0.082
7262,31.4803,0.3802,85.09,33.13,70.29,8.4702,2.0345,10.5047,0.3062,34.309,0.6119,0.0172
7263,27.3711,0.6251,40.66,16.37,74.46,7.2376,3.0387,10.2763,0.4897,20.9854,0.3796,0.1426
7264,18.6762,0.4278,7.26,75.37,48.25,5.0523,2.3119,7.3641,0.3292,22.3695,0.5829,0.0229
7265,46.5658,0.3504,48.16,18.52,65.84,12.1094,1.8869,13.9964,0.2716,51.5399,0.6559,0.0147
7266,15.9667,0.4655,56.44,79.01,15.28,4.4143,2.0451,6.4593,0.3364,19.1997,0.5736,0.0236
7267,35.8906,0.3502,65.62,74.13,32.19,9.2607,1.7858,11.0465,0.2668,41.3974,0.6618,0.0154
7268,39.1836,0.5794,79.04,70.53,1.12,10.8251,2.8403,13.6654,0.458,29.8353,0.4197,0.1147
7269,33.7722,0.5944,60.32,29.43,79.94,9.1427,2.9906,12.1333,0.4691,25.8664,0.4055,0.1182
7270,42.4264,0.3161,26.43,35.84,72.95,10.7476,1.7207,12.4683,0.2501,49.845,0.6831,0.0145
7271,29.2295,0.6245,83.48,19.45,22.76,7.7953,3.2331,11.0284,0.4934,22.3533,0.3747,0.1388
7272,20.3226,0.3982,15.27,37.07,32.48,5.5097,1.8926,7.4023,0.31,23.8787,0.6071,0.0192
7273,19.296,0.4691,9.71,47.41,11.59,5.3399,2.4792,7.8191,0.3663,21.3457,0.5358,0.2337
7274,46.32,0.4016,8.55,67.14,27.57,12.6111,2.1151,14.7262,0.3125,47.1284,0.604,0.0967
7275,25.4036,0.3099,24.06,80.14,16.5,6.1495,1.5158,7.6653,0.2279,33.6356,0.7111,0.0173
7276,31.8662,0.5767,76.3,3.11,65.26,8.7022,2.8522,11.5544,0.4671,24.7384,0.4081,0.1207
7277,17.4846,0.6624,1.96,0.7,85.66,4.6462,3.2657,7.9119,0.5092,15.5381,0.3546,0.2196
7278,40.6748,0.3639,13.38,57.62,46.36,10.7257,1.8585,12.5842,0.2784,45.2057,0.6473,0.0161
7279,39.0166,0.3464,23.18,85.2,62.52,10.035,1.707,11.742,0.2632,44.6171,0.6664,0.0165
7280,43.2311,0.5399,75.12,82.87,1.65,12.0637,2.9574,15.0211,0.4226,35.5464,0.4646,0.0879
7281,38.5785,0.3835,9.76,78.77,35.95,10.384,1.9682,12.3522,0.3007,41.0837,0.6192,0.0198
7282,18.0494,0.3378,42.59,64.91,73.76,4.5891,1.6251,6.2142,0.257,24.1775,0.6743,0.019
7283,27.8966,0.4568,11.04,14.68,3.98,7.6552,2.034,9.6892,0.3413,28.3875,0.5672,0.1907
7284,41.0124,0.332,25.71,38.05,62.82,10.4181,1.756,12.1741,0.2548,47.7828,0.6773,0.016
7285,30.301,0.5746,88.65,9.77,85.33,8.2372,2.874,11.1112,0.4509,24.6444,0.4287,0.1338
7286,33.7499,0.6431,80.1,89.7,77.19,8.8831,3.103,11.9861,0.5018,23.8875,0.364,0.1268
7287,22.5755,0.612,73.1,30.98,84.29,6.0839,3.0572,9.1411,0.4829,18.9285,0.3882,0.1677
7288,41.5807,0.6365,58.66,56.9,6.61,11.0006,3.3007,14.3013,0.5056,28.287,0.3595,0.094
7289,27.8653,0.4617,38.45,82.62,37.09,7.8486,2.2227,10.0713,0.3611,27.8928,0.5425,0.1392
7290,46.4389,0.4788,56.87,25.57,31.83,13.0549,2.5079,15.5628,0.3759,41.3962,0.5236,0.0847
7291,23.5155,0.3321,36.21,50.42,73.92,5.948,1.7035,7.6515,0.2595,29.4855,0.6711,0.0165
7292,28.9555,0.311,3.5,42.09,55.0,7.3718,1.6161,8.9879,0.2534,35.4641,0.6787,0.023
7293,29.4945,0.6308,68.33,40.73,21.09,7.814,3.1525,10.9665,0.4975,22.0444,0.3698,0.13
7294,38.3896,0.5471,69.74,18.1,61.83,10.7314,2.7011,13.4325,0.4277,31.4028,0.458,0.1041
7295,43.3122,0.582,64.37,84.81,62.38,11.9583,2.9679,14.9263,0.4581,32.5813,0.4196,0.0931
7296,16.2309,0.3184,7.21,14.95,15.34,3.5867,1.0607,4.6474,0.2235,20.7959,0.7131,0.0263
7297,43.3299,0.4776,28.17,80.27,10.11,12.2359,2.5041,14.74,0.3739,39.424,0.526,0.1043
7298,46.5913,0.4744,78.4,75.09,50.5,13.0998,2.4392,15.539,0.3698,42.0202,0.5315,0.0828
7299,22.252,0.3811,61.74,24.64,51.34,6.0369,1.9174,7.9543,0.2976,26.7273,0.6227,0.0167
7300,42.5019,0.3752,62.14,44.53,83.38,11.3326,2.0218,13.3544,0.2893,46.1538,0.6334,0.0155
7301,37.8824,0.3006,50.09,36.16,33.55,9.2454,1.5157,10.7611,0.2358,45.6332,0.7011,0.0147
7302,46.8554,0.6042,25.24,39.41,36.14,12.7615,3.1286,15.8901,0.4758,33.3964,0.3971,0.0877
7303,38.1854,0.5573,70.19,18.07,88.89,10.5886,2.8232,13.4118,0.4408,30.4278,0.4417,0.1086
7304,44.9823,0.3377,9.56,9.3,29.21,11.5037,1.7562,13.2599,0.261,50.8024,0.6691,0.0209
7305,26.8631,0.4533,17.03,55.18,32.56,7.4947,2.1982,9.6929,0.3551,27.2983,0.5501,0.1632
7306,34.7654,0.3429,56.77,67.45,81.17,8.9977,1.7276,10.7253,0.2624,40.8698,0.6673,0.0158
7307,44.5738,0.5343,5.16,21.75,19.8,12.5689,2.8868,15.4557,0.4164,37.1165,0.4725,0.0942
7308,28.827,0.6658,71.61,70.69,27.44,7.616,3.2739,10.8899,0.5159,21.1102,0.3466,0.133
7309,39.3253,0.3453,64.9,46.72,22.29,10.1052,1.8425,11.9477,0.2646,45.158,0.6647,0.0155
7310,35.2532,0.4781,86.51,82.95,73.44,9.8734,2.4547,12.3281,0.3656,33.7212,0.5368,0.1203
7311,33.7916,0.394,31.4,63.89,87.9,9.0997,1.9684,11.0682,0.302,36.6475,0.6173,0.0174
7312,20.8071,0.6732,77.62,71.27,28.85,5.3692,3.3122,8.6813,0.5205,16.6778,0.3405,0.1641
7313,38.301,0.4694,33.08,71.07,69.8,10.7919,2.3725,13.1644,0.3646,36.1056,0.538,0.103
7314,25.2065,0.4354,28.72,37.91,46.46,6.9549,2.1506,9.1055,0.3409,26.7109,0.568,0.0169
7315,26.6372,0.6242,6.55,69.69,62.87,7.1251,2.9189,10.0439,0.4808,20.8899,0.391,0.144
7316,24.7005,0.5963,1.14,17.51,30.94,6.759,2.866,9.6251,0.4799,20.0564,0.3917,0.1898
7317,20.7726,0.4527,83.36,8.76,33.58,5.7852,2.2192,8.0044,0.3582,22.3439,0.5462,0.0216
7318,23.6919,0.6545,88.79,62.44,65.69,6.1783,3.2861,9.4644,0.509,18.5939,0.3553,0.1561
7319,26.2356,0.647,44.84,39.58,18.96,6.8299,3.0433,9.8732,0.5163,19.1238,0.3456,0.15
7320,30.1196,0.4024,81.55,20.55,51.47,8.2014,2.0685,10.2699,0.3138,32.7248,0.6024,0.0159
7321,45.5993,0.3244,65.76,66.29,35.9,11.521,1.7212,13.2422,0.2532,52.3025,0.6791,0.0142
7322,43.273,0.4371,5.71,2.34,82.2,11.7935,2.2424,14.036,0.3381,41.5142,0.5716,0.0928
7323,44.4276,0.6245,79.21,75.43,4.75,11.7625,3.1824,14.9449,0.5021,29.7677,0.3637,0.0955
7324,28.2331,0.4229,43.37,36.76,79.19,7.7247,2.0873,9.812,0.3209,30.578,0.5936,0.0165
7325,40.1688,0.6998,50.66,2.06,71.22,9.4009,3.5937,12.9946,0.5681,22.8754,0.2805,0.0964
7326,35.6632,0.6314,80.47,12.22,69.99,9.3973,3.1666,12.5639,0.4971,25.2738,0.37,0.1052
7327,30.6535,0.6715,24.2,9.17,18.55,7.6604,3.364,11.0244,0.5403,20.4025,0.3154,0.1349
7328,45.8633,0.448,34.3,51.7,53.6,12.8493,2.3137,15.1631,0.3511,43.1873,0.5552,0.0909
7329,25.3739,0.539,64.58,1.57,64.51,7.1253,2.7083,9.8335,0.4271,23.0257,0.4588,0.1671
7330,19.0946,0.6231,89.71,9.66,4.36,5.1202,3.0204,8.1406,0.4961,16.4093,0.3715,0.1952
7331,36.3668,0.3083,60.53,51.54,21.26,8.9251,1.5937,10.5189,0.2368,44.4243,0.6999,0.0145
7332,26.9737,0.5952,13.37,58.71,13.57,7.3534,2.8762,10.2296,0.4667,21.9197,0.4086,0.1689
7333,18.5705,0.5175,63.11,1.42,31.76,5.3036,2.3845,7.688,0.4134,18.5989,0.4759,0.2167
7334,33.6812,0.3823,63.81,69.13,86.64,9.0201,1.9554,10.9755,0.2943,37.2944,0.6272,0.0152
7335,36.7383,0.5312,21.44,2.59,87.21,10.2861,2.7756,13.0618,0.419,31.1752,0.4692,0.1074
7336,24.0634,0.5544,72.24,30.89,10.67,6.709,2.8688,9.5777,0.4353,22.002,0.4486,0.1613
7337,29.5264,0.3325,45.39,32.83,35.28,7.3598,1.7066,9.0665,0.2507,36.1602,0.6824,0.0156
7338,41.4762,0.6466,75.88,38.04,36.97,10.8795,3.2761,14.1557,0.5064,27.9519,0.3581,0.0885
7339,35.7959,0.5007,84.34,28.59,83.9,10.0008,2.5733,12.5741,0.3895,32.2824,0.5065,0.1151
7340,26.9771,0.3052,23.5,28.99,62.76,6.4988,1.4168,7.9156,0.2288,34.6021,0.71,0.0179
7341,16.7999,0.5355,88.45,78.73,64.19,4.7932,2.6798,7.473,0.3857,19.3757,0.5113,0.2267
7342,33.2012,0.5367,86.55,23.61,15.28,9.2785,2.6897,11.9682,0.4222,28.3449,0.4649,0.1324
7343,19.1509,0.4656,37.5,37.42,56.61,5.2604,2.358,7.6184,0.3584,21.2548,0.5458,0.2296
7344,35.5989,0.4958,64.58,62.48,9.5,9.9984,2.6034,12.6018,0.3804,33.1291,0.518,0.1081
7345,26.1055,0.5336,22.09,54.79,58.64,7.2926,2.6119,9.9045,0.418,23.6935,0.4702,0.1611
7346,21.1095,0.5663,21.37,74.31,18.34,5.7379,2.7067,8.4446,0.4391,19.2324,0.4435,0.197
7347,22.4551,0.4323,61.54,84.91,87.41,6.3095,2.0745,8.384,0.3286,25.5143,0.5836,0.0185
7348,36.2707,0.5573,33.18,6.9,8.72,10.0923,2.8912,12.9835,0.4412,29.4264,0.4409,0.1091
7349,22.5068,0.3064,19.14,13.96,28.05,5.4096,1.4335,6.8432,0.228,30.018,0.7109,0.0218
7350,19.1362,0.3709,54.52,72.88,78.4,5.0001,1.8705,6.8706,0.2812,24.433,0.6435,0.0195
7351,23.1699,0.3609,63.61,69.34,17.32,5.9096,1.8108,7.7204,0.2673,28.8838,0.6612,0.0158
7352,39.8305,0.6853,66.1,19.17,58.35,9.9665,3.3628,13.3293,0.5413,24.6231,0.3141,0.1023
7353,28.4769,0.5523,1.14,5.56,78.73,7.9746,2.6374,10.612,0.428,24.793,0.4577,0.1451
7354,16.6714,0.6339,48.48,67.31,89.24,4.4858,3.0393,7.5251,0.4916,15.3072,0.3771,0.2454
7355,20.3386,0.6245,69.54,44.8,58.26,5.4808,3.0753,8.5561,0.4895,17.4776,0.3797,0.193
7356,43.1224,0.336,42.46,23.28,76.17,10.9376,1.8403,12.7779,0.2599,49.1683,0.6708,0.0146
7357,23.6349,0.4588,28.36,32.76,78.23,6.6186,2.3732,8.9918,0.3568,25.2029,0.548,0.1632
7358,31.2556,0.6353,7.79,35.43,36.85,8.3708,3.2867,11.6575,0.4901,23.7863,0.379,0.1275
7359,38.5078,0.3897,23.17,69.48,55.94,10.3789,1.9685,12.3474,0.2992,41.2651,0.6207,0.0147
7360,17.9392,0.3703,32.17,79.65,79.51,4.6131,1.6621,6.2751,0.2719,23.0818,0.6555,0.0177
7361,16.9687,0.6878,14.43,55.67,37.13,4.3306,3.3861,7.7167,0.5228,14.7616,0.3376,0.2378
7362,21.0957,0.6225,59.1,51.81,42.7,5.5983,3.185,8.7833,0.4936,17.7929,0.3747,0.1906
7363,31.1865,0.3505,78.01,29.54,0.8,7.8637,1.8088,9.6725,0.2587,37.3929,0.6722,0.0209
7364,42.0574,0.6123,21.69,38.8,25.86,11.3927,3.0802,14.4729,0.4823,30.0077,0.3888,0.0927
7365,38.8224,0.4748,88.98,56.43,2.1,10.8933,2.2744,13.1677,0.3688,35.7078,0.533,0.1062
7366,43.4224,0.6335,8.6,57.27,74.22,11.533,3.2939,14.8269,0.5018,29.5451,0.3641,0.0947
7367,46.0339,0.6738,39.51,18.8,59.52,11.7235,3.37,15.0934,0.5282,28.5779,0.3308,0.086
7368,39.7501,0.496,23.86,47.3,82.11,11.2765,2.4998,13.7763,0.391,35.2292,0.5043,0.1116
7369,45.1355,0.5817,59.38,18.27,14.33,12.4168,3.0157,15.4324,0.4603,33.5297,0.4169,0.0958
7370,17.5059,0.698,33.02,13.78,53.25,4.2059,3.3924,7.5983,0.5584,13.6071,0.2924,0.2173
7371,18.7259,0.578,87.29,0.08,32.93,4.9751,2.7205,7.6956,0.4721,16.301,0.4017,0.2538
7372,37.1673,0.4418,54.65,78.82,23.23,10.4447,2.2542,12.699,0.3485,36.436,0.5582,0.115
7373,16.6496,0.5825,78.54,27.72,34.11,4.6285,2.8502,7.4787,0.4471,16.7254,0.4332,0.2257
7374,32.1333,0.5821,73.91,57.64,30.64,8.8585,2.8809,11.7393,0.4585,25.6053,0.4191,0.1264
7375,16.7242,0.5186,36.18,40.61,30.77,4.7837,2.4035,7.1871,0.389,18.475,0.5068,0.2393
7376,30.4754,0.4315,69.73,33.84,21.81,8.38,2.2316,10.6117,0.3348,31.6925,0.5756,0.0163
7377,36.4334,0.4896,42.97,55.78,8.8,10.2803,2.6347,12.915,0.3824,33.7728,0.5154,0.1192
7378,20.4945,0.3368,88.47,43.75,24.21,5.1352,1.5074,6.6426,0.254,26.1567,0.6782,0.0179
7379,17.7266,0.6027,17.81,52.28,77.31,4.856,2.879,7.735,0.4585,16.8707,0.4192,0.2322
7380,20.9921,0.3867,12.73,18.94,83.11,5.5742,1.9817,7.5559,0.3056,24.7239,0.6126,0.0175
7381,26.5739,0.5071,18.59,62.56,86.81,7.471,2.5066,9.9776,0.3965,25.1626,0.4975,0.1662
7382,43.9619,0.3745,21.83,7.54,67.82,11.633,1.9948,13.6278,0.2945,46.2731,0.6265,0.0178
7383,22.0299,0.458,12.4,35.74,41.77,6.1353,2.3706,8.5059,0.3653,23.2871,0.537,0.1868
7384,38.4123,0.4717,79.92,16.41,32.76,10.805,2.3683,13.1732,0.3693,35.6723,0.5321,0.1133
7385,29.5938,0.5458,73.24,25.35,8.82,8.2932,2.8286,11.1218,0.4237,26.2501,0.4632,0.1456
7386,25.3547,0.6621,46.54,33.32,33.05,6.5998,3.1905,9.7903,0.5193,18.8527,0.3417,0.1592
7387,27.3797,0.3382,50.68,60.88,22.39,6.9949,1.6792,8.6741,0.2592,33.4709,0.6715,0.0182
7388,21.7175,0.6078,8.96,5.12,59.4,5.8923,3.0002,8.8925,0.4728,18.8069,0.4006,0.1692
7389,20.16,0.4193,12.45,29.87,87.11,5.3782,2.0029,7.3812,0.322,22.9254,0.5918,0.0186
7390,17.9643,0.3768,7.28,43.88,8.31,4.6892,2.0272,6.7164,0.2877,23.346,0.6354,0.0221
7391,45.1809,0.6747,78.91,60.8,67.41,11.434,3.4229,14.8568,0.533,27.8754,0.3245,0.0874
7392,39.4397,0.3296,23.84,12.37,28.62,9.8898,1.5672,11.457,0.2492,45.9795,0.6841,0.0173
7393,44.4985,0.5332,17.39,77.86,29.54,12.4455,2.7256,15.1711,0.4195,36.1688,0.4685,0.0991
7394,26.0708,0.3475,59.03,56.57,88.46,6.8299,1.7222,8.5521,0.2664,32.1072,0.6623,0.0159
7395,20.7236,0.5392,86.19,30.58,9.56,5.9006,2.5333,8.4339,0.4119,20.4773,0.4781,0.2064
7396,35.1334,0.4253,57.88,28.19,33.0,9.7361,2.1467,11.8828,0.3325,35.742,0.5786,0.115
7397,42.9912,0.3456,63.19,6.04,32.5,11.0913,1.852,12.9433,0.2692,48.0845,0.659,0.0177
7398,35.3785,0.322,8.85,9.05,49.69,8.9325,1.7688,10.7013,0.2585,41.4047,0.6724,0.0208
7399,32.7151,0.6439,53.22,48.53,43.58,8.6282,3.189,11.8172,0.5094,23.1989,0.3546,0.1232
7400,41.4965,0.4374,80.94,5.62,42.59,11.4296,2.3837,13.8133,0.3388,40.767,0.5705,0.0886
7401,42.5944,0.568,14.64,19.9,12.75,11.7925,2.9849,14.7775,0.4498,32.8546,0.43,0.1149
7402,30.2863,0.5364,41.78,16.93,58.78,8.4303,2.8118,11.2422,0.425,26.4539,0.4614,0.1391
7403,35.9552,0.3783,85.72,26.07,18.21,9.5565,1.9683,11.5247,0.2927,39.372,0.629,0.0166
7404,34.8759,0.5897,14.45,11.26,74.48,9.4763,2.9902,12.4665,0.4617,27.0018,0.4147,0.1156
7405,16.3924,0.3084,83.96,82.35,45.81,3.6995,1.3814,5.0809,0.2163,23.4899,0.7257,0.0191
7406,22.9694,0.6835,48.44,5.06,24.04,5.5432,3.4021,8.9453,0.5582,16.0239,0.2926,0.1879
7407,24.5963,0.5041,54.38,55.89,51.03,6.9017,2.4035,9.3052,0.3988,23.3351,0.4946,0.1615
7408,35.2638,0.3737,27.84,86.45,66.55,9.2145,1.9811,11.1956,0.2796,40.0412,0.6458,0.0156
7409,24.3579,0.5872,14.54,86.94,35.68,6.6826,2.9968,9.6793,0.4579,21.1389,0.4198,0.157
7410,36.63,0.4449,56.0,20.06,78.65,10.1599,2.3135,12.4734,0.3487,35.7743,0.558,0.1051
7411,25.4374,0.4261,29.1,54.74,18.71,7.0675,2.0809,9.1485,0.3342,27.3714,0.5764,0.0185
7412,33.4884,0.6568,80.54,67.68,16.53,8.6631,3.2589,11.922,0.5176,23.0323,0.3443,0.1209
7413,34.2444,0.5393,42.08,26.75,16.0,9.6205,2.7166,12.337,0.4248,29.044,0.4621,0.1295
7414,34.8856,0.4457,41.19,14.0,17.67,9.7221,2.2428,11.9649,0.3474,34.439,0.5598,0.1195
7415,41.8736,0.3699,67.73,77.87,18.17,11.0218,2.0079,13.0297,0.2836,45.9432,0.6406,0.0172
7416,35.0855,0.6723,48.58,52.83,54.3,9.0225,3.352,12.3745,0.5262,23.518,0.3333,0.1178
7417,43.2861,0.5501,51.76,50.08,60.04,12.1198,2.8561,14.9759,0.433,34.5866,0.4513,0.0941
7418,43.3157,0.4954,85.21,34.2,5.37,12.2314,2.7391,14.9705,0.3862,38.7593,0.5105,0.0898
7419,38.3316,0.6918,39.72,70.96,10.52,9.2965,3.3558,12.6523,0.556,22.7556,0.2955,0.1122
7420,39.9967,0.6992,41.81,71.01,12.17,9.6943,3.4193,13.1136,0.5575,23.5233,0.2939,0.1057
7421,31.53,0.406,58.58,36.1,4.58,8.6256,2.1313,10.7569,0.3178,33.843,0.5971,0.0175
7422,43.1399,0.552,20.01,23.64,0.46,12.1349,3.0549,15.1897,0.4316,35.1972,0.4532,0.1098
7423,32.9998,0.6015,85.93,84.34,52.99,8.9319,3.0148,11.9467,0.4762,25.0887,0.3967,0.1227
7424,18.3303,0.6317,4.47,23.43,62.95,5.0112,3.1147,8.126,0.465,17.4737,0.4111,0.1999
7425,34.6786,0.6894,83.69,37.96,7.96,8.5539,3.4691,12.023,0.5406,22.2413,0.3151,0.1239
7426,43.2716,0.659,65.85,76.92,28.98,11.2388,3.3501,14.5889,0.517,28.2179,0.345,0.0839
7427,45.2203,0.3887,14.05,73.83,42.55,12.1578,2.0012,14.159,0.2951,47.9875,0.6263,0.0157
7428,29.7439,0.3063,41.53,34.53,6.33,6.9734,1.6469,8.6203,0.2194,39.292,0.7219,0.0164
7429,44.7262,0.6468,86.36,56.27,40.32,11.6639,3.3114,14.9752,0.5116,29.2717,0.3519,0.0841
7430,27.8888,0.6148,23.64,36.39,13.53,7.5638,2.8872,10.451,0.4849,21.5525,0.3855,0.1529
7431,16.2554,0.592,18.01,4.35,39.06,4.3655,2.9846,7.3501,0.4732,15.5314,0.4005,0.2914
7432,35.2436,0.3329,54.09,23.94,68.13,9.0727,1.7694,10.8421,0.261,41.534,0.6693,0.0154
7433,34.6535,0.6008,21.06,50.4,39.11,9.4341,2.9796,12.4138,0.4763,26.0647,0.3965,0.1285
7434,26.5717,0.4419,60.99,86.12,30.87,7.364,2.1452,9.5092,0.3395,28.0067,0.5699,0.1575
7435,21.4282,0.3159,11.98,36.15,50.95,5.4929,1.6983,7.1912,0.2559,28.1029,0.6755,0.0182
7436,27.1321,0.4921,85.68,54.24,41.38,7.5543,2.329,9.8833,0.3841,25.7304,0.5133,0.1481
7437,22.0639,0.6488,30.49,47.2,69.5,5.6667,3.164,8.8307,0.5141,17.1786,0.3486,0.1731
7438,43.1621,0.3254,70.6,12.74,19.03,10.7037,1.6667,12.3704,0.2463,50.2293,0.688,0.0174
7439,37.5383,0.501,81.57,2.4,29.0,10.4894,2.6426,13.132,0.3925,33.4544,0.5027,0.1133
7440,22.4765,0.5395,60.69,35.97,31.61,6.307,2.6559,8.963,0.4227,21.202,0.4644,0.1655
7441,16.3621,0.6335,11.26,66.2,29.22,4.4856,2.8854,7.3709,0.4618,15.9611,0.4148,0.27
7442,18.1973,0.6034,2.59,31.11,64.23,5.0473,2.9752,8.0225,0.4532,17.7037,0.426,0.2189
7443,24.3274,0.6195,63.52,25.73,38.71,6.5002,3.0754,9.5756,0.4887,19.5944,0.3806,0.1649
7444,37.7882,0.5413,16.21,25.2,17.12,10.6144,2.7101,13.3245,0.4275,31.1648,0.4581,0.1126
7445,25.5094,0.5419,10.15,58.99,71.86,7.058,2.6883,9.7463,0.4282,22.7606,0.4573,0.1531
7446,35.8659,0.306,37.31,58.06,51.35,8.9638,1.6797,10.6435,0.243,43.806,0.6922,0.0173
7447,43.872,0.6323,67.99,7.29,58.05,11.4944,3.2265,14.7209,0.4957,29.6987,0.3721,0.0985
7448,20.4762,0.3513,23.54,31.32,38.36,5.213,1.5751,6.7881,0.2584,26.2714,0.6721,0.0182
7449,16.126,0.6338,1.06,39.2,85.11,4.3401,2.8233,7.1634,0.4774,15.0035,0.3949,0.2346
7450,37.841,0.5406,3.73,45.81,55.2,10.5505,2.5787,13.1292,0.4213,31.1629,0.4663,0.1026
7451,42.1804,0.399,22.58,18.77,16.87,11.3921,2.0929,13.485,0.3021,44.6375,0.6173,0.0158
7452,17.5884,0.6684,78.36,79.12,37.66,4.455,3.2588,7.7138,0.5144,14.9957,0.3483,0.2411
7453,39.5295,0.5129,48.01,60.78,46.26,11.1895,2.6403,13.8298,0.4007,34.512,0.4922,0.1044
7454,27.918,0.6054,64.67,38.91,82.76,7.539,2.8883,10.4273,0.47,22.1844,0.4044,0.1277
7455,32.0144,0.3731,24.71,87.6,3.61,8.484,1.8428,10.3268,0.2823,36.5766,0.6421,0.0168
7456,37.846,0.6818,47.1,22.27,64.31,9.5163,3.2803,12.7966,0.5368,23.8383,0.3201,0.1119
7457,17.2345,0.5568,26.9,36.05,6.62,4.8602,2.9044,7.7647,0.4273,18.1723,0.4584,0.2292
7458,25.6483,0.5541,58.71,51.19,18.22,7.184,2.6572,9.8412,0.4349,22.6285,0.449,0.1614
7459,46.3165,0.6966,30.72,89.23,47.82,11.5232,3.4259,14.9491,0.5441,27.4756,0.3107,0.0911
7460,31.4169,0.5083,51.34,70.23,32.18,8.7854,2.5486,11.334,0.3979,28.4837,0.4956,0.1261
7461,45.3379,0.471,38.8,20.93,85.72,12.6526,2.4839,15.1364,0.3691,41.0098,0.5324,0.0871
7462,42.3721,0.4108,4.74,23.54,36.07,11.6587,2.2291,13.8878,0.3241,42.8537,0.5893,0.1082
7463,45.8451,0.3066,16.88,78.65,87.16,11.2307,1.6244,12.8551,0.2324,55.3108,0.7055,0.0168
7464,22.9303,0.4052,59.22,0.8,17.87,6.1129,1.8566,7.9695,0.2875,27.7197,0.6356,0.0246
7465,17.2097,0.3988,17.35,30.81,6.09,4.5753,1.959,6.5343,0.2814,23.2228,0.6432,0.023
7466,34.7344,0.588,66.23,12.45,70.14,9.5328,2.8808,12.4135,0.4578,27.1174,0.4197,0.1149
7467,22.0964,0.4004,54.8,8.36,38.92,5.959,1.9234,7.8824,0.2986,26.4007,0.6215,0.0195
7468,37.7601,0.5069,26.66,56.16,60.17,10.6262,2.5374,13.1636,0.3987,33.0177,0.4949,0.1017
7469,19.3919,0.5326,61.52,32.1,82.16,5.3798,2.6333,8.0131,0.4117,19.4615,0.4784,0.2055
7470,29.4697,0.3839,70.13,25.84,68.35,7.8392,2.048,9.8873,0.2987,33.1006,0.6214,0.017
7471,40.3095,0.4991,66.99,82.13,89.5,11.4236,2.5983,14.0219,0.3917,35.7983,0.5037,0.1073
7472,43.2105,0.6403,13.62,4.84,64.1,11.259,3.2631,14.5221,0.5107,28.4352,0.3532,0.1012
7473,16.3824,0.6545,27.18,61.63,64.53,4.4186,3.1593,7.578,0.5024,15.0838,0.3632,0.2372
7474,20.4769,0.3509,2.6,65.24,47.45,5.3654,1.9864,7.3518,0.2787,26.3806,0.6468,0.0185
7475,32.8607,0.412,13.21,60.57,38.48,9.0361,2.067,11.103,0.3226,34.4135,0.5912,0.0182
7476,21.1488,0.6891,73.22,10.0,61.97,5.1131,3.2887,8.4019,0.5453,15.4072,0.3093,0.1845
7477,18.3554,0.4157,14.41,72.99,6.3,4.8195,2.2305,7.05,0.3133,22.499,0.6029,0.0235
7478,42.2485,0.6508,14.63,69.59,81.14,10.9495,3.3737,14.3233,0.5194,27.5763,0.3417,0.0964
7479,44.4095,0.3711,21.11,22.1,11.64,11.7129,1.9947,13.7075,0.2797,49.0006,0.6457,0.0158
7480,37.6452,0.5308,13.19,7.23,4.41,10.4721,2.8017,13.2738,0.4162,31.8961,0.4725,0.1112
7481,21.8713,0.3447,58.74,34.66,22.09,5.5353,1.6856,7.2209,0.2604,27.7292,0.67,0.0163
7482,37.3737,0.5973,0.27,44.5,59.95,10.2837,2.9164,13.2001,0.4758,27.7439,0.397,0.1107
7483,41.211,0.3229,0.47,49.18,31.74,10.4913,1.5876,12.0789,0.247,48.8956,0.6869,0.0183
7484,37.7268,0.3609,38.35,85.24,37.2,9.8965,1.8928,11.7893,0.2745,42.9499,0.6522,0.017
7485,19.6515,0.6681,4.41,70.07,33.41,5.2212,3.3757,8.5968,0.5008,17.1676,0.3657,0.2117
7486,30.7576,0.3565,57.36,62.62,83.13,8.0937,1.8058,9.8996,0.2739,36.1458,0.6529,0.0162
7487,45.7146,0.6154,76.8,70.43,81.37,12.3033,3.1352,15.4386,0.4871,31.6935,0.3829,0.09
7488,33.554,0.4184,34.15,1.72,60.48,9.1167,1.9793,11.096,0.3125,35.511,0.6039,0.0161
7489,24.8299,0.3397,49.37,32.19,1.69,6.3374,1.6786,8.016,0.259,30.9457,0.6717,0.0183
7490,36.0887,0.6676,36.55,24.29,0.23,9.1527,3.5243,12.677,0.5328,23.794,0.3248,0.1111
7491,21.4001,0.5786,21.06,24.93,73.25,5.8643,2.7491,8.6135,0.4468,19.2781,0.4339,0.1731
7492,44.0352,0.483,54.63,22.09,18.75,12.4552,2.5376,14.9928,0.377,39.7662,0.5225,0.0959
7493,28.548,0.3569,70.3,43.32,28.07,7.5218,1.773,9.2947,0.2728,34.0672,0.6542,0.0162
7494,45.0439,0.5633,44.55,67.79,73.62,12.5651,2.8188,15.3839,0.4406,34.9148,0.4418,0.0937
7495,36.0787,0.6234,49.77,34.73,74.06,9.6831,3.0716,12.7547,0.4878,26.1483,0.3819,0.1119
7496,22.096,0.5153,73.05,74.88,76.21,6.1752,2.4938,8.669,0.4011,21.6125,0.4918,0.1811
7497,37.7797,0.3624,39.61,33.41,28.7,10.0101,1.897,11.9071,0.2836,41.983,0.6405,0.0174
7498,39.9486,0.3437,78.59,87.63,52.33,10.2026,1.7605,11.9631,0.2611,45.8244,0.6692,0.0151
7499,23.3103,0.6937,60.61,43.34,1.53,5.7628,3.5754,9.3382,0.546,17.1032,0.3082,0.1737
7500,42.9451,0.622,83.6,50.21,58.64,11.4456,3.2697,14.7153,0.4937,29.8058,0.3743,0.0919
7501,17.7709,0.3134,33.25,41.41,35.14,4.1125,1.4313,5.5437,0.2218,24.9955,0.7188,0.0186
7502,40.5029,0.5141,31.35,81.77,80.86,11.3574,2.5968,13.9543,0.4042,34.5216,0.4879,0.1036
7503,28.0042,0.6279,23.63,86.66,75.88,7.3427,3.135,10.4777,0.4971,21.0795,0.3702,0.1444
7504,21.4917,0.6688,16.65,75.42,47.27,5.3963,3.3422,8.7385,0.5212,16.7658,0.3392,0.1713
7505,21.6693,0.4762,15.01,9.35,37.32,6.0824,2.2157,8.2981,0.3671,22.6041,0.5347,0.1897
7506,27.4339,0.3907,3.58,53.06,89.84,7.4117,1.7911,9.2028,0.3132,29.3874,0.6029,0.0185
7507,41.9228,0.4295,43.13,0.86,77.18,11.4551,2.2889,13.744,0.3251,42.2779,0.5881,0.0988
7508,16.5853,0.6124,55.82,89.09,71.58,4.4292,2.8643,7.2935,0.4815,15.1477,0.3899,0.2705
7509,26.908,0.5094,28.56,89.12,69.69,7.5036,2.4698,9.9733,0.3972,25.1077,0.4965,0.1475
7510,43.3403,0.4775,85.19,19.81,1.46,12.0778,2.7154,14.7932,0.3716,39.8147,0.5291,0.1025
7511,42.7847,0.4519,68.24,24.66,0.24,11.9375,2.6073,14.5448,0.3504,41.5122,0.5561,0.1007
7512,43.5744,0.5667,13.92,83.28,56.3,11.9591,2.9407,14.8998,0.4537,32.8392,0.4251,0.0934
7513,19.8655,0.3884,20.72,7.86,79.5,5.1854,1.8029,6.9883,0.2867,24.3769,0.6366,0.0178
7514,28.9124,0.458,79.12,55.42,19.73,8.0384,2.4298,10.4682,0.3539,29.5814,0.5517,0.1292
7515,20.5238,0.4972,62.38,60.21,11.89,5.7387,2.3204,8.0592,0.3827,21.06,0.5152,0.1951
7516,18.4607,0.5177,43.65,42.41,3.04,5.1362,2.6441,7.7803,0.3964,19.6299,0.4977,0.2403
7517,19.8756,0.6703,39.69,87.27,11.45,5.1094,3.3105,8.4199,0.5228,16.1051,0.3376,0.1745
7518,39.1781,0.519,83.27,50.16,7.84,10.9784,2.5162,13.4947,0.4028,33.4996,0.4896,0.1001
7519,27.6406,0.3027,61.59,83.57,58.59,6.5747,1.4632,8.0379,0.223,36.0487,0.7174,0.0162
7520,45.4351,0.4627,36.24,28.28,52.21,12.7438,2.4552,15.199,0.3658,41.5504,0.5364,0.0977
7521,17.6537,0.6951,47.62,2.46,35.82,3.9999,3.5812,7.5811,0.5864,12.9276,0.257,0.2213
7522,30.3217,0.5639,10.1,25.59,12.98,8.4478,2.9446,11.3924,0.4401,25.8845,0.4424,0.1644
7523,45.257,0.3336,2.22,35.94,45.26,11.9174,2.0941,14.0116,0.2758,50.7999,0.6505,0.0188
7524,16.3291,0.6315,35.93,82.74,19.28,4.4724,3.1054,7.5778,0.4745,15.9696,0.3989,0.2182
7525,17.3356,0.3463,85.45,29.37,42.01,4.5078,1.807,6.3148,0.2696,23.427,0.6584,0.0183
7526,27.3419,0.6096,34.78,20.73,4.03,7.3252,2.7817,10.1069,0.4818,20.9752,0.3893,0.1471
7527,42.0307,0.535,88.17,12.21,44.48,11.7201,2.8057,14.5259,0.4165,34.8794,0.4722,0.092
7528,16.6093,0.4221,56.99,45.49,63.66,4.4934,1.9492,6.4426,0.313,20.5833,0.6032,0.0177
7529,46.2695,0.4771,50.3,77.26,6.16,13.0138,2.3438,15.3577,0.3696,41.5549,0.5316,0.0966
7530,19.6703,0.5465,35.54,57.2,43.05,5.4651,2.6539,8.119,0.4257,19.0715,0.4604,0.2099
7531,19.4397,0.6686,2.02,29.6,41.44,5.0116,3.3708,8.3824,0.5169,16.2172,0.345,0.2154
7532,39.3497,0.3784,69.15,36.11,10.59,10.5057,1.8583,12.3641,0.291,42.4829,0.6311,0.0161
7533,36.0006,0.347,0.28,65.73,10.93,9.4524,1.8309,11.2833,0.2646,42.6452,0.6646,0.0179
7534,35.6512,0.6492,76.65,16.83,84.75,9.2265,3.262,12.4884,0.5143,24.2816,0.3482,0.1095
7535,36.9109,0.4107,1.76,35.61,23.15,10.3088,2.0789,12.3877,0.3311,37.4111,0.5802,0.1233
7536,44.8083,0.6421,85.83,83.73,39.88,11.7826,3.2265,15.0092,0.5035,29.8071,0.3618,0.0807
7537,35.9353,0.3807,30.89,20.27,22.18,9.5217,1.9577,11.4794,0.2923,39.2702,0.6295,0.0156
7538,31.069,0.6228,84.93,44.02,82.39,8.1894,3.1138,11.3032,0.4975,22.7217,0.3696,0.1293
7539,41.754,0.6433,9.23,57.86,64.1,10.9625,3.3033,14.2657,0.5093,28.0078,0.3546,0.104
7540,24.2502,0.3375,52.23,74.35,62.09,6.1337,1.6522,7.7859,0.2579,30.1942,0.6732,0.0183
7541,40.5899,0.3175,33.41,34.19,72.04,10.2066,1.6818,11.8884,0.25,47.5591,0.6833,0.014
7542,27.6643,0.5339,66.05,75.57,40.53,7.7324,2.5258,10.2582,0.4118,24.9128,0.4783,0.139
7543,45.264,0.4075,33.64,67.72,39.21,12.3745,2.1534,14.528,0.3153,46.0779,0.6007,0.0882
7544,21.8502,0.4315,5.87,14.84,78.62,5.978,2.3017,8.2797,0.3485,23.7559,0.558,0.0195
7545,42.0325,0.5725,87.51,15.17,81.03,11.525,2.9604,14.4854,0.4521,32.0388,0.4271,0.0889
7546,25.0455,0.3282,48.42,41.99,50.32,6.2172,1.5742,7.7915,0.2478,31.448,0.686,0.0163
7547,16.2598,0.3883,55.95,50.03,7.6,4.2673,1.8238,6.0911,0.2724,22.361,0.6547,0.0163
7548,45.3509,0.6437,51.71,0.13,35.33,11.7754,3.2075,14.9829,0.5216,28.7237,0.339,0.0897
7549,47.0908,0.6543,4.51,3.0,1.46,12.4133,3.4397,15.853,0.5103,31.0676,0.3533,0.1064
7550,45.3067,0.4694,66.66,62.45,49.09,12.7203,2.4092,15.1295,0.3682,41.0914,0.5335,0.0922
7551,29.6591,0.6605,86.32,34.57,3.6,7.7027,3.4155,11.1181,0.5128,21.6818,0.3503,0.1379
7552,25.6963,0.3243,48.32,47.87,54.44,6.4845,1.4548,7.9392,0.2542,31.2371,0.6777,0.0167
7553,30.6332,0.4958,10.44,51.8,29.52,8.5554,2.5532,11.1086,0.3913,28.3905,0.5043,0.1477
7554,31.4344,0.5394,13.77,30.12,68.93,8.7028,2.7655,11.4683,0.4238,27.0618,0.4632,0.125
7555,31.3027,0.3482,89.8,19.25,54.42,8.0326,1.7382,9.7708,0.2738,35.6914,0.6532,0.0167
7556,36.8263,0.4352,37.76,60.68,40.04,10.2512,2.2814,12.5326,0.3412,36.7319,0.5676,0.1055
7557,32.3534,0.6247,10.07,68.99,18.32,8.6789,3.0571,11.736,0.4964,23.6413,0.3709,0.1455
7558,18.8381,0.535,48.64,66.58,50.06,5.1602,2.6126,7.7728,0.4047,19.2069,0.4871,0.1949
7559,44.1501,0.55,48.06,75.81,36.47,12.3904,2.8332,15.2236,0.4299,35.4102,0.4554,0.0886
7560,42.5655,0.5856,42.93,87.15,21.58,11.692,3.0062,14.6982,0.4564,32.2024,0.4215,0.0887
7561,36.1577,0.5827,49.03,30.33,24.03,9.9087,2.9513,12.86,0.4572,28.1302,0.4207,0.1108
7562,20.2048,0.4209,6.56,34.68,66.03,5.5328,2.2742,7.807,0.3344,23.3459,0.5761,0.0222
7563,20.6079,0.6332,37.05,33.26,76.82,5.3313,3.178,8.5093,0.5047,16.8593,0.3607,0.1819
7564,33.7665,0.6968,51.83,25.75,76.27,8.2645,3.486,11.7505,0.5487,21.4161,0.3047,0.1106
7565,40.9225,0.4816,0.67,4.27,34.15,11.6254,2.4584,14.0838,0.3712,37.9457,0.5296,0.1074
7566,20.1461,0.4134,6.44,52.9,78.7,5.4988,2.3515,7.8503,0.3322,23.6276,0.579,0.0241
7567,34.4438,0.6864,67.52,4.53,47.08,8.4876,3.3843,11.8719,0.5467,21.7137,0.3073,0.1147
7568,18.5223,0.5847,45.21,5.87,53.49,5.0333,2.9436,7.9769,0.4733,16.8546,0.4005,0.239
7569,16.12,0.3346,72.82,69.25,29.81,3.8418,1.3804,5.2223,0.2309,22.6214,0.7076,0.022
7570,41.7029,0.4222,9.16,16.74,21.89,11.5489,2.285,13.8339,0.3228,42.8545,0.5909,0.1166
7571,22.1491,0.6954,35.69,78.1,74.8,5.424,3.4973,8.9213,0.5504,16.2075,0.3025,0.1727
7572,20.2057,0.5994,5.98,5.49,3.39,5.4956,3.011,8.5066,0.4571,18.609,0.4205,0.2403
7573,26.4367,0.3094,82.74,89.16,45.7,6.4471,1.5592,8.0063,0.2413,33.1764,0.6942,0.0163
7574,17.2703,0.4067,81.89,31.71,12.18,4.5887,1.9453,6.534,0.2966,22.0272,0.6239,0.0181
7575,37.7619,0.4969,3.01,70.27,77.29,10.4952,2.4085,12.9038,0.394,32.7468,0.5006,0.1037
7576,44.75,0.345,12.22,55.83,75.71,11.5557,1.805,13.3607,0.261,51.197,0.6694,0.016
7577,29.1436,0.6586,49.28,33.33,44.81,7.6427,3.1434,10.7861,0.5098,21.1585,0.3542,0.1318
7578,34.802,0.5856,68.36,13.62,84.21,9.5381,2.9055,12.4436,0.4561,27.2842,0.422,0.1165
7579,30.4264,0.4619,70.91,78.78,42.09,8.4696,2.377,10.8466,0.3574,30.3484,0.5471,0.1265
7580,17.0225,0.6911,85.25,17.26,66.41,4.3874,3.3638,7.7512,0.5224,14.8367,0.3379,0.1968
7581,22.5945,0.3519,10.35,19.6,86.78,5.9247,1.8081,7.7328,0.2843,27.1994,0.6398,0.0225
7582,41.1846,0.5159,49.38,29.79,69.53,11.6242,2.6766,14.3008,0.404,35.3967,0.4881,0.107
7583,18.1316,0.4901,59.52,8.34,53.41,5.0038,2.35,7.3538,0.3806,19.3239,0.518,0.2272
7584,20.3041,0.6502,52.93,35.6,57.43,5.3373,3.1453,8.4826,0.5079,16.7027,0.3564,0.1924
7585,35.512,0.4465,59.53,39.86,55.1,9.896,2.3156,12.2116,0.3494,34.9477,0.5573,0.1172
7586,17.9092,0.5471,38.84,42.2,28.33,5.1411,2.6795,7.8206,0.4193,18.6524,0.4686,0.2097
7587,16.6147,0.69,31.83,44.28,44.83,4.2247,3.4411,7.6657,0.5478,13.9944,0.306,0.2395
7588,46.9425,0.5875,79.14,44.64,83.51,12.8361,3.0043,15.8404,0.4648,34.0812,0.4111,0.088
7589,31.2888,0.6953,23.04,33.81,15.33,7.6663,3.5083,11.1746,0.5553,20.1238,0.2966,0.1308
7590,22.9775,0.5617,77.54,41.51,43.24,6.3991,2.7967,9.1958,0.4474,20.554,0.433,0.1849
7591,26.8095,0.3534,40.48,43.43,15.24,6.8091,1.6155,8.4246,0.2643,31.8794,0.6651,0.015
7592,35.734,0.49,24.49,3.34,5.32,10.111,2.5778,12.6888,0.3725,34.0596,0.528,0.1135
7593,18.3226,0.4851,44.81,56.89,41.93,5.0566,2.3392,7.3958,0.3653,20.2485,0.537,0.2117
7594,41.6157,0.6823,26.19,42.91,71.13,10.365,3.4698,13.8348,0.541,25.5707,0.3146,0.0937
7595,43.816,0.4462,60.75,81.16,52.3,12.2516,2.3259,14.5775,0.3498,41.6768,0.5569,0.0951
7596,32.3062,0.644,36.75,72.23,11.33,8.3989,3.1146,11.5136,0.5143,22.388,0.3487,0.1361
7597,40.3367,0.588,69.92,8.98,28.0,11.0774,2.9769,14.0543,0.4569,30.7592,0.4211,0.0975
7598,27.8148,0.5213,53.6,84.39,43.49,7.8015,2.515,10.3165,0.401,25.7296,0.4922,0.1496
7599,40.2456,0.6149,31.4,28.55,12.46,10.8979,3.0094,13.9073,0.4835,28.7621,0.3873,0.0997
7600,28.83,0.3037,38.44,13.24,5.09,6.8478,1.5175,8.3652,0.2175,38.4633,0.7241,0.0234
7601,17.2304,0.3334,30.23,69.23,83.05,4.2573,1.4783,5.7357,0.245,23.4134,0.6893,0.0193
7602,30.4787,0.6306,82.87,57.11,68.64,8.0513,3.2573,11.3087,0.499,22.6638,0.3678,0.1187
7603,38.1906,0.3332,17.54,15.32,69.05,9.6171,1.6486,11.2657,0.2516,44.7796,0.681,0.0159
7604,16.6321,0.4208,1.64,48.25,5.82,4.5898,2.0551,6.6449,0.2888,23.0092,0.6338,0.0207
7605,39.5429,0.5407,30.19,68.9,54.77,11.1298,2.692,13.8218,0.4216,32.7858,0.4659,0.1063
7606,41.2994,0.3774,80.82,64.57,60.92,10.9618,2.0037,12.9655,0.2882,44.9826,0.6348,0.0146
7607,31.8785,0.3597,89.73,9.28,26.29,8.3879,1.9073,10.2952,0.2851,36.1108,0.6388,0.0185
7608,44.9389,0.3223,1.93,54.17,57.27,11.5945,1.9524,13.5469,0.2647,51.1797,0.6646,0.0193
7609,30.1156,0.6768,23.06,27.87,46.75,7.5798,3.3006,10.8805,0.5315,20.4724,0.3265,0.1407
7610,37.2928,0.41,26.25,36.5,3.44,10.2608,2.2355,12.4964,0.3183,39.2601,0.5965,0.0176
7611,32.5666,0.4759,34.75,28.06,39.91,9.1725,2.4349,11.6074,0.3698,31.3872,0.5313,0.1236
7612,20.3951,0.4472,4.69,71.48,40.11,5.6276,2.4513,8.0789,0.3522,22.9373,0.5535,0.229
7613,20.4173,0.6277,17.39,21.05,50.56,5.3506,3.114,8.4646,0.4926,17.1829,0.3756,0.1709
7614,38.9079,0.6163,26.35,40.28,20.45,10.494,3.0092,13.5032,0.4861,27.7795,0.3842,0.1027
7615,21.3998,0.4615,51.89,6.42,75.16,6.0559,2.2029,8.2588,0.3582,23.0577,0.5462,0.2058
7616,31.5069,0.6266,87.13,69.81,18.65,8.3848,3.1782,11.563,0.4965,23.2895,0.3708,0.1145
7617,33.4131,0.5336,2.9,80.42,83.28,9.201,2.812,12.0129,0.4122,29.1461,0.4779,0.126
7618,26.3652,0.4816,71.12,12.53,3.34,7.3805,2.2347,9.6152,0.3737,25.7295,0.5264,0.1639
7619,30.3806,0.6328,63.27,2.54,58.07,7.8477,3.2834,11.1311,0.5159,21.5768,0.3466,0.138
7620,32.7381,0.5558,52.06,15.05,87.1,8.9201,2.725,11.6452,0.4406,26.4303,0.4418,0.1208
7621,44.076,0.6121,60.07,60.95,52.38,11.9207,3.0515,14.9722,0.4836,30.9574,0.3872,0.0971
7622,36.9629,0.6291,55.6,19.9,44.3,9.8175,3.1446,12.9621,0.4995,25.9526,0.3674,0.1114
7623,38.1301,0.3012,43.6,11.9,10.27,9.0898,1.4782,10.568,0.2237,47.2421,0.7163,0.0155
7624,23.8865,0.5856,46.44,9.12,32.64,6.5664,2.9493,9.5157,0.4685,20.3098,0.4066,0.1693
7625,44.0432,0.6226,38.59,10.11,71.83,11.7305,3.1662,14.8966,0.4888,30.4731,0.3807,0.0915
7626,26.9434,0.3119,13.96,73.46,74.72,6.5677,1.3885,7.9562,0.2349,33.8687,0.7022,0.0176
7627,19.7635,0.6369,12.31,47.66,7.3,5.2695,3.194,8.4635,0.4986,16.9741,0.3683,0.2216
7628,25.1831,0.3184,71.43,60.45,20.84,6.1307,1.5567,7.6874,0.2401,32.0122,0.6956,0.0153
7629,33.0294,0.3543,62.94,19.36,24.75,8.4808,1.7676,10.2485,0.2684,38.1794,0.6596,0.0166
7630,24.9841,0.5711,54.76,79.83,42.09,6.8434,2.8016,9.645,0.4465,21.6002,0.4341,0.1715
7631,21.1824,0.5883,61.25,65.94,19.51,5.9229,2.9058,8.8286,0.4535,19.4668,0.4254,0.178
7632,22.8503,0.6897,27.55,13.25,75.45,5.609,3.3688,8.9778,0.5424,16.5523,0.313,0.1616
7633,22.9784,0.4153,73.76,28.55,17.94,6.2295,2.0664,8.296,0.3154,26.3048,0.6003,0.0182
7634,44.3064,0.4401,39.55,55.04,75.21,12.3803,2.3568,14.7371,0.3455,42.6564,0.5623,0.0924
7635,44.4094,0.4923,13.02,6.05,89.19,12.2534,2.5019,14.7554,0.3832,38.5033,0.5142,0.0826
7636,24.3116,0.4657,58.5,46.1,42.98,6.8846,2.273,9.1576,0.3649,25.0945,0.5375,0.1575
7637,36.9917,0.3027,54.39,56.68,76.37,9.1078,1.5901,10.6979,0.2364,45.2452,0.7004,0.0156
7638,24.7836,0.6535,69.6,62.6,56.48,6.4771,3.1183,9.5954,0.5033,19.0661,0.3622,0.1564
7639,28.5374,0.4216,21.21,25.82,24.85,7.8446,2.0588,9.9034,0.3184,31.1072,0.5963,0.0172
7640,26.465,0.4299,41.28,39.17,68.59,7.3409,2.037,9.3779,0.3424,27.3923,0.5662,0.0177
7641,27.7584,0.6626,37.31,83.92,30.59,7.0175,3.217,10.2345,0.526,19.4573,0.3336,0.1417
7642,27.5394,0.3338,84.55,74.86,16.09,6.7516,1.5788,8.3304,0.2465,33.7972,0.6875,0.02
7643,26.9091,0.5274,10.07,45.66,49.91,7.4982,2.4977,9.9959,0.4141,24.1403,0.4753,0.1452
7644,30.3964,0.386,49.56,39.58,48.87,8.1229,1.9688,10.0917,0.2957,34.1281,0.6252,0.0153
7645,27.6319,0.6808,5.78,24.94,32.39,7.2387,3.173,10.4117,0.5149,20.2199,0.3475,0.1438
7646,23.0071,0.3111,36.64,83.39,67.19,5.6569,1.5394,7.1963,0.2357,30.5375,0.7012,0.0163
7647,15.854,0.3706,15.91,52.89,65.81,4.063,1.672,5.735,0.2734,20.9759,0.653,0.0229
7648,22.235,0.6202,29.17,61.45,3.77,6.101,3.1797,9.2807,0.4757,19.5099,0.3972,0.1695
7649,30.5084,0.5921,63.3,20.32,59.04,8.3556,3.038,11.3936,0.4625,24.6333,0.4137,0.131
7650,30.4126,0.6777,16.31,19.74,11.02,7.5128,3.5404,11.0532,0.5424,20.3789,0.3127,0.1461
7651,44.791,0.6074,20.78,75.01,5.97,12.0688,3.0211,15.0899,0.4862,31.0344,0.3838,0.1008
7652,35.8083,0.3343,74.54,81.12,73.85,9.0164,1.7035,10.7199,0.255,42.0415,0.6769,0.0162
7653,44.215,0.3075,0.33,58.89,17.02,10.9822,1.7617,12.7439,0.2306,55.2608,0.7078,0.0229
7654,23.3685,0.4115,44.62,28.04,22.29,6.2861,2.0168,8.3028,0.3137,26.4658,0.6025,0.0196
7655,41.0291,0.4178,2.23,9.8,63.8,11.3192,2.1155,13.4347,0.3301,40.6966,0.5813,0.1131
7656,34.1942,0.4095,64.98,45.4,77.13,9.2692,1.9686,11.2378,0.3165,35.5064,0.5989,0.0162
7657,18.1642,0.6917,55.61,12.56,5.03,4.3246,3.4616,7.7862,0.5594,13.9199,0.2913,0.2105
7658,27.9526,0.4686,58.94,26.2,69.59,7.8994,2.3356,10.2349,0.3683,27.7865,0.5331,0.1518
7659,32.4736,0.4011,44.2,44.99,4.93,8.8309,1.9214,10.7523,0.3037,35.3992,0.6153,0.0171
7660,44.8844,0.6925,16.86,55.15,14.34,10.92,3.5236,14.4436,0.5588,25.8456,0.2915,0.0963
7661,37.7924,0.5381,82.18,86.93,61.46,10.6069,2.7614,13.3683,0.4199,31.8393,0.468,0.1013
7662,24.4591,0.4045,62.63,31.95,12.73,6.5739,2.0385,8.6124,0.313,27.5112,0.6032,0.0198
7663,46.7989,0.4778,41.75,19.49,6.64,13.1571,2.4694,15.6264,0.3701,42.217,0.531,0.0905
7664,42.5622,0.6738,72.75,72.75,81.19,10.8009,3.4804,14.2813,0.5308,26.9033,0.3272,0.0983
7665,28.6192,0.4505,36.91,0.69,48.01,7.9661,2.2915,10.2575,0.3491,29.3867,0.5575,0.1501
7666,24.7571,0.4622,0.59,64.22,77.86,7.004,2.2455,9.2495,0.371,24.9294,0.5298,0.1779
7667,15.8283,0.5769,29.73,25.26,5.18,4.5094,2.7813,7.2907,0.4247,17.1664,0.462,0.2602
7668,25.4868,0.5813,46.12,71.43,74.91,6.9786,2.8448,9.8234,0.4549,21.5958,0.4237,0.1564
7669,41.8181,0.4123,37.03,15.8,41.45,11.4463,2.2118,13.6581,0.3192,42.7903,0.5956,0.1076
7670,23.9909,0.6174,10.79,4.17,2.73,6.4189,3.431,9.8498,0.4899,20.1069,0.3794,0.1954
7671,43.5506,0.5601,62.43,70.91,81.02,12.1428,2.8856,15.0284,0.4396,34.1865,0.443,0.091
7672,29.404,0.3288,73.33,55.99,38.73,7.4352,1.7095,9.1447,0.2566,35.64,0.6748,0.0154
7673,28.52,0.3545,12.93,78.73,25.1,7.4408,1.8193,9.2601,0.2718,34.069,0.6555,0.0167
7674,37.0561,0.4674,36.84,69.39,89.45,10.3834,2.424,12.8074,0.3699,34.6262,0.5314,0.1092
7675,19.152,0.6665,46.97,78.34,60.04,4.8997,3.2543,8.1541,0.5188,15.716,0.3425,0.1764
7676,34.4498,0.6685,71.72,77.25,15.39,8.7641,3.3339,12.098,0.5276,22.93,0.3316,0.1156
7677,25.6766,0.4352,32.03,58.99,49.67,7.0892,2.1496,9.2388,0.3466,26.6586,0.5609,0.0193
7678,23.4339,0.5085,49.68,41.2,28.91,6.5329,2.5115,9.0444,0.3926,23.0387,0.5027,0.1615
7679,30.1235,0.5045,18.85,22.18,87.22,8.424,2.553,10.977,0.3857,28.457,0.5111,0.1269
7680,18.5617,0.3027,12.49,18.02,62.13,4.4989,1.571,6.0699,0.2438,24.8995,0.6909,0.02
7681,27.4622,0.5923,67.46,10.72,27.0,7.575,2.8992,10.4742,0.4618,22.6804,0.4149,0.1455
7682,30.7239,0.5221,83.38,9.86,80.12,8.5208,2.635,11.1558,0.4112,27.1314,0.479,0.1165
7683,24.5012,0.6762,45.36,17.99,37.33,6.1183,3.3087,9.427,0.5359,17.5922,0.3209,0.1712
7684,27.9446,0.3392,50.88,71.82,31.49,7.1139,1.7608,8.8747,0.2589,34.281,0.6719,0.0151
7685,34.5516,0.398,25.94,18.77,38.95,9.3595,2.1046,11.4641,0.3061,37.4508,0.6121,0.0169
7686,43.0479,0.5208,69.64,20.57,66.89,12.0598,2.7609,14.8207,0.4062,36.4881,0.4854,0.0964
7687,21.7331,0.3749,20.67,59.5,74.44,5.7164,1.8088,7.5252,0.2812,26.7585,0.6435,0.017
7688,33.6657,0.5453,19.35,63.14,45.86,9.4404,2.7491,12.1896,0.4286,28.4399,0.4571,0.1254
7689,19.4149,0.3088,15.41,81.37,58.01,4.9046,1.6632,6.5677,0.2451,26.8016,0.6896,0.0196
7690,34.495,0.5997,75.46,14.88,39.3,9.4092,2.9365,12.3457,0.4692,26.3101,0.4055,0.1193
7691,35.4812,0.5976,0.98,66.68,4.82,9.8124,3.2198,13.0322,0.4676,27.8707,0.4073,0.1145
7692,17.6815,0.4555,8.45,12.9,73.73,4.826,2.1323,6.9583,0.3435,20.2574,0.5648,0.2185
7693,35.7182,0.4276,63.17,5.67,37.91,9.7907,2.1032,11.8939,0.3252,36.5757,0.5879,0.1183
7694,35.9779,0.3286,35.0,63.1,46.65,9.1167,1.7413,10.858,0.2537,42.8026,0.6786,0.0154
7695,46.4527,0.672,28.0,50.91,19.66,11.7565,3.4105,15.167,0.5333,28.4381,0.324,0.0857
7696,16.0927,0.3433,31.19,53.83,72.44,4.1689,1.5779,5.7468,0.2616,21.9718,0.6686,0.0205
7697,30.7447,0.43,13.6,31.85,29.38,8.5428,2.2877,10.8305,0.3351,32.3188,0.5752,0.0187
7698,29.3965,0.3776,50.56,27.73,9.56,7.7661,1.9549,9.7211,0.2823,34.4342,0.6421,0.0182
7699,39.6154,0.4431,85.34,16.75,2.9,10.9412,2.0167,12.9578,0.3367,38.4842,0.5735,0.1113
7700,17.1989,0.6712,87.05,69.62,88.96,4.3518,3.2922,7.6441,0.5306,14.4063,0.3276,0.2482
7701,43.8428,0.5601,57.45,4.09,65.12,12.1484,2.8756,15.024,0.446,33.6869,0.4348,0.1023
7702,38.8907,0.6096,32.76,36.21,82.28,10.4861,2.9466,13.4327,0.482,27.8702,0.3893,0.1069
7703,40.447,0.6752,48.83,68.28,46.13,10.3469,3.3554,13.7023,0.5299,25.8584,0.3287,0.0979
7704,15.93,0.4819,9.57,21.6,10.32,4.4153,2.2741,6.6893,0.3415,19.5891,0.5661,0.2629
7705,37.9427,0.5842,12.66,66.94,62.54,10.4165,2.9247,13.3411,0.4641,28.7494,0.4121,0.1012
7706,32.1352,0.5985,38.11,51.14,88.58,8.712,2.9878,11.6998,0.4721,24.784,0.4018,0.1224
7707,20.0545,0.4914,72.23,50.76,59.25,5.5789,2.4648,8.0438,0.3788,21.2364,0.5202,0.203
7708,19.9303,0.5509,58.26,2.87,71.64,5.4702,2.5721,8.0423,0.4465,18.0109,0.4342,0.2115
7709,35.8271,0.6574,20.11,63.94,39.32,9.2414,3.3171,12.5585,0.5204,24.1322,0.3407,0.1121
7710,35.8785,0.6693,18.97,4.1,38.53,8.975,3.3934,12.3684,0.5425,22.7989,0.3124,0.1054
7711,20.0546,0.4807,26.82,48.7,85.64,5.5558,2.3731,7.9289,0.3781,20.9716,0.5208,0.2269
7712,24.4838,0.4777,86.47,44.56,48.52,6.8699,2.403,9.2729,0.381,24.3391,0.5173,0.1698
7713,22.742,0.6211,10.0,39.15,48.03,6.0702,3.0694,9.1396,0.4861,18.8002,0.3842,0.1838
7714,30.0678,0.5356,71.94,14.35,61.48,8.3972,2.763,11.1602,0.4241,26.3151,0.4628,0.1426
7715,40.0424,0.6408,60.1,35.18,20.81,10.5969,3.3162,13.9131,0.5055,27.521,0.3595,0.1073
7716,33.0641,0.3185,48.81,37.2,20.76,8.1895,1.6715,9.861,0.2433,40.527,0.6917,0.0157
7717,22.1579,0.5242,65.36,84.4,28.29,6.3293,2.5352,8.8645,0.4045,21.9151,0.4872,0.1682
7718,18.7118,0.4212,27.73,35.41,7.91,5.1367,2.0668,7.2036,0.3289,21.9027,0.583,0.0201
7719,17.0524,0.3779,42.14,8.56,25.92,4.4867,1.8062,6.2929,0.278,22.6386,0.6478,0.0195
7720,23.4442,0.572,19.96,54.65,79.49,6.5544,2.9332,9.4876,0.4486,21.1496,0.4316,0.1927
7721,27.5306,0.554,82.49,34.61,77.79,7.6879,2.6976,10.3854,0.4331,23.9776,0.4514,0.1488
7722,23.7872,0.4951,46.68,57.79,41.56,6.6548,2.4751,9.1299,0.3872,23.5764,0.5095,0.1658
7723,43.7645,0.314,77.75,43.64,16.65,10.7339,1.5884,12.3223,0.2361,52.1804,0.7007,0.0161
7724,25.6469,0.5242,60.46,86.6,52.52,7.1432,2.5469,9.6901,0.411,23.5774,0.4793,0.1702
7725,43.8586,0.5606,37.16,29.99,9.35,12.2813,2.9273,15.2086,0.4419,34.419,0.4401,0.0919
7726,45.0619,0.6366,55.73,76.5,7.73,11.7602,3.1315,14.8918,0.5092,29.2481,0.3549,0.0952
7727,32.7128,0.5163,4.07,13.38,11.47,9.0623,2.7225,11.7848,0.4009,29.3974,0.4918,0.1413
7728,32.723,0.6773,41.86,18.85,18.8,8.1354,3.3624,11.4978,0.5402,21.2829,0.3153,0.1338
7729,26.8217,0.3042,16.94,47.91,63.48,6.5617,1.4265,7.9882,0.2358,33.8816,0.7011,0.0168
7730,31.3432,0.3816,41.6,43.64,33.14,8.3185,1.9315,10.25,0.2896,35.3927,0.633,0.0159
7731,19.8048,0.3641,79.81,62.44,20.82,4.965,1.7755,6.7405,0.2624,25.6834,0.6674,0.0173
7732,21.7989,0.6998,49.42,21.01,42.92,5.3385,3.4124,8.7508,0.5508,15.887,0.3022,0.1792
7733,47.0321,0.312,24.07,47.36,84.13,11.5671,1.6802,13.2472,0.2347,56.4371,0.7024,0.0141
7734,39.7471,0.3561,80.95,42.56,82.25,10.4425,1.8227,12.2652,0.2816,43.5564,0.6431,0.0152
7735,19.2456,0.558,16.01,5.7,88.09,5.2122,2.527,7.7392,0.4367,17.7236,0.4467,0.1965
7736,43.974,0.6364,43.88,20.11,15.19,11.6609,3.3236,14.9845,0.5043,29.7151,0.3612,0.0941
7737,29.5224,0.6638,65.08,42.66,83.54,7.5914,3.1811,10.7724,0.5152,20.9107,0.3474,0.1177
7738,45.9061,0.6933,68.8,63.38,63.06,11.4537,3.4014,14.8551,0.5426,27.3758,0.3125,0.0851
7739,20.8287,0.5023,67.85,2.77,86.93,5.9285,2.3253,8.2539,0.3903,21.1497,0.5054,0.2072
7740,43.1523,0.4344,57.7,23.92,22.05,11.944,2.3417,14.2857,0.3395,42.0806,0.5698,0.0977
7741,46.2496,0.602,71.58,32.85,84.29,12.6223,3.0259,15.6482,0.4717,33.1727,0.4022,0.0864
7742,29.7788,0.3947,49.92,37.88,83.34,8.0222,2.0377,10.0599,0.3056,32.9136,0.6127,0.017
7743,42.5201,0.5496,12.5,18.7,33.25,11.8709,2.8687,14.7396,0.4317,34.1424,0.4529,0.0963
7744,20.2268,0.6306,82.52,49.37,11.43,5.3324,3.0504,8.3828,0.5037,16.6419,0.3619,0.1928
7745,37.387,0.647,87.23,32.83,42.22,9.7575,3.2913,13.0488,0.5053,25.8234,0.3597,0.1077
7746,18.5473,0.5738,8.48,87.99,77.98,5.0729,2.989,8.062,0.4279,18.8408,0.4578,0.2129
7747,43.4918,0.5191,13.63,44.43,21.04,12.3175,2.733,15.0505,0.4068,36.9979,0.4845,0.0951
7748,17.6975,0.6121,73.08,40.85,19.69,4.8219,3.2128,8.0346,0.4877,16.476,0.3819,0.2351
7749,21.9011,0.464,21.21,12.22,9.49,6.0387,2.0381,8.0768,0.3418,23.631,0.5668,0.1932
7750,36.7136,0.5803,87.37,39.82,3.08,10.0095,3.2481,13.2576,0.4611,28.7521,0.416,0.1205
7751,39.1577,0.5945,88.61,89.86,7.17,10.6781,2.9484,13.6265,0.465,29.3065,0.4107,0.0934
7752,24.3795,0.6723,53.98,76.66,33.59,6.2894,3.3251,9.6145,0.5255,18.2973,0.3344,0.1633
7753,40.4714,0.4601,11.2,80.39,7.59,11.3053,2.2812,13.5866,0.3539,38.3882,0.5513,0.1125
7754,34.5879,0.6844,20.15,33.72,5.88,8.7039,3.5386,12.2425,0.5421,22.5853,0.3133,0.1295
7755,44.2977,0.6761,72.95,56.58,0.37,11.1161,3.5659,14.6821,0.5412,27.1266,0.3143,0.0956
7756,39.3725,0.4258,77.05,5.68,38.39,10.8098,2.1967,13.0065,0.3272,39.7567,0.5853,0.1086
7757,41.2962,0.3382,50.38,65.18,79.87,10.6493,1.8229,12.4723,0.2605,47.887,0.67,0.0142
7758,30.3761,0.5127,35.69,7.87,27.47,8.5762,2.5459,11.1221,0.4049,27.4688,0.4868,0.149
7759,37.9195,0.6898,6.28,64.95,27.08,9.5618,3.4161,12.9779,0.5365,24.1892,0.3203,0.1073
7760,33.8173,0.3768,9.2,52.66,72.32,9.0857,1.879,10.9647,0.2923,37.5078,0.6295,0.016
7761,31.2821,0.457,25.59,18.7,41.52,8.7007,2.3521,11.0528,0.3564,31.012,0.5482,0.135
7762,19.8927,0.5884,80.58,37.59,21.06,5.5333,2.9454,8.4787,0.4702,18.0307,0.4043,0.2065
7763,34.1608,0.4326,39.7,74.47,85.44,9.4298,2.2291,11.6589,0.3384,34.4513,0.5711,0.1229
7764,22.927,0.3205,80.15,54.44,10.22,5.5477,1.6527,7.2005,0.2325,30.9687,0.7053,0.0188
7765,39.2092,0.6673,31.5,10.73,7.6,9.8687,3.2565,13.1252,0.5339,24.5821,0.3236,0.1085
7766,34.4162,0.6581,59.5,54.31,81.78,8.814,3.223,12.037,0.5189,23.1953,0.3424,0.1245
7767,37.9656,0.4682,57.6,87.03,44.31,10.6624,2.4594,13.1217,0.3641,36.0419,0.5386,0.1108
7768,16.5261,0.5465,67.81,42.24,63.49,4.6555,2.6221,7.2776,0.4106,17.7237,0.4799,0.2309
7769,25.8304,0.661,84.96,28.87,1.19,6.692,3.2435,9.9355,0.5213,19.0581,0.3395,0.1397
7770,38.4367,0.4948,85.3,38.68,58.53,10.7533,2.4866,13.2398,0.3867,34.2362,0.5099,0.0991
7771,23.8993,0.33,7.42,63.14,17.2,6.18,1.6553,7.8353,0.271,28.9162,0.6566,0.0209
7772,46.9101,0.5913,51.49,14.34,14.93,12.8875,3.1093,15.9968,0.4693,34.0848,0.4053,0.092
7773,23.4987,0.4528,11.99,49.24,12.92,6.4759,2.135,8.6108,0.3492,24.656,0.5574,0.1865
7774,24.5555,0.6239,54.08,59.87,67.24,6.5618,3.0176,9.5794,0.4884,19.6152,0.3814,0.1506
7775,33.9909,0.3113,16.12,35.48,17.5,8.3273,1.415,9.7424,0.2279,42.7484,0.7111,0.0156
7776,41.4281,0.4471,39.79,68.49,57.64,11.6126,2.3661,13.9787,0.3498,39.9579,0.5568,0.1057
7777,23.902,0.3127,22.49,16.78,45.42,5.8742,1.6704,7.5446,0.2378,31.7323,0.6985,0.0203
7778,26.0327,0.6421,59.59,16.33,83.57,6.7157,3.1732,9.8889,0.5086,19.4424,0.3555,0.1381
7779,16.8663,0.3914,8.71,67.28,60.67,4.4338,1.8269,6.2607,0.2901,21.5782,0.6323,0.0221
7780,23.1972,0.5187,76.0,76.74,5.71,6.4766,2.6444,9.121,0.3922,23.2588,0.503,0.1723
7781,19.6486,0.6173,62.93,25.16,50.28,5.2129,3.0553,8.2681,0.4873,16.9677,0.3825,0.1978
7782,32.5158,0.5606,57.09,13.63,64.6,9.0066,2.8013,11.8078,0.4385,26.9308,0.4444,0.1276
7783,34.0584,0.4285,79.61,41.68,14.31,9.4156,2.1463,11.562,0.3324,34.784,0.5788,0.1261
7784,31.5697,0.6166,55.94,82.25,79.62,8.4018,3.0717,11.4735,0.4913,23.3514,0.3776,0.1264
7785,38.8519,0.4079,36.98,72.81,77.06,10.5877,2.031,12.6187,0.3145,40.1179,0.6015,0.0155
7786,21.9025,0.4438,7.83,26.8,68.1,6.0204,2.2884,8.3088,0.3517,23.6237,0.5538,0.0181
7787,35.7945,0.6116,5.04,0.65,12.26,9.5981,3.1605,12.7586,0.4763,26.789,0.3961,0.1368
7788,43.7326,0.6637,39.67,39.88,21.26,11.2611,3.3655,14.6266,0.5238,27.9241,0.3363,0.0945
7789,44.507,0.4341,47.25,6.11,79.42,12.2632,2.2683,14.5315,0.3392,42.836,0.5701,0.0907
7790,40.3261,0.5364,31.35,3.49,80.39,11.3671,2.7858,14.1529,0.4261,33.2174,0.4601,0.1004
7791,21.6996,0.4093,85.16,75.7,39.7,5.8546,2.1375,7.9921,0.3192,25.0354,0.5954,0.0183
7792,24.2883,0.4345,17.27,8.23,73.42,6.572,2.1594,8.7315,0.3339,26.1486,0.5766,0.0219
7793,42.9031,0.4045,10.93,84.48,71.56,11.6628,2.1661,13.8289,0.3132,44.1486,0.6032,0.016
7794,44.4656,0.635,60.13,10.3,20.02,11.6586,3.2642,14.9228,0.5069,29.4398,0.3579,0.0929
7795,42.6643,0.3631,26.57,17.84,38.58,11.2332,2.0189,13.2521,0.2802,47.2905,0.6449,0.0155
7796,35.5223,0.5036,12.04,76.42,0.65,10.036,2.7109,12.747,0.3866,32.97,0.51,0.1087
7797,26.2002,0.6796,40.43,3.77,2.45,6.3068,3.4583,9.7651,0.5688,17.1677,0.2792,0.1514
7798,22.853,0.4788,87.34,86.14,77.74,6.3723,2.4349,8.8072,0.369,23.8669,0.5324,0.1705
7799,33.6858,0.5169,60.18,20.49,50.47,9.485,2.6196,12.1047,0.4022,30.0996,0.4903,0.1214
7800,19.4031,0.58,80.17,8.88,31.25,5.2488,2.8103,8.0591,0.4662,17.2866,0.4091,0.2364
7801,34.0528,0.6884,39.13,54.85,45.22,8.4658,3.3732,11.8389,0.5405,21.9034,0.3154,0.1211
7802,46.6678,0.5831,79.51,21.74,10.64,12.8317,2.9913,15.823,0.4595,34.4359,0.4178,0.089
7803,16.1258,0.6512,19.16,81.77,65.87,4.2069,3.0604,7.2673,0.4957,14.6592,0.3716,0.2406
7804,33.8905,0.3521,47.63,18.09,44.67,8.7641,1.8375,10.6016,0.272,38.9709,0.6552,0.0158
7805,41.6444,0.3549,74.97,46.3,61.4,10.8338,1.9262,12.76,0.277,46.0622,0.649,0.0161
7806,44.8564,0.3717,55.29,61.75,69.46,12.0871,1.8776,13.9646,0.2904,48.0895,0.6319,0.0142
7807,24.8836,0.4953,65.29,68.79,28.79,7.0428,2.454,9.4968,0.3798,25.0049,0.5189,0.1557
7808,18.343,0.3507,66.53,38.28,14.6,4.7056,1.816,6.5216,0.2607,25.02,0.6696,0.0166
7809,25.8935,0.6309,39.77,67.78,24.87,6.7412,3.1346,9.8758,0.5073,19.4672,0.3571,0.1642
7810,26.9779,0.3714,23.55,55.14,26.4,7.0632,1.7055,8.7687,0.2785,31.4821,0.6473,0.017
7811,27.3863,0.3651,39.66,73.05,53.87,7.2284,1.7509,8.9793,0.2866,31.3252,0.6367,0.015
7812,38.232,0.342,30.61,57.3,86.15,9.9054,1.7399,11.6453,0.265,43.9482,0.6641,0.016
7813,19.3472,0.5143,17.68,85.35,54.52,5.2955,2.6699,7.9654,0.4082,19.5151,0.4827,0.2046
7814,20.2499,0.6681,42.05,46.87,54.84,5.1936,3.2799,8.4735,0.5301,15.9837,0.3285,0.1946
7815,19.4942,0.6431,43.37,61.3,56.07,5.1518,3.1125,8.2643,0.4899,16.8706,0.3794,0.1885
7816,31.0425,0.6333,85.37,6.27,55.46,8.0615,3.1426,11.2041,0.5057,22.1567,0.3593,0.1155
7817,23.3103,0.4577,88.37,27.68,13.93,6.4646,2.3732,8.8379,0.3482,25.379,0.5586,0.183
7818,34.0714,0.4224,14.09,45.23,66.44,9.4373,2.1207,11.558,0.3269,35.3559,0.5857,0.1267
7819,44.7554,0.3486,33.72,31.1,8.81,11.5723,1.8364,13.4087,0.2644,50.7201,0.665,0.0167
7820,42.0977,0.364,3.82,66.91,6.77,11.1024,2.0012,13.1035,0.2865,45.7386,0.6368,0.1103
7821,29.302,0.4151,13.8,45.83,27.94,8.0692,2.1016,10.1708,0.315,32.2897,0.6009,0.0181
7822,35.243,0.3921,60.88,29.1,32.16,9.526,1.9986,11.5246,0.3063,37.6233,0.6117,0.0159
7823,34.8129,0.6378,13.7,21.67,81.34,9.1635,3.1999,12.3634,0.5019,24.6354,0.3639,0.1043
7824,21.0385,0.6231,32.37,6.12,66.39,5.5357,2.9322,8.4679,0.5018,16.8754,0.3642,0.1976
7825,28.6818,0.5052,1.23,75.59,13.09,8.1558,2.4721,10.6279,0.3855,27.5694,0.5116,0.1651
7826,23.7759,0.6891,66.22,81.01,76.12,5.8909,3.489,9.3799,0.5442,17.2374,0.3106,0.1582
7827,41.9209,0.5045,5.16,80.59,86.25,11.6569,2.6449,14.3018,0.3921,36.4777,0.5035,0.0995
7828,23.6853,0.6867,24.79,64.95,7.42,5.9424,3.5981,9.5404,0.5465,17.4584,0.3075,0.1845
7829,23.4747,0.3987,34.73,24.11,67.08,6.341,2.1097,8.4507,0.3142,26.8952,0.6019,0.0166
7830,42.4087,0.541,13.75,8.8,73.45,11.7514,2.8243,14.5758,0.4227,34.4797,0.4642,0.0947
7831,36.0347,0.6486,5.24,67.51,43.07,9.5731,3.2713,12.8444,0.5007,25.6533,0.3658,0.1123
7832,47.0209,0.6239,32.23,25.43,89.66,12.5585,3.2162,15.7747,0.4904,32.168,0.3786,0.0786
7833,20.7544,0.4967,29.91,23.47,43.48,5.841,2.5072,8.3482,0.3835,21.769,0.5139,0.2086
7834,27.6658,0.3623,68.4,51.7,59.33,7.2474,1.775,9.0224,0.2849,31.6681,0.639,0.0162
7835,41.1805,0.4936,36.31,81.61,64.9,11.5441,2.5718,14.1159,0.385,36.6672,0.5119,0.0957
7836,34.376,0.3531,81.76,10.96,36.99,9.0034,1.7438,10.7473,0.2789,38.5334,0.6463,0.0167
7837,15.9353,0.4228,27.8,39.9,15.11,4.2533,1.7981,6.0514,0.3035,19.9376,0.6152,0.021
7838,24.519,0.5724,88.83,62.53,22.25,6.7778,2.8904,9.6682,0.4478,21.5909,0.4326,0.1639
7839,40.3332,0.4557,67.0,83.73,54.41,11.2567,2.3741,13.6308,0.3551,38.3808,0.55,0.1037
7840,38.0426,0.3102,54.12,1.6,54.53,9.0516,1.4707,10.5223,0.219,48.0551,0.7224,0.0175
7841,22.7501,0.3003,45.25,34.51,83.78,5.2755,1.5482,6.8237,0.2224,30.6777,0.718,0.0155
7842,22.3012,0.4509,37.99,35.3,69.26,6.2549,2.266,8.5209,0.3589,23.7419,0.545,0.0196
7843,41.0398,0.3633,67.14,40.07,64.21,10.802,1.8868,12.6888,0.2815,45.0822,0.6431,0.0166
7844,20.602,0.3342,22.93,86.53,58.94,5.0529,1.5852,6.6381,0.2479,26.7739,0.6857,0.0193
7845,21.1176,0.6495,87.23,59.13,4.5,5.5807,3.0893,8.6699,0.4993,17.3643,0.3675,0.1645
7846,20.3252,0.4167,26.3,60.58,26.1,5.4674,2.0911,7.5585,0.3132,24.1349,0.603,0.0187
7847,32.5153,0.6673,15.02,55.5,9.33,8.2196,3.2814,11.501,0.5341,21.5341,0.3231,0.1378
7848,26.347,0.5677,12.44,38.87,15.08,7.4315,2.6592,10.0907,0.4397,22.9515,0.4429,0.1615
7849,34.3066,0.4331,23.04,70.15,9.18,9.4884,2.1763,11.6648,0.3275,35.6127,0.585,0.0165
7850,26.9554,0.4366,19.68,2.05,26.75,7.4034,2.2671,9.6704,0.3289,29.3996,0.5831,0.0202
7851,21.4365,0.5929,3.9,9.39,71.17,5.8542,3.0141,8.8683,0.4606,19.2524,0.4161,0.1985
7852,39.2584,0.3013,49.26,80.92,35.97,9.6082,1.5738,11.182,0.2332,47.9533,0.7044,0.0151
7853,33.8136,0.5924,54.76,37.11,17.3,9.3725,2.9624,12.3349,0.4633,26.6248,0.413,0.113
7854,37.0628,0.3143,4.04,86.97,30.67,9.4709,1.7348,11.2058,0.2635,42.524,0.6661,0.022
7855,16.1384,0.5628,36.06,64.94,47.94,4.5001,2.6095,7.1096,0.4366,16.2825,0.4467,0.2445
7856,34.0052,0.3938,75.26,11.77,32.35,9.147,1.9572,11.1042,0.3045,36.4701,0.6142,0.0177
7857,43.1134,0.656,65.81,31.69,19.49,11.1387,3.4123,14.551,0.5172,28.1367,0.3448,0.0964
7858,33.4293,0.54,64.89,39.93,67.0,9.3586,2.6279,11.9866,0.422,28.406,0.4652,0.1099
7859,19.0737,0.5135,60.93,3.95,15.6,5.2727,2.408,7.6807,0.4106,18.7067,0.4796,0.2111
7860,37.5168,0.3179,77.7,70.32,17.13,9.307,1.6092,10.9163,0.2417,45.173,0.6938,0.0161
7861,16.0043,0.4466,24.01,86.82,55.45,4.3219,2.0803,6.4022,0.322,19.8845,0.5919,0.0209
7862,32.8138,0.4677,11.17,86.15,43.15,9.1598,2.4252,11.585,0.3695,31.356,0.5319,0.1206
7863,30.7364,0.6533,45.37,83.34,13.07,7.9267,3.2961,11.2229,0.517,21.7097,0.3451,0.1371
7864,28.4453,0.3052,78.14,34.42,63.94,7.0481,1.5523,8.6004,0.2429,35.4053,0.6922,0.0154
7865,28.1063,0.3703,29.48,7.06,15.91,7.3426,1.7825,9.1251,0.2655,34.3695,0.6635,0.0174
7866,22.4386,0.6332,50.21,84.62,64.97,5.925,3.1313,9.0563,0.4956,18.2729,0.3721,0.1782
7867,45.3112,0.5736,77.43,28.96,63.46,12.5247,2.9031,15.4278,0.4478,34.4543,0.4327,0.0887
7868,31.0854,0.5911,3.92,83.16,59.44,8.4989,2.9957,11.4946,0.4456,25.7929,0.4353,0.1176
7869,27.7488,0.3446,14.91,26.25,23.94,7.0682,1.6505,8.7186,0.2549,34.2057,0.677,0.0167
7870,16.7261,0.6074,66.35,53.05,39.11,4.6034,2.9426,7.5461,0.4611,16.3647,0.4158,0.2413
7871,23.3497,0.388,48.79,17.75,46.31,6.2795,1.9748,8.2543,0.3001,27.5093,0.6197,0.022
7872,38.2402,0.4758,10.8,16.39,47.59,10.6972,2.4401,13.1373,0.3733,35.1913,0.5271,0.1148
7873,25.582,0.3618,10.56,65.94,48.48,6.7862,1.6531,8.4393,0.2894,29.1604,0.6332,0.02
7874,18.0898,0.3825,40.36,34.07,16.69,4.736,2.0005,6.7366,0.2781,24.2199,0.6475,0.0193
7875,17.4512,0.539,63.38,67.88,20.69,4.8978,2.5119,7.4097,0.3989,18.5751,0.4943,0.1936
7876,19.8721,0.4207,28.47,39.95,67.8,5.5295,2.1076,7.6371,0.3335,22.9016,0.5774,0.0203
7877,33.7396,0.4048,66.55,6.98,12.83,9.1287,1.895,11.0237,0.3037,36.3023,0.6151,0.0179
7878,25.695,0.5089,30.89,66.87,10.59,7.2131,2.489,9.7021,0.398,24.3752,0.4956,0.1498
7879,33.465,0.4239,25.54,63.55,29.82,9.2069,2.1225,11.3294,0.3235,35.0232,0.59,0.0156
7880,19.1825,0.3967,89.42,64.5,13.71,4.9888,1.9538,6.9426,0.2878,24.1242,0.6355,0.0201
7881,23.3863,0.5545,33.72,32.36,62.71,6.4843,2.8397,9.324,0.4382,21.2757,0.4446,0.1784
7882,38.7858,0.3352,75.7,66.42,65.44,9.8246,1.6563,11.4809,0.2556,44.9237,0.6761,0.0161
7883,28.4117,0.4481,59.95,59.43,4.11,7.8592,2.1239,9.9831,0.3363,29.6848,0.574,0.1409
7884,24.6378,0.549,87.99,11.98,45.58,6.7751,2.6671,9.4422,0.4284,22.0422,0.457,0.1634
7885,28.1328,0.6256,11.79,47.41,48.86,7.4611,3.0393,10.5004,0.4913,21.3737,0.3778,0.1527
7886,39.5908,0.5034,57.29,88.12,54.2,11.1343,2.5455,13.6798,0.3938,34.7343,0.501,0.1011
7887,34.5473,0.6086,34.33,85.36,57.94,9.2902,3.1072,12.3974,0.4839,25.6203,0.3869,0.1208
7888,22.1788,0.463,63.09,61.79,66.01,6.2026,2.1771,8.3796,0.3542,23.6605,0.5512,0.1836
7889,46.692,0.4464,46.15,76.05,83.42,13.0465,2.3233,15.3698,0.3497,43.9517,0.557,0.0864
7890,19.4731,0.4195,65.8,1.83,76.21,5.356,1.8684,7.2244,0.3247,22.2469,0.5885,0.0192
7891,43.7793,0.6621,36.25,39.65,27.21,11.3863,3.3633,14.7496,0.5197,28.3822,0.3416,0.0849
7892,42.3669,0.3895,81.45,79.24,80.65,11.5288,2.0971,13.6259,0.3038,44.8507,0.6151,0.0144
7893,42.7433,0.5176,76.82,31.2,73.19,12.005,2.7136,14.7185,0.4055,36.2962,0.4862,0.0961
7894,15.7289,0.6423,46.71,15.83,37.91,4.2585,3.038,7.2965,0.505,14.4486,0.3601,0.2356
7895,38.211,0.6643,3.73,70.35,12.69,10.0221,3.1109,13.1329,0.5106,25.7202,0.3531,0.1123
7896,45.138,0.4942,59.53,69.75,11.14,12.8138,2.4927,15.3064,0.3862,39.633,0.5107,0.0948
7897,20.3549,0.4127,77.33,12.67,10.8,5.5292,1.9112,7.4404,0.3159,23.5497,0.5994,0.0181
7898,19.4782,0.32,88.24,74.24,42.81,4.8446,1.6973,6.542,0.2503,26.1377,0.6828,0.0194
7899,20.6476,0.3527,9.42,28.71,35.97,5.4846,1.8936,7.3782,0.2896,25.4769,0.6333,0.0183
7900,24.0586,0.4558,50.75,59.65,29.4,6.6582,2.3173,8.9754,0.3584,25.0448,0.5457,0.1941
7901,38.5009,0.5916,67.06,7.43,61.42,10.4724,2.9627,13.4351,0.4619,29.0873,0.4146,0.1058
7902,20.7455,0.4911,74.5,65.67,71.73,5.8473,2.3717,8.2191,0.3735,22.0042,0.5268,0.2057
7903,43.0632,0.6298,49.57,42.46,50.74,11.4944,3.2214,14.7159,0.4989,29.4957,0.3679,0.0993
7904,30.5906,0.4904,83.16,56.89,46.09,8.503,2.5275,11.0305,0.3816,28.904,0.5165,0.1195
7905,34.4497,0.4939,70.41,29.64,85.92,9.6644,2.512,12.1763,0.386,31.5432,0.5106,0.1213
7906,27.8961,0.4714,7.82,1.25,17.85,7.7509,2.3554,10.1063,0.3631,27.8368,0.54,0.1748
7907,28.6907,0.5021,22.31,40.76,8.77,8.1356,2.4294,10.565,0.3817,27.6812,0.5165,0.1403
7908,28.5864,0.4374,86.2,47.33,83.5,8.0245,2.2498,10.2743,0.3484,29.4865,0.5584,0.1566
7909,42.7453,0.514,25.03,2.97,42.56,11.9808,2.6898,14.6706,0.4021,36.4868,0.4906,0.0974
7910,44.6122,0.6295,77.21,87.68,79.75,11.8722,3.1758,15.048,0.4951,30.3943,0.3728,0.0899
7911,19.2975,0.453,40.23,80.33,67.19,5.2735,2.2829,7.5564,0.349,21.653,0.5578,0.2111
7912,46.7674,0.4767,28.55,43.61,55.13,13.1514,2.5181,15.6696,0.373,42.0113,0.5274,0.0936
7913,16.347,0.5887,73.5,42.92,39.6,4.5629,2.847,7.4099,0.4556,16.2634,0.4225,0.2448
7914,41.842,0.6755,28.42,51.59,13.16,10.4961,3.4707,13.9668,0.5407,25.8308,0.3151,0.0965
7915,33.3558,0.4359,0.78,9.32,40.47,9.3247,2.3692,11.6939,0.3441,33.9845,0.5641,0.1462
7916,19.9814,0.3783,19.37,47.11,60.74,5.3941,1.8938,7.2879,0.3009,24.2196,0.6186,0.0191
7917,22.8127,0.4401,88.84,85.42,87.82,6.3214,2.2401,8.5615,0.3342,25.6168,0.5764,0.0196
7918,39.1863,0.5003,56.27,66.45,60.86,11.0307,2.4822,13.5129,0.3864,34.9705,0.5104,0.1095
7919,15.9681,0.3661,59.72,5.04,29.33,4.1425,1.6693,5.8118,0.2592,22.4219,0.6713,0.0198
7920,45.3215,0.3364,73.06,58.52,11.08,11.4594,1.7243,13.1837,0.2529,52.1391,0.6795,0.0142
7921,17.6809,0.4201,39.54,20.55,86.69,4.7223,2.1118,6.8341,0.3271,20.8947,0.5854,0.0197
7922,27.4273,0.4556,80.98,58.99,35.13,7.5343,2.2221,9.7565,0.352,27.7189,0.5539,0.1444
7923,22.9203,0.3247,38.98,63.34,67.81,5.7037,1.6609,7.3647,0.246,29.9373,0.6883,0.0172
7924,42.2584,0.4824,0.79,77.0,35.76,11.9666,2.5002,14.4668,0.3716,38.9329,0.5292,0.0946
7925,19.2885,0.3604,14.43,62.72,89.08,4.8566,1.6455,6.5021,0.2767,23.5017,0.6491,0.0179
7926,16.2394,0.4844,22.38,5.59,0.53,4.5606,2.4622,7.0228,0.3552,19.7734,0.5496,0.3008
7927,29.396,0.4222,72.19,80.42,67.49,8.1472,2.207,10.3542,0.3249,31.8662,0.5883,0.0168
7928,35.1766,0.4063,42.4,69.04,27.97,9.6164,2.1465,11.7629,0.3133,37.5444,0.6029,0.0166
7929,15.7916,0.3116,26.31,80.63,34.57,3.7047,1.2812,4.9858,0.2209,22.5692,0.7199,0.0212
7930,33.694,0.311,56.63,23.8,87.18,8.1746,1.6376,9.8122,0.2352,41.7141,0.7019,0.0148
7931,33.542,0.6747,81.12,23.34,32.29,8.3588,3.2927,11.6515,0.5326,21.8768,0.3254,0.1133
7932,18.3911,0.4723,58.9,74.51,78.8,5.1397,2.3573,7.497,0.3639,20.5994,0.5389,0.2205
7933,21.6572,0.4731,49.21,18.94,38.61,6.0747,2.276,8.3506,0.3663,22.7968,0.5355,0.1814
7934,44.5922,0.6269,51.0,50.65,85.33,11.869,3.1697,15.0386,0.4994,30.1132,0.3674,0.0947
7935,17.299,0.6183,24.56,18.97,25.92,4.6665,3.0539,7.7204,0.4824,16.0027,0.3887,0.2407
7936,43.999,0.5132,40.29,40.74,43.02,12.4517,2.6944,15.1461,0.4008,37.7905,0.4921,0.0895
7937,31.4113,0.4041,41.52,50.19,33.18,8.6294,2.0845,10.7139,0.3143,34.0836,0.6014,0.0167
7938,37.8418,0.4104,2.48,71.61,5.2,10.4101,2.0274,12.4375,0.3301,37.679,0.5815,0.118
7939,34.0405,0.6213,22.15,75.13,47.6,9.0588,3.1679,12.2267,0.4922,24.8428,0.3763,0.1225
7940,17.3865,0.6314,79.52,33.23,16.95,4.6481,3.2341,7.8823,0.4923,16.0125,0.3762,0.2417
7941,46.1122,0.4507,10.29,61.67,68.59,12.9655,2.2937,15.2592,0.3513,43.4386,0.5549,0.0863
7942,42.4787,0.6259,81.24,71.56,87.34,11.2519,3.2721,14.5241,0.4983,29.1468,0.3686,0.0985
7943,25.4964,0.5449,2.05,8.06,11.48,7.1026,2.4872,9.5898,0.4254,22.5432,0.4606,0.1874
7944,20.1158,0.5563,16.86,13.25,26.11,5.591,2.7234,8.3143,0.4355,19.0933,0.4481,0.2338
7945,36.2593,0.3181,35.4,17.18,10.22,8.7841,1.692,10.476,0.2311,45.3221,0.7071,0.0152
7946,17.2619,0.573,7.27,60.58,62.57,4.7874,2.7195,7.5069,0.4148,18.099,0.4743,0.2278
7947,25.5976,0.4807,30.25,54.33,23.88,7.201,2.3218,9.5228,0.3782,25.1764,0.5207,0.1664
7948,28.7912,0.4666,26.5,16.01,30.56,8.1165,2.3717,10.4882,0.3594,29.1854,0.5445,0.1397
7949,17.9678,0.6564,42.85,81.4,50.7,4.632,3.2508,7.8828,0.5094,15.4755,0.3545,0.2064
7950,21.3008,0.4789,48.3,54.17,64.31,5.8753,2.3747,8.2501,0.3748,22.0133,0.5249,0.195
7951,16.3987,0.6619,26.29,60.3,15.25,4.4541,3.2781,7.7322,0.5084,15.2085,0.3557,0.1972
7952,21.2676,0.4972,72.55,32.6,35.17,6.0049,2.4262,8.4311,0.388,21.7289,0.5084,0.203
7953,33.8689,0.6292,8.8,72.36,19.95,9.0702,3.156,12.2262,0.4992,24.4926,0.3672,0.1354
7954,44.0297,0.3892,35.19,22.08,79.27,11.8786,2.1566,14.0352,0.3037,46.2078,0.6151,0.0145
7955,41.2866,0.5701,15.27,67.91,39.39,11.4781,2.9288,14.4069,0.4486,32.1123,0.4316,0.1001
7956,31.7848,0.6677,6.69,32.12,47.9,8.3287,3.3949,11.7237,0.5099,22.9943,0.3537,0.1405
7957,36.8372,0.5756,69.36,24.08,72.97,10.0814,2.9241,13.0055,0.4537,28.6636,0.4248,0.1174
7958,34.1463,0.5711,79.88,50.07,73.55,9.3898,2.8378,12.2276,0.453,26.9935,0.426,0.1235
7959,26.4707,0.5819,22.89,25.41,28.44,7.2311,2.825,10.0561,0.465,21.6268,0.4106,0.169
7960,19.8855,0.4565,74.18,5.35,12.45,5.534,1.9774,7.5114,0.3488,21.5328,0.558,0.0213
7961,35.6559,0.3542,84.2,59.44,55.22,9.2662,1.8726,11.1388,0.2729,40.8112,0.6541,0.0148
7962,37.1036,0.6415,68.06,57.91,26.06,9.8628,3.2932,13.156,0.5047,26.0651,0.3604,0.1087
7963,17.281,0.5897,36.44,86.87,15.07,4.8174,2.922,7.7393,0.4413,17.5357,0.4405,0.2049
7964,24.1016,0.3734,34.9,45.78,45.89,6.4657,1.9215,8.3873,0.2931,28.613,0.6287,0.0181
7965,46.0144,0.5217,36.56,71.65,56.88,12.974,2.7156,15.6896,0.4088,38.3768,0.4819,0.0861
7966,42.4958,0.6111,85.18,5.59,32.76,11.3701,3.2052,14.5753,0.4808,30.3157,0.3909,0.0961
7967,41.655,0.3428,44.11,10.45,63.29,10.8017,1.919,12.7207,0.2676,47.5425,0.6609,0.0189
7968,42.6444,0.4427,25.64,32.06,54.74,11.8806,2.3705,14.2511,0.3478,40.9742,0.5592,0.1
7969,36.8402,0.4045,43.02,80.59,77.32,10.0097,2.0962,12.106,0.3162,38.2857,0.5994,0.015
7970,25.2165,0.4787,45.68,55.16,55.43,6.9838,2.2892,9.273,0.3779,24.5412,0.5211,0.1575
7971,30.1311,0.6205,30.82,0.63,83.31,7.7681,3.1481,10.9162,0.517,21.1136,0.3447,0.1289
7972,32.7354,0.4072,78.84,26.25,21.25,8.832,2.0842,10.9161,0.3119,35.0006,0.6049,0.0162
7973,21.8846,0.3506,11.78,44.96,56.12,5.8288,1.8488,7.6776,0.2838,27.0542,0.6402,0.019
7974,43.7123,0.6087,66.01,52.96,22.91,11.9655,3.13,15.0955,0.477,31.6473,0.3957,0.0849
7975,27.517,0.509,53.84,33.92,10.85,7.7419,2.339,10.0809,0.3943,25.5642,0.5003,0.153
7976,39.8788,0.6875,46.77,20.52,66.35,9.9909,3.2782,13.2691,0.5375,24.6872,0.319,0.1074
7977,24.338,0.6802,18.83,64.53,71.54,6.092,3.5106,9.6026,0.5393,17.8059,0.3167,0.164
7978,16.8371,0.3563,15.41,55.78,76.33,4.2313,1.571,5.8023,0.261,22.2316,0.6692,0.0206
7979,41.0391,0.6248,49.63,11.73,62.5,11.0043,3.1167,14.121,0.4882,28.9254,0.3814,0.1004
7980,46.0276,0.3371,34.5,74.96,24.53,11.7551,1.8273,13.5824,0.2611,52.0195,0.6693,0.0151
7981,18.6754,0.4357,61.59,18.32,77.14,5.0317,2.0939,7.1255,0.3357,21.225,0.5746,0.0219
7982,38.1311,0.4492,46.59,7.53,62.54,10.6924,2.2161,12.9085,0.3541,36.4568,0.5512,0.114
7983,16.3534,0.6334,50.91,44.9,12.91,4.3496,3.0346,7.3842,0.4909,15.0432,0.3779,0.2459
7984,37.2574,0.4749,82.45,14.54,51.58,10.4073,2.4096,12.817,0.373,34.3641,0.5272,0.1049
7985,46.0617,0.4477,76.82,32.26,27.01,12.7358,2.3081,15.0438,0.3465,43.4188,0.5611,0.0884
7986,45.0833,0.3239,23.51,42.38,80.95,11.3477,1.8111,13.1587,0.2496,52.7257,0.6839,0.0148
7987,20.436,0.4645,11.05,88.42,1.28,5.7478,2.2247,7.9725,0.359,22.2099,0.545,0.2249
7988,42.3911,0.3002,53.78,89.35,71.73,10.4487,1.7814,12.2301,0.234,52.2686,0.7035,0.0148
7989,24.187,0.5957,32.66,29.98,29.98,6.569,2.9683,9.5373,0.4757,20.0478,0.3971,0.1787
7990,23.6787,0.42,70.61,30.63,22.54,6.352,2.052,8.404,0.3226,26.0522,0.5912,0.0201
7991,30.5704,0.3561,10.85,62.02,62.63,8.0789,1.82,9.8989,0.2775,35.6752,0.6482,0.0165
7992,37.5677,0.3682,13.06,9.49,46.58,9.887,1.9357,11.8227,0.29,40.7627,0.6325,0.018
7993,18.3313,0.418,26.69,84.95,27.38,4.98,2.077,7.057,0.3122,22.6016,0.6042,0.017
7994,45.3983,0.6816,11.91,64.33,70.97,11.2816,3.4834,14.765,0.5443,27.1268,0.3105,0.0855
7995,31.9506,0.5151,24.1,50.39,0.37,9.1015,2.6117,11.7132,0.409,28.6416,0.4817,0.1386
7996,17.8545,0.6507,84.89,59.03,82.56,4.6137,3.1824,7.7962,0.5084,15.3351,0.3558,0.235
7997,18.4015,0.6257,0.78,67.07,14.72,5.0714,3.3186,8.39,0.4771,17.5863,0.3953,0.2442
7998,36.9843,0.3894,5.75,19.64,37.71,10.0837,2.0023,12.086,0.3113,38.818,0.6053,0.0178
7999,20.4214,0.5903,59.11,34.94,15.0,5.5903,2.8289,8.4192,0.4643,18.1315,0.4117,0.1793
8000,36.9897,0.3715,60.72,2.0,51.29,9.657,1.8066,11.4636,0.2753,41.6463,0.6512,0.0146
8001,43.7263,0.5462,9.23,2.84,20.19,12.2646,2.826,15.0906,0.4398,34.315,0.4427,0.1037
8002,33.5435,0.5815,45.74,35.92,45.89,9.2912,2.9552,12.2464,0.4542,26.9639,0.4243,0.1226
8003,25.5369,0.465,54.37,87.25,41.76,7.075,2.2686,9.3436,0.3602,25.9424,0.5436,0.1581
8004,37.2067,0.3885,27.15,50.14,76.62,10.1779,2.0449,12.2229,0.3057,39.9826,0.6126,0.016
8005,42.072,0.4549,27.01,41.73,49.05,11.8003,2.4628,14.2631,0.3536,40.3374,0.552,0.1029
8006,44.22,0.3664,34.17,78.53,76.5,11.7322,1.9553,13.6874,0.2839,48.2095,0.6402,0.0163
8007,43.9347,0.302,16.15,52.47,3.0,10.4072,1.5454,11.9526,0.214,55.8618,0.7288,0.0167
8008,18.5884,0.4195,37.67,40.82,66.96,5.1461,2.1148,7.261,0.3326,21.8309,0.5786,0.0212
8009,32.6275,0.3064,8.92,0.04,85.23,7.5258,1.0603,8.5862,0.2171,39.5422,0.7246,0.0189
8010,34.0507,0.3418,63.15,17.34,49.77,8.7336,1.7847,10.5183,0.2653,39.6519,0.664,0.0174
8011,34.9172,0.3531,56.63,76.6,2.19,8.8996,1.7873,10.6868,0.2587,41.3038,0.6719,0.0174
8012,22.635,0.5646,88.98,69.99,80.21,6.2768,2.8934,9.1701,0.4449,20.6103,0.436,0.1744
8013,18.8202,0.6764,39.02,80.8,65.0,4.8587,3.3586,8.2173,0.5275,15.5785,0.3317,0.2025
8014,45.2802,0.3873,4.64,60.81,56.42,12.2759,2.1158,14.3918,0.3069,46.8945,0.6112,0.0963
8015,32.3235,0.4883,0.5,4.53,61.22,9.1412,2.5754,11.7166,0.3763,31.1344,0.5231,0.1258
8016,16.221,0.5462,4.64,60.16,10.65,4.5297,2.5002,7.0299,0.3889,18.0785,0.5072,0.3059
8017,45.3864,0.4708,86.22,11.47,72.14,12.6499,2.4484,15.0983,0.3682,41.0065,0.5334,0.0859
8018,35.6412,0.3918,65.18,85.99,35.77,9.5474,2.0039,11.5513,0.2986,38.6903,0.6216,0.0159
8019,32.3799,0.6183,65.6,4.66,46.93,8.646,3.0489,11.6949,0.4918,23.7804,0.3769,0.1187
8020,22.1986,0.3154,76.81,84.08,55.08,5.3186,1.5336,6.8522,0.2336,29.3345,0.7039,0.0164
8021,24.4209,0.6123,55.11,83.18,47.02,6.5285,3.0274,9.5559,0.4784,19.9727,0.3937,0.1724
8022,33.503,0.4547,63.66,11.78,72.4,nan,nan,nan,nan,nan,nan,nan
8023,16.8272,0.621,27.13,46.23,89.56,4.5259,2.9833,7.5092,0.4943,15.1915,0.3736,0.2226
8024,21.7455,0.6491,28.6,51.13,4.2,5.7893,3.2318,9.0211,0.5034,17.919,0.3619,0.1808
8025,44.1683,0.3226,48.71,4.64,14.13,10.9392,1.6482,12.5874,0.2376,52.9746,0.6989,0.0155
8026,24.7362,0.3459,11.23,11.21,53.42,6.2744,1.7397,8.0141,0.2773,28.9044,0.6486,0.0187
8027,27.9148,0.431,25.51,0.54,56.16,7.5919,2.2086,9.8005,0.326,30.0669,0.5871,0.0179
8028,41.9581,0.4832,14.5,34.1,20.23,11.9082,2.5411,14.4493,0.3766,38.3658,0.5228,0.107
8029,44.6502,0.6527,56.88,41.37,38.96,11.6546,3.3192,14.9739,0.5142,29.1189,0.3485,0.088
8030,25.3543,0.6131,41.49,76.36,59.48,6.7151,3.0431,9.7582,0.4894,19.9385,0.3798,0.1449
8031,26.8898,0.5478,27.56,51.93,24.02,7.4845,2.6238,10.1082,0.4329,23.3506,0.4514,0.1429
8032,16.7455,0.5932,3.27,18.12,36.7,4.7113,2.8572,7.5684,0.4473,16.9204,0.433,0.2712
8033,30.4718,0.4063,19.32,43.72,33.24,8.3222,2.0706,10.3927,0.3107,33.4515,0.6063,0.0184
8034,34.338,0.5972,79.27,47.85,25.54,9.3695,3.0476,12.4171,0.4708,26.3749,0.4035,0.1148
8035,25.5989,0.4539,47.89,67.57,32.22,7.162,2.2313,9.3933,0.3497,26.8586,0.557,0.1678
8036,44.3337,0.5016,63.82,46.38,44.78,12.5643,2.5605,15.1248,0.3945,38.3369,0.5,0.0892
8037,24.1974,0.4675,36.87,7.45,16.76,6.831,2.3431,9.1741,0.3616,25.3703,0.5417,0.1978
8038,29.6318,0.5204,54.92,39.36,86.83,8.2208,2.6211,10.8419,0.4077,26.5952,0.4836,0.1297
8039,19.244,0.418,63.56,55.09,77.1,5.2457,2.1918,7.4374,0.3194,23.286,0.5953,0.0171
8040,29.234,0.3203,19.78,0.98,74.85,7.0419,1.5677,8.6096,0.2251,38.2507,0.7147,0.0157
8041,29.9567,0.613,60.14,28.75,38.88,8.1816,3.029,11.2106,0.4721,23.7477,0.4019,0.1269
8042,46.8728,0.5412,68.01,64.17,38.26,13.0892,2.8087,15.8979,0.4241,37.4827,0.4625,0.0858
8043,26.0939,0.6615,26.9,28.41,81.1,6.4956,3.218,9.7136,0.5316,18.2733,0.3265,0.1331
8044,16.3014,0.5657,45.76,25.96,20.98,4.6492,2.6845,7.3337,0.4326,16.9525,0.4517,0.2603
8045,29.9044,0.6918,82.1,8.4,42.83,7.3633,3.3621,10.7254,0.5389,19.9022,0.3173,0.1242
8046,24.9455,0.3229,53.78,6.19,83.63,5.8939,1.4657,7.3596,0.2197,33.5008,0.7215,0.0235
8047,44.5628,0.3599,53.04,78.12,86.57,11.7818,1.8636,13.6454,0.2791,48.8976,0.6464,0.0142
8048,32.9371,0.507,67.69,70.55,78.26,9.3161,2.4514,11.7675,0.3956,29.7495,0.4988,0.1295
8049,31.5524,0.4029,19.86,86.23,58.24,8.5306,2.0311,10.5617,0.3074,34.3574,0.6104,0.0172
8050,19.4805,0.5373,83.15,26.29,47.37,5.4575,2.6687,8.1262,0.4256,19.0925,0.4606,0.2158
8051,32.9669,0.5478,80.95,81.83,28.6,9.1414,2.699,11.8404,0.4276,27.6934,0.4582,0.1103
8052,22.8229,0.3318,39.74,35.38,3.55,5.5611,1.7511,7.3122,0.2348,31.1472,0.7024,0.0168
8053,32.2466,0.5631,60.07,45.16,19.54,8.9709,2.8619,11.8328,0.4433,26.6896,0.4383,0.1366
8054,40.7701,0.3391,87.5,5.76,85.09,10.3278,1.8089,12.1367,0.257,47.2304,0.6743,0.0172
8055,38.196,0.3299,1.72,76.26,88.19,9.8828,1.6645,11.5473,0.2718,42.487,0.6551,0.0234
8056,43.4204,0.3554,74.52,87.24,39.98,11.2524,1.922,13.1744,0.2715,48.5333,0.656,0.0159
8057,15.9736,0.4256,78.76,12.16,59.2,4.3483,2.0843,6.4326,0.3147,20.4382,0.6011,0.0241
8058,28.4679,0.5034,79.32,30.69,42.57,7.998,2.4592,10.4572,0.3899,26.8224,0.5059,0.1343
8059,36.653,0.4832,19.84,50.33,52.34,10.373,2.5188,12.8918,0.3772,34.1757,0.5219,0.1093
8060,45.3048,0.6811,45.34,22.6,5.53,11.3326,3.4156,14.7482,0.5401,27.3078,0.3155,0.0927
8061,44.1329,0.6399,71.74,15.43,37.67,11.4813,3.3191,14.8003,0.5081,29.1299,0.3564,0.093
8062,25.5678,0.5326,71.93,27.36,2.61,7.1716,2.628,9.7996,0.4226,23.1878,0.4644,0.1614
8063,46.3564,0.5926,49.81,48.49,68.01,12.6894,2.9612,15.6506,0.4678,33.4579,0.4074,0.0873
8064,27.4538,0.5103,15.93,25.75,67.69,7.6371,2.5111,10.1482,0.3982,25.4843,0.4952,0.1392
8065,34.4526,0.5187,55.39,23.65,5.82,9.6648,2.6462,12.3111,0.4027,30.5716,0.4899,0.1329
8066,30.1129,0.5946,67.15,40.37,74.44,8.1935,3.0196,11.213,0.4681,23.9531,0.4068,0.1367
8067,40.2616,0.3347,2.52,44.83,32.56,10.5371,1.5842,12.1212,0.2732,44.3734,0.6537,0.0226
8068,24.3739,0.4177,81.55,88.14,77.77,6.6869,2.1889,8.8758,0.3293,26.9496,0.5826,0.0184
8069,44.4652,0.3577,69.13,87.73,43.93,11.5876,1.9475,13.535,0.2783,48.6358,0.6474,0.016
8070,24.6531,0.5924,19.99,38.03,56.61,6.7672,2.9022,9.6694,0.4736,20.4155,0.3999,0.1682
8071,39.301,0.4924,43.02,1.38,75.07,11.0539,2.5033,13.5571,0.3823,35.4617,0.5156,0.1062
8072,40.6429,0.3001,45.84,68.47,83.03,9.778,1.5666,11.3446,0.2281,49.7427,0.7111,0.0149
8073,25.4146,0.3533,59.77,40.59,66.72,6.6484,1.7676,8.416,0.283,29.7402,0.6414,0.0186
8074,19.5133,0.4579,13.36,48.11,39.25,5.4341,2.3646,7.7988,0.3611,21.5985,0.5423,0.2327
8075,35.2828,0.5744,21.63,7.01,56.84,9.6901,2.9272,12.6173,0.4516,27.9416,0.4278,0.1115
8076,46.2603,0.6989,0.47,16.26,11.45,11.4072,3.6751,15.0822,0.5578,27.037,0.2932,0.0941
8077,30.6193,0.3872,65.82,52.97,76.57,8.2851,2.0053,10.2904,0.3042,33.8231,0.6145,0.0155
8078,21.6234,0.6661,75.14,50.94,44.23,5.5315,3.2754,8.8069,0.52,16.9373,0.3412,0.1945
8079,30.2204,0.5096,23.24,58.22,87.5,8.541,2.608,11.1489,0.3977,28.0342,0.496,0.1293
8080,27.8227,0.4435,63.99,39.75,13.52,7.696,2.0506,9.7466,0.3403,28.6421,0.5688,0.1544
8081,45.7267,0.5722,16.58,33.19,25.78,12.6505,2.9382,15.5887,0.4549,34.2707,0.4239,0.091
8082,34.2339,0.5017,20.48,43.05,64.5,9.6793,2.5682,12.2475,0.3955,30.9708,0.4988,0.1295
8083,29.015,0.5737,73.93,62.7,48.91,8.0453,2.8508,10.8961,0.4424,24.628,0.4394,0.1376
8084,38.5793,0.6155,35.62,86.79,83.05,10.4023,3.0108,13.4131,0.4849,27.6628,0.3856,0.1077
8085,20.0613,0.3803,32.8,81.9,18.75,5.1944,1.7859,6.9803,0.2825,24.7126,0.6422,0.0241
8086,39.9778,0.463,78.12,48.38,64.28,11.1963,2.3413,13.5376,0.3604,37.5632,0.5433,0.0997
8087,33.5087,0.4738,40.88,23.04,25.22,9.3478,2.3938,11.7416,0.3713,31.6221,0.5297,0.1263
8088,38.9506,0.6965,16.35,63.74,47.73,9.2927,3.5259,12.8186,0.5635,22.7481,0.2863,0.1036
8089,32.9181,0.4868,41.31,81.97,69.69,9.1923,2.4117,11.604,0.3816,30.4061,0.5165,0.1302
8090,37.4613,0.3877,58.48,23.28,18.64,10.0951,1.978,12.0731,0.301,40.1096,0.6186,0.0187
8091,17.3303,0.4603,72.21,82.21,49.05,4.8281,2.2907,7.1188,0.3493,20.3809,0.5574,0.0214
8092,32.2508,0.3239,48.66,61.51,5.88,8.1097,1.5504,9.6601,0.2433,39.7011,0.6918,0.0159
8093,28.484,0.5237,70.55,62.21,78.23,8.0264,2.6308,10.6572,0.4096,26.0201,0.4809,0.1406
8094,46.9388,0.6267,13.56,48.58,32.1,12.5349,3.2737,15.8086,0.4976,31.7686,0.3695,0.0823
8095,34.0462,0.4771,21.97,36.18,53.21,9.5456,2.5079,12.0534,0.3752,32.1271,0.5246,0.1198
8096,22.0227,0.6055,71.82,63.01,68.55,6.0065,3.0019,9.0084,0.4679,19.2515,0.4073,0.1644
8097,41.6826,0.6103,44.89,32.46,47.36,11.4399,3.1238,14.5637,0.4752,30.6494,0.3977,0.0962
8098,27.1289,0.3729,57.11,4.91,61.25,7.1687,1.8481,9.0168,0.2809,32.0939,0.644,0.0168
8099,43.3378,0.4865,0.95,6.2,14.47,12.4376,2.6504,15.088,0.378,39.9155,0.5207,0.1185
8100,32.0987,0.5255,37.67,87.0,22.38,9.0065,2.6921,11.6986,0.4099,28.5373,0.4805,0.1292
8101,37.2872,0.4308,71.19,18.21,59.6,10.3018,2.1875,12.4893,0.3351,37.2703,0.5756,0.1161
8102,35.0687,0.3399,74.02,77.28,23.56,8.9138,1.672,10.5858,0.2596,40.7744,0.6711,0.0153
8103,28.9827,0.5162,11.25,70.11,68.87,8.1466,2.6284,10.775,0.4016,26.8288,0.4913,0.1386
8104,18.9584,0.5146,24.99,37.59,55.12,5.2061,2.5672,7.7734,0.4099,18.9662,0.4806,0.2063
8105,41.6082,0.5628,81.51,79.63,56.89,11.6119,2.9741,14.5861,0.4431,32.9186,0.4388,0.1002
8106,36.8785,0.6577,49.33,83.39,12.58,9.4581,3.3171,12.7752,0.5215,24.4971,0.3391,0.1047
8107,35.6397,0.5473,49.7,63.45,6.47,9.9907,2.8719,12.8626,0.4288,29.9955,0.4566,0.1117
8108,18.0485,0.4107,64.47,18.67,81.08,4.7807,1.97,6.7506,0.3208,21.0403,0.5932,0.0211
8109,34.4764,0.6595,81.64,85.23,77.49,8.9092,3.2313,12.1405,0.5161,23.5216,0.346,0.1186
8110,19.3748,0.4497,11.24,79.98,75.67,5.2811,2.4589,7.74,0.353,21.9256,0.5529,0.0205
8111,17.676,0.4463,46.72,0.2,70.28,4.9303,2.1759,7.1062,0.3515,20.2147,0.5543,0.0197
8112,24.0479,0.6621,27.82,53.71,21.23,6.1269,3.3222,9.449,0.5321,17.7592,0.3258,0.1635
8113,40.2974,0.6028,35.1,54.58,7.14,10.9932,2.9602,13.9534,0.4751,29.3694,0.3978,0.1097
8114,38.5118,0.4394,43.16,49.41,16.76,10.7585,2.1934,12.952,0.3403,38.0641,0.5688,0.1111
8115,45.4481,0.6361,44.96,12.36,25.46,11.9994,3.1962,15.1956,0.5011,30.326,0.3651,0.0977
8116,38.5317,0.4518,35.93,63.98,56.39,10.7796,2.3106,13.0902,0.3536,37.0164,0.5521,0.1098
8117,18.997,0.6661,35.09,81.3,54.01,4.8106,3.2954,8.106,0.5225,15.5146,0.3382,0.2024
8118,41.9223,0.4765,77.09,18.37,47.34,11.7543,2.5108,14.2651,0.3725,38.2907,0.5281,0.0982
8119,36.1228,0.3835,50.85,30.12,8.86,9.6968,2.0903,11.7871,0.2977,39.5915,0.6227,0.0162
8120,33.3355,0.3373,67.86,8.31,43.48,8.5023,1.7042,10.2065,0.2635,38.7309,0.666,0.0152
8121,27.6884,0.3245,27.23,32.17,27.23,6.7551,1.4473,8.2024,0.2362,34.7311,0.7007,0.0171
8122,38.527,0.4283,30.43,41.84,34.83,10.6504,2.1571,12.8075,0.3329,38.4727,0.5782,0.1109
8123,45.8349,0.4207,28.81,49.7,12.7,12.6612,2.2295,14.8907,0.3222,46.2225,0.5919,0.0982
8124,37.7878,0.4122,22.02,26.53,22.1,10.3647,2.0554,12.4201,0.3177,39.0939,0.5973,0.0156
8125,37.7047,0.3986,71.86,11.7,58.55,10.1927,2.0219,12.2146,0.3113,39.2363,0.6057,0.0164
8126,39.0412,0.4956,8.24,15.15,50.39,11.0221,2.4998,13.5219,0.385,35.1226,0.5123,0.1092
8127,46.2573,0.6868,1.42,73.3,21.47,11.8206,3.4784,15.299,0.5305,28.8365,0.3276,0.1048
8128,27.4396,0.3321,44.6,39.72,21.7,6.9121,1.5918,8.5039,0.2496,34.0758,0.6838,0.0166
8129,41.3246,0.6305,75.0,22.6,73.56,10.9806,3.1738,14.1543,0.4968,28.4928,0.3705,0.1056
8130,19.2085,0.4218,64.09,8.98,15.75,5.2143,1.8134,7.0277,0.3217,21.8467,0.5923,0.0187
8131,41.1387,0.3929,64.19,88.18,85.03,11.1896,2.0812,13.2708,0.305,43.511,0.6135,0.0162
8132,25.4637,0.691,47.23,73.14,58.1,6.3178,3.4664,9.7842,0.5423,18.0434,0.3132,0.1661
8133,18.8095,0.3785,10.48,7.44,10.68,4.7161,1.8406,6.5567,0.2896,22.643,0.633,0.0177
8134,41.0045,0.5174,1.51,13.44,73.74,11.407,2.5429,13.9499,0.3987,34.9897,0.4949,0.0954
8135,25.955,0.5406,83.51,69.04,65.66,7.3796,2.6727,10.0523,0.4189,23.9958,0.4692,0.147
8136,20.7183,0.4959,29.3,0.34,88.69,5.8281,2.2527,8.0808,0.3904,20.7,0.5053,0.1995
8137,18.0085,0.4217,4.03,4.32,18.58,4.8058,2.1601,6.9659,0.3165,22.0088,0.5991,0.0221
8138,44.3261,0.6903,36.68,0.31,42.43,10.6115,3.4991,14.1106,0.5646,24.9937,0.2848,0.09
8139,34.1636,0.5406,58.64,85.08,3.25,9.5359,2.6521,12.188,0.4205,28.9866,0.4672,0.1178
8140,44.9641,0.3298,68.26,66.32,11.51,11.3762,1.6968,13.073,0.2509,52.1132,0.6822,0.0161
8141,26.5227,0.3925,24.52,74.17,0.68,7.1216,1.6895,8.811,0.2918,30.1918,0.6301,0.0183
8142,19.0645,0.688,57.82,18.53,38.12,4.7633,3.4188,8.1821,0.5425,15.0814,0.3127,0.2029
8143,38.5492,0.6697,1.52,73.1,40.47,10.0428,3.1659,13.2087,0.5175,25.5221,0.3442,0.1062
8144,43.5141,0.3809,18.03,48.16,30.19,11.6118,2.011,13.6228,0.2882,47.2718,0.6348,0.0169
8145,32.995,0.3065,44.98,39.71,80.41,8.0414,1.5809,9.6223,0.2359,40.7858,0.7012,0.0159
8146,24.2736,0.4847,37.76,53.91,84.53,6.8263,2.4598,9.2861,0.3849,24.1275,0.5124,0.1662
8147,27.3133,0.478,6.84,57.73,66.67,7.6581,2.2439,9.902,0.3727,26.5705,0.5279,0.1439
8148,43.8146,0.5038,58.6,21.07,70.31,12.3298,2.6354,14.9651,0.3973,37.6672,0.4965,0.0954
8149,34.4856,0.4971,34.91,35.0,59.27,9.7019,2.6207,12.3226,0.3934,31.3238,0.5015,0.1245
8150,41.3025,0.4601,12.13,69.01,1.51,11.5303,2.4868,14.0171,0.3457,40.5417,0.562,0.1157
8151,26.2467,0.5654,50.33,61.94,7.03,7.2221,2.6295,9.8516,0.4508,21.8547,0.4288,0.1534
8152,28.5055,0.5928,41.7,29.88,43.74,7.7632,2.8436,10.6068,0.46,23.0595,0.4172,0.1547
8153,21.1586,0.4494,25.3,10.19,40.17,5.8152,2.1064,7.9217,0.3395,23.334,0.5695,0.023
8154,31.5192,0.346,55.44,2.91,42.87,7.8756,1.5613,9.4369,0.2471,38.1959,0.687,0.015
8155,44.822,0.6636,22.94,38.44,36.18,11.5423,3.404,14.9463,0.5246,28.4891,0.3353,0.0918
8156,22.3387,0.4321,19.59,47.52,80.57,6.1932,2.2211,8.4143,0.333,25.2666,0.5779,0.0178
8157,39.9209,0.6567,58.98,71.37,25.34,10.2909,3.2848,13.5757,0.5176,26.2283,0.3444,0.0991
8158,22.7098,0.6202,28.84,36.38,39.08,6.1501,3.0956,9.2457,0.4887,18.9183,0.3807,0.1711
8159,35.7223,0.4701,23.7,7.56,64.92,9.8943,2.4942,12.3885,0.3662,33.8334,0.5361,0.1221
8160,29.0035,0.6121,76.77,64.4,64.7,7.8812,3.1159,10.9971,0.4768,23.0652,0.3959,0.1318
8161,34.8408,0.6177,80.14,32.5,68.2,9.3675,3.0463,12.4138,0.482,25.7527,0.3891,0.1161
8162,40.2201,0.5876,20.84,61.38,74.54,11.0581,2.9621,14.0203,0.4654,30.1266,0.4102,0.1096
8163,20.0262,0.5046,37.19,58.0,56.27,5.5031,2.4748,7.9779,0.3952,20.1892,0.4993,0.2001
8164,19.5089,0.3024,69.75,50.4,65.4,4.7899,1.6998,6.4897,0.2331,27.8454,0.7047,0.0167
8165,39.8263,0.5183,78.41,61.23,89.48,11.2468,2.6669,13.9136,0.4073,34.1574,0.4836,0.1042
8166,26.6413,0.616,40.65,18.85,34.47,7.1659,2.9407,10.1065,0.4874,20.7354,0.3826,0.152
8167,35.293,0.6416,26.8,37.4,69.3,9.2107,3.2461,12.4568,0.5087,24.4892,0.3556,0.1307
8168,18.5681,0.5172,46.54,10.9,87.82,5.037,2.3906,7.4276,0.401,18.5216,0.4921,0.2258
8169,35.0567,0.639,49.99,73.68,84.25,9.2611,3.2418,12.5029,0.502,24.9044,0.3639,0.1216
8170,43.7532,0.602,7.5,2.36,76.73,11.6749,3.123,14.7979,0.4842,30.5614,0.3865,0.0923
8171,43.0212,0.5107,88.14,78.69,39.27,12.0565,2.6746,14.7311,0.3986,36.9581,0.4949,0.0974
8172,37.6892,0.5062,67.47,32.11,29.75,10.5608,2.5522,13.113,0.3957,33.138,0.4985,0.1048
8173,35.7083,0.5529,45.36,18.55,42.79,9.9674,2.834,12.8014,0.4343,29.4782,0.4496,0.1083
8174,29.3557,0.4041,60.17,8.37,34.13,8.0026,2.0553,10.058,0.3082,32.6329,0.6093,0.0236
8175,46.6476,0.4216,42.16,60.61,58.9,12.9023,2.1957,15.098,0.3293,45.8491,0.5828,0.0833
8176,24.0294,0.5195,15.98,89.01,84.81,6.7144,2.708,9.4224,0.3979,23.6792,0.4958,0.1631
8177,30.1635,0.4585,64.29,33.38,22.79,8.3901,2.3469,10.737,0.3549,30.2537,0.5504,0.139
8178,37.6722,0.6639,66.76,56.38,38.73,9.6101,3.2934,12.9035,0.522,24.72,0.3389,0.1061
8179,37.8872,0.5138,56.94,46.47,12.14,10.753,2.6043,13.3573,0.4022,33.2129,0.4907,0.1017
8180,20.4156,0.3836,58.69,31.65,20.97,5.3658,1.782,7.1478,0.2872,24.8909,0.6361,0.0186
8181,44.8978,0.6693,10.09,85.44,50.57,11.4221,3.3752,14.7973,0.5309,27.8696,0.3272,0.0851
8182,46.2113,0.4054,58.67,33.28,60.8,12.7028,2.1116,14.8144,0.3196,46.3546,0.5951,0.0942
8183,31.42,0.4985,21.31,13.29,20.95,8.853,2.5512,11.4042,0.3925,29.059,0.5028,0.1422
8184,18.2904,0.4285,43.38,43.09,87.7,4.9787,2.1095,7.0882,0.324,21.876,0.5892,0.0185
8185,19.5547,0.6665,35.28,13.7,36.53,4.8065,3.3671,8.1736,0.5393,15.156,0.3167,0.1843
8186,34.5634,0.4019,12.5,24.48,36.1,9.5074,2.0826,11.59,0.3122,37.1238,0.6042,0.0207
8187,41.3844,0.3603,59.86,45.17,68.26,10.9336,1.9415,12.8752,0.2794,46.0884,0.6459,0.0175
8188,39.7213,0.3155,22.69,72.33,46.31,9.7423,1.5559,11.2982,0.2346,48.1523,0.7028,0.0146
8189,31.9534,0.4209,4.79,17.49,52.75,8.7308,2.2822,11.013,0.3315,33.2174,0.5797,0.1326
8190,25.1749,0.6947,85.94,86.23,25.02,6.0485,3.4022,9.4508,0.5481,17.2422,0.3055,0.1533
8191,45.7029,0.6845,59.01,85.12,35.85,11.5002,3.4238,14.924,0.5367,27.8049,0.3199,0.0898
8192,15.9188,0.4409,39.09,15.01,17.42,4.4404,2.146,6.5863,0.3367,19.5627,0.5733,0.0205
8193,35.3488,0.4367,14.29,16.57,14.04,9.7226,2.252,11.9746,0.3319,36.0835,0.5794,0.1244
8194,25.247,0.3763,10.27,50.71,35.05,6.8938,1.722,8.6158,0.3057,28.1851,0.6123,0.0181
8195,42.8151,0.6868,24.71,80.47,14.53,10.4513,3.4495,13.9008,0.5515,25.2068,0.301,0.0981
8196,16.1129,0.6495,47.02,72.05,34.53,4.3804,2.9007,7.2811,0.4869,14.9546,0.383,0.2194
8197,25.9616,0.6858,71.94,16.27,62.47,6.4378,3.3717,9.8095,0.5366,18.282,0.3201,0.1522
8198,18.4341,0.4273,73.8,14.5,30.48,5.0227,2.105,7.1278,0.3302,21.5844,0.5816,0.0193
8199,31.947,0.509,64.64,67.55,27.68,8.9821,2.5375,11.5196,0.3938,29.249,0.501,0.1226
8200,34.5916,0.386,42.55,51.07,6.49,9.1445,1.9412,11.0857,0.2848,38.9243,0.6391,0.0172
8201,17.1218,0.5802,45.96,72.91,82.61,4.7383,2.6439,7.3822,0.4358,16.9402,0.4478,0.1969
8202,45.5103,0.4244,45.7,5.43,23.02,12.5252,2.1437,14.669,0.328,44.724,0.5844,0.0926
8203,26.5322,0.4492,65.3,13.42,78.77,7.2767,2.1834,9.4601,0.3485,27.1462,0.5583,0.1499
8204,45.6398,0.3938,4.52,46.99,75.58,12.4992,2.1654,14.6646,0.3152,46.5182,0.6006,0.0944
8205,19.5291,0.3691,74.28,6.15,46.0,4.9802,1.532,6.5122,0.2732,23.8344,0.6535,0.0171
8206,37.3872,0.5373,54.77,12.58,60.16,10.4403,2.7166,13.1569,0.4205,31.2923,0.4673,0.1158
8207,26.8967,0.3195,76.07,48.45,17.57,6.6334,1.4762,8.1096,0.2387,33.9778,0.6975,0.0164
8208,25.776,0.6749,60.4,54.06,69.73,6.5744,3.214,9.7884,0.5282,18.5325,0.3308,0.1549
8209,20.8412,0.3535,10.36,28.46,38.59,5.5203,1.847,7.3674,0.2871,25.6637,0.6359,0.0188
8210,24.4216,0.3046,76.19,22.02,5.29,5.7575,1.5411,7.2986,0.2234,32.6721,0.7168,0.0201
8211,19.0196,0.6549,85.63,60.11,70.78,4.9518,3.2468,8.1986,0.5106,16.0577,0.3531,0.1823
8212,43.4952,0.3392,66.99,48.16,36.43,11.228,1.8182,13.0462,0.2638,49.4518,0.6656,0.0156
8213,23.7619,0.6981,89.49,66.99,84.43,5.6277,3.5793,9.207,0.5565,16.5448,0.295,0.176
8214,34.8229,0.684,60.73,7.65,11.81,8.5401,3.3589,11.8989,0.5462,21.783,0.308,0.1173
8215,37.5538,0.5984,45.9,7.41,84.66,10.2323,2.9976,13.2299,0.4671,28.3252,0.4083,0.0953
8216,35.8729,0.4166,33.7,87.12,50.34,9.879,2.2004,12.0795,0.3234,37.3567,0.5903,0.0156
8217,22.434,0.3131,20.13,2.89,35.99,4.9494,1.0684,6.0178,0.1981,30.3745,0.7483,0.0184
8218,20.1922,0.3684,37.72,46.12,67.51,5.3691,1.8857,7.2549,0.2967,24.4488,0.624,0.0158
8219,35.24,0.3975,7.89,41.24,24.88,9.6677,2.0463,11.714,0.3094,37.856,0.6077,0.0192
8220,36.5476,0.4033,41.29,44.82,5.2,9.9369,2.2338,12.1707,0.3044,39.981,0.6142,0.0157
8221,40.7221,0.4515,24.12,71.1,51.81,11.3826,2.3265,13.7091,0.3505,39.1175,0.556,0.1017
8222,43.0747,0.373,32.36,72.63,14.75,11.541,2.02,13.561,0.2865,47.3392,0.637,0.015
8223,42.0079,0.6899,70.74,34.8,46.35,10.4252,3.5327,13.9579,0.5414,25.7818,0.3141,0.0925
8224,33.8985,0.3058,32.3,17.46,25.55,8.1326,1.5717,9.7043,0.2286,42.4458,0.7103,0.0176
8225,16.8092,0.5044,57.98,65.81,16.56,4.7056,2.4158,7.1214,0.3731,19.0848,0.5274,0.2245
8226,22.028,0.3541,52.49,52.05,74.97,5.8174,1.8143,7.6316,0.2833,26.9421,0.641,0.0174
8227,35.6317,0.5285,82.69,62.26,26.3,10.0203,2.7931,12.8134,0.4138,30.9647,0.4756,0.1108
8228,29.6924,0.4132,14.11,50.87,62.98,8.1762,2.1841,10.3603,0.3231,32.0653,0.5906,0.0172
8229,18.0913,0.4612,60.14,12.08,79.37,4.9807,2.221,7.2017,0.3598,20.0175,0.5442,0.0219
8230,19.1934,0.5435,9.46,62.41,23.28,5.2972,2.8099,8.1071,0.418,19.3928,0.4702,0.26
8231,28.4777,0.6168,42.82,51.09,27.68,7.6694,3.1134,10.7828,0.4871,22.137,0.3826,0.133
8232,40.0586,0.5297,23.37,22.52,82.34,11.1511,2.5798,13.7309,0.4177,32.8765,0.4707,0.0964
8233,17.8116,0.5252,25.75,73.88,84.79,4.9501,2.5037,7.4539,0.407,18.3137,0.4842,0.2211
8234,33.9469,0.4964,61.37,44.14,47.81,9.6079,2.5144,12.1223,0.3874,31.2928,0.5093,0.1145
8235,16.2876,0.6786,71.4,18.04,35.05,4.0493,3.2427,7.292,0.5336,13.6665,0.324,0.2623
8236,20.6501,0.3283,22.79,14.14,39.63,5.0699,1.3553,6.4252,0.2446,26.2699,0.6891,0.0199
8237,46.9001,0.5316,74.87,86.88,57.6,13.1404,2.699,15.8394,0.4118,38.4646,0.4784,0.0839
8238,28.3903,0.6047,12.65,40.82,27.4,7.8682,3.0078,10.876,0.4696,23.1594,0.4049,0.1369
8239,41.4137,0.3854,17.72,65.03,52.53,11.2034,2.0728,13.2762,0.2971,44.686,0.6235,0.0148
8240,38.7782,0.3109,50.71,70.04,79.97,9.6812,1.5638,11.245,0.2423,46.4184,0.693,0.0168
8241,23.2536,0.6876,18.63,1.32,3.87,5.8379,3.6803,9.5182,0.557,17.0876,0.2945,0.1964
8242,33.3133,0.4108,55.89,73.55,34.33,9.094,2.0867,11.1807,0.3201,34.9293,0.5944,0.0157
8243,41.3053,0.4076,26.06,33.77,14.49,11.3034,2.0562,13.3595,0.3132,42.6601,0.6031,0.0155
8244,20.7758,0.6694,88.5,63.0,13.55,5.322,3.1578,8.4798,0.525,16.1517,0.3347,0.1744
8245,17.7401,0.5111,79.88,1.62,18.07,5.0112,2.5892,7.6003,0.4036,18.833,0.4886,0.2174
8246,28.2905,0.6781,66.57,13.03,71.56,7.1493,3.3091,10.4584,0.5332,19.6155,0.3245,0.1312
8247,40.0115,0.6882,84.89,71.56,32.86,9.8713,3.4607,13.332,0.5407,24.6572,0.3148,0.0945
8248,26.7267,0.566,72.25,21.72,30.73,7.3798,2.7493,10.129,0.4417,22.9331,0.4403,0.1481
8249,43.2692,0.3393,27.38,82.15,35.93,11.0988,1.8277,12.9265,0.2619,49.3482,0.668,0.0158
8250,15.967,0.5974,18.4,32.69,68.07,4.38,2.9192,7.2992,0.4584,15.9237,0.4191,0.2366
8251,29.2629,0.3646,29.08,68.98,38.61,7.6526,1.7794,9.4319,0.2742,34.3984,0.6525,0.018
8252,32.6642,0.5928,79.59,82.79,89.12,8.8329,2.8856,11.7185,0.4685,25.0124,0.4062,0.1152
8253,30.9711,0.3943,83.02,57.84,35.33,8.3238,2.038,10.3618,0.312,33.2071,0.6046,0.0183
8254,22.5559,0.5103,60.37,85.24,44.64,6.3749,2.5156,8.8905,0.3951,22.5024,0.4992,0.1802
8255,31.9154,0.6202,72.42,60.7,47.96,8.5929,3.0719,11.6648,0.485,24.0531,0.3856,0.1288
8256,26.3147,0.6507,54.22,14.14,10.31,6.7898,3.1371,9.9269,0.5169,19.2049,0.345,0.1486
8257,26.196,0.685,57.58,14.7,49.59,6.5117,3.3554,9.8671,0.533,18.5125,0.3245,0.1478
8258,21.9988,0.5352,59.74,73.18,26.23,6.2071,2.6738,8.881,0.4107,21.6255,0.4797,0.1806
8259,15.7336,0.6091,48.2,10.25,10.12,4.1366,2.9896,7.1261,0.4897,14.5512,0.3796,0.2781
8260,26.6801,0.347,81.58,27.04,83.95,6.7676,1.5514,8.319,0.2633,31.5959,0.6664,0.0152
8261,24.9687,0.6586,8.23,17.88,41.77,6.3805,3.2492,9.6297,0.5174,18.61,0.3447,0.1746
8262,35.199,0.6879,50.45,47.85,45.37,8.7616,3.4605,12.2221,0.5445,22.4455,0.3101,0.1168
8263,17.5841,0.6803,83.02,41.41,53.32,4.5285,3.4466,7.9751,0.5327,14.9716,0.3249,0.2329
8264,32.3173,0.4217,21.79,66.13,42.96,8.919,2.0567,10.9757,0.3246,33.8079,0.5884,0.018
8265,27.4944,0.3733,17.25,52.53,6.73,7.1662,1.5575,8.7237,0.2753,31.686,0.6511,0.0167
8266,32.9467,0.6627,14.55,65.32,22.79,8.2885,3.2811,11.5697,0.5313,21.7763,0.3268,0.1338
8267,27.214,0.4031,53.9,65.58,8.92,7.4788,1.8321,9.3109,0.3119,29.8513,0.6048,0.0208
8268,45.4513,0.3853,53.56,64.36,40.26,12.3437,2.0526,14.3963,0.3016,47.7348,0.6178,0.0153
8269,18.1741,0.3492,9.27,7.81,36.46,4.5381,1.7374,6.2756,0.2713,23.133,0.6559,0.022
8270,40.6723,0.6045,50.94,45.35,9.57,11.0687,3.0247,14.0933,0.4747,29.6867,0.3983,0.103
8271,32.667,0.5244,14.75,88.67,13.76,9.1217,2.5535,11.6751,0.412,28.3401,0.4779,0.1375
8272,33.6631,0.5733,58.38,15.62,43.74,9.337,2.8237,12.1607,0.4492,27.0732,0.4307,0.1312
8273,38.0299,0.6095,37.45,70.11,30.71,10.2841,2.9929,13.2771,0.4802,27.65,0.3915,0.1034
8274,40.3977,0.4534,64.83,8.15,1.63,11.191,2.2614,13.4524,0.3424,39.284,0.5662,0.1017
8275,17.4814,0.4986,78.77,28.21,42.7,4.8606,2.5203,7.3808,0.3892,18.9664,0.5069,0.2242
8276,41.9164,0.6627,84.93,52.36,12.72,10.6091,3.3951,14.0042,0.5298,26.4336,0.3288,0.0922
8277,46.0704,0.6809,26.64,62.01,44.08,11.6482,3.3817,15.0299,0.536,28.0431,0.321,0.0893
8278,19.5185,0.658,36.37,65.97,10.41,4.9728,3.2436,8.2164,0.5177,15.8708,0.3439,0.1905
8279,38.79,0.5442,0.21,82.76,36.54,10.8872,2.6071,13.4943,0.4275,31.5686,0.4584,0.1124
8280,46.626,0.6952,4.92,30.44,72.2,11.7262,3.5668,15.2931,0.5389,28.3778,0.3173,0.0895
8281,29.4571,0.4231,4.09,45.12,48.27,8.0832,2.1435,10.2266,0.3321,30.7959,0.5791,0.1512
8282,42.1346,0.6027,54.11,19.45,52.55,11.4573,3.071,14.5284,0.4723,30.7586,0.4014,0.0949
8283,42.3403,0.33,39.35,88.04,2.85,10.6711,1.964,12.6351,0.248,50.9535,0.6857,0.0159
8284,19.5938,0.3691,72.04,62.25,54.34,5.1436,1.9367,7.0803,0.2869,24.679,0.6365,0.017
8285,29.6344,0.307,5.95,28.65,19.36,7.3849,1.5906,8.9756,0.2436,36.8445,0.6914,0.0201
8286,31.2859,0.5886,0.59,3.75,25.84,8.7972,3.036,11.8332,0.469,25.2298,0.4057,0.1496
8287,38.5386,0.5869,72.97,34.22,85.71,10.5472,2.8513,13.3985,0.4567,29.3371,0.4213,0.0982
8288,46.448,0.5805,3.99,21.67,74.16,12.8207,3.0379,15.8585,0.4479,35.4036,0.4324,0.0828
8289,33.3734,0.5625,85.65,15.8,57.88,9.2391,2.7761,12.0152,0.4401,27.3018,0.4423,0.1152
8290,18.429,0.4021,51.99,75.57,59.58,4.9376,2.0099,6.9475,0.3029,22.9345,0.6162,0.0199
8291,36.3148,0.4904,15.15,23.03,19.65,10.2203,2.5215,12.7418,0.384,33.1791,0.5135,0.1198
8292,31.0381,0.4997,46.34,51.89,77.21,8.756,2.5629,11.3188,0.3946,28.6828,0.5,0.134
8293,34.9846,0.5556,59.7,46.83,66.74,9.7564,2.7824,12.5388,0.4368,28.706,0.4466,0.1176
8294,34.6135,0.5532,39.49,66.48,47.92,9.6488,2.8305,12.4792,0.4374,28.5286,0.4454,0.1108
8295,29.5713,0.3183,73.47,19.04,48.3,7.3186,1.6609,8.9796,0.245,36.6581,0.6896,0.0168
8296,16.4048,0.6765,47.61,72.05,85.15,4.2934,3.1439,7.4373,0.5239,14.1948,0.3361,0.2188
8297,21.9914,0.3023,20.04,37.57,85.34,5.0577,1.5243,6.582,0.2223,29.6029,0.7182,0.0184
8298,31.347,0.4175,41.93,47.87,81.59,8.686,2.1203,10.8062,0.3267,33.0722,0.5859,0.0182
8299,46.7733,0.4225,76.66,31.12,29.12,12.7833,2.2259,15.0092,0.3274,45.8485,0.5852,0.0829
8300,35.9088,0.3374,75.75,9.13,55.6,9.1781,1.7478,10.9258,0.2656,41.1371,0.6632,0.0166
8301,44.2582,0.3724,9.68,27.24,77.1,11.7778,2.0019,13.7797,0.2881,47.8226,0.6349,0.018
8302,30.1549,0.461,33.0,3.05,63.91,8.5067,2.3009,10.8076,0.3572,30.2552,0.5474,0.144
8303,15.9697,0.4663,73.06,6.24,75.31,4.348,2.1556,6.5036,0.3643,17.853,0.5381,0.2641
8304,39.7493,0.4315,1.25,60.26,59.82,11.0347,2.0133,13.0481,0.3374,38.6779,0.5726,0.1131
8305,28.3493,0.4571,54.41,72.52,76.81,7.9379,2.3368,10.2747,0.3576,28.7284,0.5468,0.1631
8306,31.3211,0.6369,58.2,61.18,28.15,8.3479,3.1894,11.5373,0.5011,23.0244,0.3651,0.1184
8307,27.11,0.507,65.49,6.85,76.38,7.6039,2.5301,10.134,0.3942,25.7092,0.5004,0.152
8308,17.4988,0.355,37.44,32.76,39.26,4.3329,1.7091,6.042,0.253,23.8862,0.6795,0.0169
8309,46.6548,0.5766,14.26,20.44,42.28,12.8781,3.0325,15.9106,0.4544,35.0175,0.4242,0.09
8310,24.6543,0.3825,61.77,40.06,58.34,6.6532,1.8844,8.5376,0.3067,27.8365,0.6111,0.0167
8311,23.3845,0.6466,86.29,52.18,81.52,6.0436,3.244,9.2876,0.5161,17.9972,0.3459,0.1787
8312,35.6375,0.3941,13.09,1.03,56.32,9.4853,2.0214,11.5067,0.2883,39.9073,0.6345,0.0191
8313,41.3188,0.6825,35.1,77.17,74.32,10.3092,3.4969,13.8061,0.5411,25.5144,0.3144,0.0942
8314,46.045,0.4674,82.67,77.73,77.21,12.9212,2.3491,15.2702,0.3641,41.9397,0.5386,0.0858
8315,32.9989,0.6332,83.18,3.24,66.48,8.613,3.1129,11.7259,0.5121,22.8966,0.3508,0.1348
8316,38.017,0.393,61.39,88.67,85.45,10.3646,2.0682,12.4328,0.3077,40.4085,0.6099,0.0147
8317,30.6325,0.3599,5.5,7.4,1.83,7.8603,1.9607,9.821,0.282,34.8318,0.6426,0.0241
8318,39.4717,0.4484,87.79,72.25,55.13,11.0218,2.3469,13.3687,0.3507,38.1183,0.5557,0.108
8319,35.4614,0.4535,68.3,62.22,31.27,9.8485,2.3686,12.2171,0.3512,34.7841,0.5551,0.1078
8320,30.793,0.6,16.7,27.82,59.16,8.3258,3.1169,11.4428,0.4749,24.0968,0.3982,0.1389
8321,26.8472,0.555,27.39,7.12,33.63,7.5286,2.7831,10.3117,0.4368,23.6096,0.4467,0.1615
8322,40.7148,0.554,29.73,54.82,52.79,11.3914,2.7944,14.1858,0.4335,32.7222,0.4508,0.1053
8323,34.1111,0.4392,44.18,42.68,50.28,9.4719,2.2829,11.7548,0.3398,34.5946,0.5693,0.1254
8324,46.035,0.315,12.87,28.42,83.16,11.2856,1.6554,12.941,0.2359,54.8696,0.7012,0.0144
8325,22.3425,0.3905,32.35,6.47,64.92,5.9122,1.8347,7.7469,0.285,27.1833,0.6389,0.0176
8326,32.2346,0.3781,56.18,80.05,81.34,8.719,1.9625,10.6815,0.3009,35.5018,0.6189,0.0157
8327,19.348,0.5387,13.61,13.0,62.82,5.3265,2.7364,8.063,0.4103,19.6493,0.4799,0.2057
8328,25.6091,0.4454,76.78,18.72,5.5,7.1313,2.2018,9.3332,0.347,26.8969,0.5603,0.1651
8329,28.4334,0.3335,43.99,75.77,12.48,7.006,1.5439,8.5499,0.2416,35.3879,0.6937,0.0166
8330,24.4525,0.6266,73.71,56.88,15.68,6.5415,3.0519,9.5934,0.4932,19.4511,0.3751,0.155
8331,23.4817,0.4644,73.73,70.61,52.11,6.5451,2.3657,8.9108,0.3622,24.605,0.5411,0.158
8332,21.3816,0.6335,29.45,68.12,73.1,5.6382,3.1981,8.8363,0.5006,17.6531,0.3659,0.1906
8333,36.4315,0.6989,24.65,57.89,47.86,8.7854,3.5819,12.3673,0.5574,22.1856,0.2939,0.1195
8334,24.5204,0.3969,81.13,34.11,84.27,6.5059,2.0447,8.5506,0.3163,27.0312,0.5992,0.0162
8335,20.2583,0.4528,44.02,76.65,65.24,5.5676,2.2516,7.8192,0.3482,22.4563,0.5588,0.0189
8336,23.1013,0.5575,14.91,21.89,62.49,6.3612,2.6999,9.0611,0.4346,20.849,0.4492,0.1874
8337,40.4647,0.6716,54.19,23.8,19.44,10.3385,3.3752,13.7137,0.5303,25.8609,0.328,0.1071
8338,37.8333,0.4617,86.13,8.55,47.65,10.4462,2.3695,12.8158,0.3623,35.373,0.5409,0.1097
8339,34.6895,0.53,0.4,9.75,84.63,9.732,2.7469,12.4789,0.414,30.1458,0.4754,0.1196
8340,36.321,0.5671,8.83,5.98,46.08,10.0384,2.8853,12.9237,0.4448,29.0519,0.4364,0.1181
8341,27.5534,0.4177,81.17,3.95,45.95,7.5316,2.1166,9.6482,0.3222,29.9441,0.5918,0.0198
8342,43.0902,0.4285,72.91,67.98,37.09,11.8614,2.2658,14.1272,0.3344,42.247,0.5762,0.0936
8343,39.1933,0.3378,36.67,4.21,65.94,9.8846,1.7465,11.6311,0.2516,46.2197,0.681,0.0181
8344,37.3017,0.6879,10.63,37.3,43.97,9.265,3.5035,12.7685,0.5437,23.4849,0.3113,0.1119
8345,27.3208,0.3988,9.82,16.91,64.44,7.4178,1.8614,9.2792,0.3071,30.2121,0.6106,0.0203
8346,18.1275,0.4407,70.75,79.82,76.24,5.0094,2.2374,7.2469,0.3394,21.3524,0.5699,0.0201
8347,31.0279,0.5285,59.72,84.41,12.7,8.7111,2.6772,11.3882,0.417,27.3082,0.4716,0.1244
8348,45.8107,0.4177,75.85,6.61,21.53,12.488,2.207,14.6951,0.3223,45.6013,0.5918,0.0945
8349,39.3992,0.4837,67.22,87.43,12.97,11.115,2.4043,13.5194,0.3761,35.9502,0.5237,0.1022
8350,32.3848,0.4251,0.05,35.31,26.1,9.0286,2.3604,11.389,0.3282,34.7012,0.584,0.1457
8351,44.8631,0.4099,4.83,82.13,67.11,12.2461,2.1533,14.3994,0.3238,44.4631,0.5898,0.0897
8352,24.0454,0.3411,17.93,43.09,69.82,6.13,1.6784,7.8083,0.2643,29.5419,0.665,0.0173
8353,23.4515,0.565,65.21,54.38,63.85,6.5246,2.7402,9.2648,0.4327,21.4134,0.4517,0.1684
8354,20.7121,0.6129,43.88,28.29,50.82,5.5891,3.0295,8.6186,0.4753,18.1325,0.3976,0.1646
8355,19.3719,0.5978,89.47,27.53,65.96,5.284,2.9149,8.199,0.4594,17.8467,0.4178,0.1963
8356,39.3555,0.5069,58.44,40.0,39.49,11.0859,2.593,13.6789,0.3954,34.5954,0.4988,0.1063
8357,36.4375,0.4969,79.19,86.44,74.89,10.2312,2.5518,12.7831,0.3875,32.9866,0.5089,0.1144
8358,41.4032,0.5146,85.47,38.19,65.2,11.528,2.6561,14.1841,0.4018,35.3034,0.491,0.0983
8359,43.3513,0.4764,31.03,23.28,43.74,12.1987,2.5496,14.7483,0.3743,39.3971,0.5257,0.0973
8360,42.6519,0.403,0.29,38.66,3.55,11.7415,2.2835,14.025,0.3025,46.3572,0.6167,0.1197
8361,40.8713,0.5257,61.19,38.01,6.47,11.5428,2.7128,14.2556,0.4081,34.9278,0.4829,0.1054
8362,25.7397,0.5959,45.79,56.67,55.83,6.9851,2.8133,9.7984,0.4633,21.1493,0.4129,0.1426
8363,31.1462,0.4136,3.02,28.64,1.68,8.5208,2.4203,10.9411,0.3229,33.8834,0.5908,0.1494
8364,21.8667,0.4935,55.68,36.82,69.16,6.0561,2.3853,8.4414,0.3886,21.7235,0.5074,0.178
8365,26.4318,0.6598,42.07,49.97,5.46,6.8476,3.1336,9.9812,0.5217,19.1312,0.3388,0.1524
8366,29.4165,0.4001,51.33,59.22,22.07,7.9737,2.0863,10.06,0.311,32.3437,0.6059,0.0162
8367,46.8015,0.5237,69.0,25.95,75.63,13.1158,2.7507,15.8664,0.4094,38.7534,0.4814,0.0872
8368,20.8545,0.497,42.06,47.58,15.17,5.8304,2.4021,8.2326,0.3787,21.7371,0.52,0.1986
8369,22.7988,0.3106,8.28,51.83,32.03,5.9792,1.7184,7.6976,0.2665,28.888,0.662,0.0239
8370,21.7615,0.3394,38.61,66.61,41.29,5.4617,1.6951,7.1568,0.2563,27.9234,0.6753,0.0207
8371,38.527,0.6352,13.15,1.98,64.74,9.9446,3.3284,13.273,0.5192,25.5654,0.3423,0.0976
8372,23.741,0.4944,58.22,5.07,55.61,6.6203,2.4172,9.0375,0.3808,23.7341,0.5173,0.1721
8373,47.0586,0.3576,84.78,83.22,59.73,12.2456,1.9039,14.1495,0.2694,52.5175,0.6585,0.0158
8374,37.5414,0.4441,2.91,35.9,42.83,10.4979,2.2569,12.7548,0.3549,35.9385,0.5502,0.1063
8375,44.3069,0.494,1.74,18.84,54.48,12.4406,2.7295,15.1701,0.3836,39.5444,0.5138,0.0956
8376,17.5452,0.4091,89.11,66.67,70.85,4.7741,2.0765,6.8506,0.3057,22.4113,0.6126,0.0197
8377,40.96,0.5175,81.21,48.71,28.67,11.471,2.7338,14.2048,0.4042,35.145,0.4878,0.095
8378,28.3264,0.6196,38.42,60.7,1.61,7.6605,3.0841,10.7446,0.485,22.1532,0.3854,0.1508
8379,44.0129,0.6467,10.98,65.03,83.27,11.2897,3.3736,14.6633,0.5191,28.2466,0.3422,0.095
8380,25.2586,0.5154,43.14,25.91,16.07,7.0918,2.496,9.5878,0.4096,23.4103,0.4811,0.1649
8381,37.3292,0.3401,57.55,68.13,66.01,9.5641,1.689,11.2531,0.26,43.2763,0.6706,0.0158
8382,28.2445,0.6328,42.7,76.83,9.59,7.44,3.1439,10.5839,0.4977,21.2635,0.3693,0.1429
8383,25.1722,0.5268,54.97,31.35,60.66,6.9717,2.5709,9.5425,0.4201,22.7133,0.4677,0.1722
8384,45.0362,0.4599,79.51,31.63,33.37,12.5114,2.429,14.9404,0.3613,41.3552,0.5422,0.0864
8385,25.7379,0.3075,79.64,51.01,71.45,6.3243,1.4708,7.7951,0.2369,32.9003,0.6998,0.0165
8386,25.9765,0.3037,0.88,56.49,76.08,6.5103,1.3927,7.903,0.2399,32.9372,0.6953,0.0229
8387,41.3809,0.4482,4.29,18.76,17.84,11.5894,2.3583,13.9477,0.3512,39.7189,0.5551,0.1085
8388,43.8325,0.3945,62.05,68.06,70.72,11.9367,2.1018,14.0385,0.3077,45.6276,0.6102,0.0162
8389,36.249,0.6456,56.25,26.42,82.82,9.3732,3.2489,12.6221,0.5143,24.5401,0.3484,0.1058
8390,28.5155,0.6105,63.92,80.48,34.77,7.7326,3.0769,10.8095,0.478,22.6152,0.3945,0.1405
8391,24.9376,0.5688,39.27,38.67,51.6,6.9094,2.7407,9.6501,0.4514,21.3792,0.4282,0.1683
8392,39.758,0.5133,66.79,15.55,25.82,11.1277,2.6022,13.7299,0.3971,34.5755,0.4967,0.1097
8393,18.5869,0.3394,43.27,83.68,83.13,4.6014,1.6754,6.2768,0.2493,25.1742,0.684,0.0164
8394,30.6803,0.6954,75.13,18.21,79.73,7.5025,3.4422,10.9447,0.5477,19.984,0.3057,0.1263
8395,26.8499,0.4716,62.17,51.04,80.81,7.5107,2.3422,9.8529,0.3678,26.7868,0.5338,0.144
8396,46.8945,0.5961,73.94,6.34,89.79,12.7466,3.0173,15.7639,0.4664,33.7975,0.409,0.0782
8397,31.6436,0.6443,70.66,21.5,69.06,8.3109,3.2181,11.529,0.5069,22.7444,0.3577,0.1303
8398,22.5066,0.6575,52.12,31.62,26.95,5.8992,3.2056,9.1048,0.5155,17.6609,0.3467,0.1878
8399,38.1206,0.4249,6.41,48.51,56.0,10.5365,2.1109,12.6474,0.3318,38.1158,0.5795,0.1039
8400,27.0124,0.4551,77.64,60.92,51.46,7.4711,2.1867,9.6578,0.3544,27.2511,0.5509,0.1441
8401,22.8364,0.4048,78.23,27.32,16.42,6.1951,2.0382,8.2334,0.3062,26.892,0.6121,0.0187
8402,26.9455,0.5386,35.85,87.45,68.05,7.5217,2.5929,10.1147,0.4195,24.1123,0.4684,0.1541
8403,41.1029,0.6125,33.43,81.72,60.19,11.0758,3.0917,14.1675,0.4827,29.3504,0.3885,0.1017
8404,27.9687,0.4448,57.39,39.26,17.0,7.7219,2.1058,9.8278,0.3388,29.0086,0.5706,0.1487
8405,16.7473,0.5983,82.75,74.02,80.7,4.615,2.835,7.4501,0.4621,16.122,0.4144,0.2292
8406,21.0106,0.6576,11.05,52.36,40.07,5.3429,3.4064,8.7493,0.5137,17.0304,0.3488,0.2085
8407,40.4584,0.3992,27.32,48.43,18.39,11.015,2.0846,13.0996,0.3066,42.7321,0.6116,0.0157
8408,44.6381,0.5368,43.59,33.78,73.41,12.521,2.8042,15.3251,0.4225,36.2683,0.4645,0.0943
8409,17.2058,0.3994,44.16,27.39,63.96,4.6111,2.0043,6.6154,0.3,22.054,0.6199,0.0201
8410,23.433,0.5028,11.18,2.77,15.73,6.4464,2.4618,8.9082,0.3803,23.421,0.5177,0.2087
8411,17.185,0.5334,8.91,61.87,46.58,4.7431,2.6409,7.384,0.3975,18.5777,0.4963,0.2316
8412,40.9577,0.6961,65.78,2.95,4.74,9.628,3.7543,13.3823,0.5734,23.3398,0.2737,0.1092
8413,38.4693,0.6441,16.62,27.67,82.62,9.9807,3.1387,13.1194,0.5121,25.6187,0.3512,0.108
8414,23.124,0.4786,13.46,21.6,12.0,6.4188,2.4006,8.8194,0.3594,24.5409,0.5446,0.1874
8415,37.764,0.6285,9.16,3.56,72.51,9.9193,3.2701,13.1895,0.5056,26.0867,0.3596,0.1188
8416,38.1979,0.3031,38.35,66.59,87.68,9.3887,1.5472,10.9359,0.2327,46.9916,0.705,0.0156
8417,33.1702,0.591,16.28,35.76,48.64,9.0414,2.9801,12.0215,0.4706,25.5435,0.4037,0.1279
8418,23.9639,0.3389,41.47,33.06,45.5,6.1872,1.7794,7.9665,0.2638,30.1963,0.6656,0.0158
8419,40.2948,0.3863,51.25,9.34,75.62,10.8321,2.0098,12.842,0.302,42.5276,0.6172,0.0184
8420,41.0404,0.6678,56.39,78.52,54.06,10.4684,3.4267,13.8951,0.5307,26.1841,0.3275,0.1003
8421,38.4403,0.6696,0.94,17.17,55.97,9.9031,3.1432,13.0463,0.5225,24.9714,0.3381,0.1141
8422,16.0666,0.329,44.22,47.36,52.24,3.7446,1.4912,5.2358,0.2344,22.3414,0.7029,0.022
8423,46.0242,0.696,53.63,8.79,46.99,11.3893,3.478,14.8674,0.5456,27.2478,0.3085,0.0894
8424,27.6008,0.625,81.59,53.64,78.21,7.3849,3.1118,10.4967,0.488,21.5097,0.3819,0.1538
8425,34.0174,0.6503,66.27,88.8,53.12,8.8303,3.1994,12.0297,0.5121,23.4888,0.351,0.1189
8426,38.9289,0.4045,68.78,50.27,26.49,10.5944,2.08,12.6744,0.3092,40.991,0.6082,0.0148
8427,40.725,0.5888,57.39,4.34,1.67,11.1648,3.0916,14.2564,0.4667,30.5473,0.4085,0.1056
8428,26.7798,0.378,31.75,32.59,14.62,7.026,1.6014,8.6274,0.2824,30.5488,0.6423,0.0212
8429,20.769,0.627,11.86,77.7,29.37,5.4986,3.154,8.6526,0.4844,17.8618,0.3862,0.2108
8430,46.7813,0.6128,57.81,52.09,77.97,12.6813,3.0675,15.7488,0.4825,32.6398,0.3886,0.092
8431,31.4521,0.3969,60.55,21.0,61.64,8.4869,2.0429,10.5298,0.3104,33.918,0.6066,0.0165
8432,37.8618,0.4467,85.93,33.41,30.05,10.4599,2.2353,12.6953,0.3493,36.3454,0.5574,0.1012
8433,20.5146,0.4795,89.01,30.48,10.68,5.7273,2.1056,7.8329,0.36,21.7552,0.5438,0.21
8434,33.7696,0.3976,37.04,52.74,36.36,9.2035,1.9928,11.1963,0.3109,36.007,0.606,0.0179
8435,43.9201,0.5634,5.81,64.35,39.68,12.245,2.9592,15.2042,0.4414,34.4431,0.441,0.0903
8436,40.136,0.3948,53.37,69.89,58.74,10.8098,2.0497,12.8595,0.3033,42.3966,0.6158,0.0153
8437,41.0541,0.3071,46.75,84.31,24.89,10.057,1.5854,11.6423,0.237,49.126,0.6996,0.0153
8438,20.1295,0.4728,63.87,75.56,84.95,5.6777,2.3089,7.9866,0.3597,22.2005,0.5441,0.1916
8439,16.5482,0.6605,87.68,78.64,38.29,4.3855,3.0581,7.4436,0.4992,14.911,0.3672,0.2297
8440,19.6117,0.3556,60.09,71.62,42.95,5.0299,1.7508,6.7807,0.271,25.0219,0.6565,0.016
8441,37.9654,0.3852,39.86,56.39,29.31,10.2913,1.9514,12.2427,0.3015,40.6032,0.618,0.0154
8442,33.7409,0.4094,24.81,25.65,62.92,9.1713,2.1947,11.366,0.3173,35.8179,0.5978,0.0154
8443,45.2035,0.4695,23.82,63.44,73.0,12.6798,2.4375,15.1172,0.3681,41.0674,0.5334,0.0974
8444,43.8918,0.3375,78.72,64.07,18.47,11.0986,1.7497,12.8484,0.2548,50.425,0.6771,0.0149
8445,36.5854,0.5283,70.62,17.89,10.27,10.2037,2.7913,12.995,0.4168,31.1794,0.4719,0.1195
8446,32.1167,0.6482,66.89,2.23,55.23,8.0975,3.2498,11.3473,0.5306,21.3874,0.3277,0.1252
8447,35.4092,0.6339,69.46,68.19,61.15,9.5303,3.2044,12.7347,0.4929,25.8344,0.3754,0.1129
8448,24.9333,0.6537,22.52,62.13,69.81,6.4266,3.3049,9.7315,0.5186,18.7663,0.343,0.1647
8449,29.7043,0.5752,35.05,84.82,26.41,8.2196,2.8331,11.0527,0.4472,24.716,0.4334,0.128
8450,20.0433,0.4425,22.07,69.74,88.47,5.499,2.1528,7.6518,0.3445,22.2121,0.5635,0.018
8451,35.4191,0.6552,31.17,15.67,83.4,8.9974,3.3182,12.3155,0.5183,23.7635,0.3434,0.1127
8452,31.5161,0.5982,78.37,70.88,67.47,8.6338,3.0083,11.6421,0.4706,24.74,0.4037,0.1351
8453,24.8663,0.4211,65.74,23.13,9.55,6.8591,2.1489,9.0081,0.3303,27.2694,0.5813,0.0187
8454,40.7514,0.6374,58.83,68.05,47.18,10.8325,3.2661,14.0986,0.502,28.086,0.3641,0.1018
8455,23.5324,0.4506,2.36,32.02,66.5,6.5271,2.2831,8.8103,0.3615,24.3734,0.542,0.1864
8456,27.1234,0.3649,3.02,6.63,50.51,7.1466,1.5919,8.7385,0.2828,30.9051,0.6414,0.0232
8457,36.1765,0.595,54.12,77.19,89.54,9.8851,3.0514,12.9365,0.473,27.3526,0.4003,0.1065
8458,40.0143,0.3306,63.25,69.58,47.82,10.1128,1.7806,11.8934,0.2549,46.6556,0.6771,0.0144
8459,36.9138,0.4361,1.42,46.19,86.83,10.2074,2.2189,12.4264,0.3468,35.836,0.5602,0.1144
8460,44.4067,0.6937,37.19,62.67,45.2,10.9123,3.5174,14.4296,0.5488,26.2927,0.3048,0.09
8461,29.1342,0.3582,64.01,28.71,40.37,7.56,1.8345,9.3945,0.2754,34.1104,0.651,0.0157
8462,35.2465,0.3213,51.87,67.44,69.75,8.8356,1.648,10.4836,0.2475,42.3646,0.6865,0.0147
8463,19.6638,0.398,15.63,58.84,34.55,5.3026,1.9946,7.2972,0.3093,23.5909,0.6079,0.0202
8464,28.7159,0.5218,45.95,16.79,8.91,8.038,2.5686,10.6066,0.4043,26.2336,0.4878,0.1619
8465,16.5885,0.3347,27.18,53.53,42.92,4.1288,1.5473,5.6762,0.2531,22.4237,0.6792,0.0195
8466,23.6274,0.6761,70.95,51.28,38.69,5.9703,3.3878,9.3582,0.5341,17.5213,0.3235,0.1504
8467,26.8352,0.3304,32.04,59.22,85.92,6.8162,1.5173,8.3335,0.255,32.6854,0.677,0.0162
8468,40.347,0.5879,12.12,0.98,69.36,10.9893,3.0888,14.0781,0.4739,29.708,0.3995,0.0928
8469,34.8235,0.6221,53.46,22.32,82.17,9.2176,3.1563,12.3739,0.4931,25.0941,0.3752,0.1169
8470,34.2803,0.6352,10.73,36.22,48.22,9.1199,3.256,12.376,0.4978,24.861,0.369,0.1297
8471,34.52,0.3906,56.46,74.59,79.64,9.4734,2.0204,11.4938,0.3089,37.2147,0.6086,0.0163
8472,18.0533,0.3025,54.47,55.95,54.09,4.3939,1.5309,5.9249,0.2365,25.0483,0.7004,0.0181
8473,38.4374,0.3556,45.42,32.07,8.64,10.0539,1.7113,11.7652,0.2733,43.0413,0.6536,0.0164
8474,28.5299,0.3152,1.63,9.6,88.69,7.1068,1.442,8.5488,0.2463,34.7061,0.6871,0.023
8475,20.613,0.659,88.09,54.34,52.14,5.4004,3.2792,8.6796,0.5135,16.9014,0.3494,0.1841
8476,21.1637,0.3396,18.14,18.24,54.62,5.454,1.6326,7.0865,0.269,26.3467,0.6583,0.0169
8477,16.065,0.6759,57.3,24.52,49.02,4.2168,3.2058,7.4227,0.5192,14.2973,0.3419,0.2187
8478,35.1902,0.4203,15.48,48.34,85.96,9.669,2.2055,11.8745,0.3173,37.4215,0.5977,0.0163
8479,43.9321,0.3407,1.59,4.46,37.98,11.4815,1.9582,13.4397,0.2665,50.421,0.6623,0.023
8480,25.7394,0.3295,32.58,70.11,0.25,6.4376,1.4914,7.9291,0.2408,32.9294,0.6949,0.016
8481,34.8742,0.4783,80.85,52.12,86.85,9.7941,2.4526,12.2467,0.3744,32.7098,0.5256,0.1242
8482,29.7912,0.4821,22.81,19.42,64.34,8.3177,2.477,10.7946,0.3723,28.9907,0.5281,0.1342
8483,22.231,0.5271,37.88,41.47,23.84,6.2932,2.6952,8.9884,0.4087,21.9916,0.4822,0.1642
8484,29.1681,0.5052,39.98,27.36,26.67,8.1699,2.5,10.6699,0.3935,27.1121,0.5014,0.1537
8485,35.3652,0.6858,37.8,67.65,68.87,8.8619,3.4109,12.2728,0.5411,22.6827,0.3143,0.1141
8486,36.5018,0.4098,56.48,84.12,12.52,10.0381,2.1746,12.2127,0.3179,38.4199,0.5972,0.0173
8487,40.0998,0.4239,11.5,38.75,0.08,11.0597,1.9857,13.0454,0.3219,40.5257,0.5922,0.1222
8488,23.3107,0.5199,24.87,61.81,56.34,6.5091,2.584,9.0931,0.4046,22.4765,0.4874,0.1738
8489,20.4224,0.6815,4.08,67.62,19.5,5.2676,3.4064,8.674,0.5182,16.7382,0.3433,0.2289
8490,44.4724,0.3636,57.33,49.56,48.01,11.729,1.837,13.566,0.2802,48.4091,0.6449,0.0145
8491,24.7057,0.3124,31.56,34.05,88.05,5.9983,1.6293,7.6276,0.2349,32.4668,0.7023,0.0164
8492,23.8975,0.4863,63.75,26.06,87.87,6.6003,2.5294,9.1297,0.3859,23.6563,0.5109,0.1717
8493,42.738,0.4259,78.17,83.3,3.43,11.6335,2.3327,13.9662,0.3209,43.5176,0.5933,0.0979
8494,31.9002,0.5326,70.69,46.38,42.22,8.9022,2.6698,11.572,0.4195,27.5857,0.4685,0.1215
8495,40.1355,0.497,30.1,43.42,2.26,11.3399,2.3654,13.7052,0.3789,36.1718,0.5198,0.1059
8496,17.9671,0.5185,57.75,43.55,26.86,5.0701,2.4476,7.5177,0.3912,19.2167,0.5043,0.1894
8497,45.389,0.5481,50.97,38.55,3.17,12.7454,2.6742,15.4196,0.4332,35.596,0.4511,0.0868
8498,43.9462,0.6332,60.2,89.09,76.85,11.7374,3.2079,14.9453,0.4986,29.9726,0.3683,0.0899
8499,42.0908,0.5425,34.27,69.0,61.89,11.8362,2.8457,14.6818,0.4231,34.6974,0.4639,0.0952
8500,41.0427,0.6451,82.63,25.06,7.82,10.7891,3.2265,14.0157,0.5049,27.76,0.3603,0.1041
8501,38.5843,0.5538,42.46,61.93,30.45,10.8509,2.7187,13.5697,0.4336,31.2973,0.4509,0.1095
8502,23.4089,0.5383,75.26,83.79,59.14,6.527,2.6845,9.2115,0.4153,22.1818,0.4739,0.1744
8503,32.6469,0.4571,45.71,46.22,22.59,9.1541,2.3402,11.4943,0.3568,32.218,0.5479,0.1198
8504,25.4447,0.5824,24.65,52.42,74.19,6.947,2.9118,9.8588,0.4657,21.1684,0.4098,0.1537
8505,29.6191,0.3173,62.55,7.87,21.61,7.1077,1.5478,8.6555,0.2291,37.7885,0.7098,0.0175
8506,30.0274,0.3501,7.06,60.85,77.36,7.8826,1.8189,9.7015,0.2765,35.0815,0.6495,0.0164
8507,25.8503,0.3691,85.03,44.9,87.19,6.9296,1.7896,8.7192,0.2941,29.652,0.6273,0.016
8508,19.0176,0.6072,18.76,40.28,15.51,5.152,2.978,8.13,0.4811,16.8992,0.3905,0.2239
8509,38.4088,0.4366,82.45,11.33,26.13,10.5716,2.194,12.7656,0.3392,37.6366,0.5701,0.1083
8510,28.2199,0.5472,17.62,15.61,20.92,8.0025,2.6722,10.6747,0.4287,24.8972,0.4566,0.1601
8511,36.6957,0.5745,10.05,64.09,4.05,10.1683,3.0952,13.2634,0.4528,29.2917,0.4261,0.1153
8512,39.4418,0.3403,42.34,88.55,26.83,10.1753,1.7263,11.9016,0.2662,44.701,0.6626,0.0142
8513,35.581,0.6413,72.43,87.78,12.53,9.3404,3.2804,12.6208,0.5049,24.9948,0.3601,0.1022
8514,24.6537,0.6887,23.83,76.2,19.49,6.0206,3.5289,9.5495,0.5505,17.3464,0.3025,0.159
8515,28.3205,0.596,83.44,16.56,64.53,7.6972,3.0085,10.7057,0.4649,23.026,0.4109,0.1451
8516,29.1236,0.5191,9.28,7.44,84.1,8.0277,2.5315,10.5592,0.4003,26.3782,0.4929,0.136
8517,18.0253,0.5202,69.66,79.04,66.13,5.091,2.6984,7.7894,0.3888,20.0339,0.5074,0.2151
8518,47.0367,0.4165,20.37,75.32,4.03,12.8695,2.1631,15.0326,0.3134,47.9645,0.6028,0.0945
8519,27.3035,0.4084,42.83,84.32,8.35,7.3647,1.8118,9.1765,0.3126,29.3595,0.604,0.0179
8520,33.3772,0.6449,36.75,41.03,10.59,8.8198,3.1864,12.0062,0.5082,23.627,0.3564,0.1135
8521,29.367,0.529,42.7,35.04,30.16,8.2235,2.5907,10.8142,0.4088,26.4528,0.482,0.1418
8522,34.0908,0.3524,53.22,15.28,50.67,8.7983,1.8298,10.6281,0.2743,38.7498,0.6523,0.0188
8523,29.7513,0.3256,59.99,3.46,73.52,7.2664,1.6104,8.8768,0.2326,38.1705,0.7054,0.0157
8524,36.3462,0.4312,42.87,47.29,42.79,10.1189,2.3009,12.4198,0.3386,36.6811,0.571,0.1152
8525,42.9313,0.5747,14.12,86.07,5.13,11.785,3.1233,14.9083,0.4562,32.6783,0.4218,0.0959
8526,29.3118,0.4404,49.9,87.31,51.99,8.05,2.2822,10.3322,0.3401,30.3823,0.5691,0.1401
8527,19.0533,0.3896,36.6,23.31,81.91,4.9937,1.8397,6.8334,0.2977,22.9531,0.6227,0.0173
8528,37.8003,0.6624,35.01,53.99,41.91,9.7319,3.2907,13.0226,0.5247,24.8185,0.335,0.1077
8529,28.7823,0.5746,10.07,4.65,13.96,7.9664,2.9931,10.9595,0.4553,24.0727,0.4231,0.1744
8530,38.5585,0.5642,81.18,22.33,47.63,10.6503,2.807,13.4573,0.4426,30.4065,0.4392,0.109
8531,29.167,0.6575,84.86,89.31,1.99,7.7077,3.4325,11.1402,0.5024,22.176,0.3633,0.1355
8532,18.1661,0.3138,26.35,74.17,29.7,4.298,1.5182,5.8161,0.2275,25.5609,0.7116,0.0187
8533,18.3229,0.375,28.46,82.45,33.63,4.7562,1.8925,6.6487,0.2778,23.9339,0.6481,0.0194
8534,21.2291,0.3293,78.78,4.8,56.92,5.1477,1.4072,6.5549,0.234,28.0104,0.7034,0.0177
8535,18.0858,0.6538,78.12,67.95,59.73,4.9155,3.1989,8.1144,0.4885,16.6122,0.3811,0.2058
8536,25.811,0.6251,6.47,8.88,49.02,6.8653,2.9012,9.7665,0.4802,20.3386,0.3916,0.1572
8537,30.1345,0.6517,20.66,3.61,61.29,7.6044,3.382,10.9864,0.54,20.3437,0.3159,0.1195
8538,38.0177,0.4626,39.67,72.42,63.2,10.7054,2.3336,13.0391,0.3615,36.0728,0.542,0.1066
8539,30.9304,0.4643,67.29,84.94,65.77,8.6869,2.4252,11.1121,0.3594,30.9222,0.5446,0.1267
8540,34.4704,0.502,41.42,85.31,87.75,9.716,2.5274,12.2434,0.3957,30.945,0.4985,0.1217
8541,31.9999,0.6928,1.08,6.81,10.66,8.0037,3.5498,11.5535,0.5498,21.0146,0.3036,0.1413
8542,25.8815,0.4724,22.94,47.08,11.72,7.2612,2.1767,9.4379,0.3671,25.7076,0.535,0.1802
8543,26.9647,0.5225,13.69,61.38,25.27,7.5564,2.6057,10.1621,0.4147,24.5054,0.4745,0.1695
8544,21.2057,0.3969,79.2,77.69,89.26,5.7224,1.947,7.6694,0.3039,25.2356,0.615,0.0184
8545,45.1192,0.4762,85.8,42.8,26.98,12.6676,2.4749,15.1424,0.3726,40.6441,0.5279,0.0877
8546,28.7311,0.3808,61.3,85.08,48.36,7.6353,1.9607,9.596,0.2935,32.6913,0.6282,0.016
8547,35.9182,0.3574,50.34,11.17,2.8,9.3157,1.9634,11.2791,0.2673,42.1943,0.6612,0.018
8548,34.6412,0.3889,80.47,22.4,84.56,9.2867,2.0044,11.291,0.3015,37.4532,0.6179,0.018
8549,17.6833,0.475,43.55,26.04,25.14,4.9506,2.3757,7.3263,0.3574,20.4968,0.5468,0.2252
8550,37.6824,0.3766,54.49,20.3,17.19,10.0883,1.8915,11.9797,0.2886,41.5111,0.6344,0.0171
8551,31.2668,0.3853,28.06,9.62,49.3,8.354,2.0032,10.3571,0.3015,34.3534,0.618,0.0214
8552,21.199,0.4905,16.2,35.83,20.54,5.897,2.3261,8.2231,0.379,21.6994,0.5196,0.2177
8553,41.053,0.698,86.66,81.76,38.82,10.1667,3.529,13.6958,0.545,25.1317,0.3095,0.0908
8554,20.9033,0.4328,3.38,44.42,72.01,5.816,2.4451,8.2611,0.3507,23.5532,0.5553,0.0232
8555,18.1127,0.3496,52.68,81.31,4.17,4.6016,1.8393,6.4409,0.2593,24.8371,0.6712,0.0209
8556,19.7585,0.5897,54.06,48.56,46.72,5.5033,2.9846,8.4879,0.4601,18.4497,0.417,0.1915
8557,36.9411,0.6705,24.1,84.13,23.03,9.2708,3.4232,12.694,0.5384,23.5772,0.3181,0.113
8558,44.341,0.4374,74.17,45.76,79.99,12.3565,2.3483,14.7048,0.3444,42.6919,0.5634,0.0922
8559,39.6369,0.5232,52.14,62.74,44.82,11.2172,2.651,13.8682,0.4063,34.1325,0.4853,0.1062
8560,26.6727,0.5551,22.49,69.12,6.92,7.4353,2.6696,10.1049,0.4386,23.0399,0.4441,0.1438
8561,45.448,0.3906,23.37,42.05,59.31,12.3387,2.0917,14.4304,0.3042,47.4373,0.6146,0.0142
8562,31.6396,0.6401,27.97,81.17,29.71,8.3349,3.1443,11.4792,0.5059,22.6884,0.3587,0.1189
8563,27.0862,0.5339,84.17,55.39,47.58,7.531,2.5401,10.0711,0.4142,24.3133,0.475,0.1461
8564,32.8758,0.5142,41.45,9.33,18.19,9.2613,2.526,11.7874,0.4065,28.9989,0.4851,0.1464
8565,20.261,0.6757,21.83,65.1,4.86,5.1968,3.2661,8.4629,0.5293,15.9878,0.3293,0.2015
8566,17.1979,0.4876,49.62,24.8,63.71,4.8553,2.4404,7.2957,0.3695,19.7424,0.5315,0.2442
8567,40.1332,0.4254,50.91,28.11,54.21,11.117,2.1544,13.2713,0.3324,39.9248,0.5789,0.1111
8568,41.8037,0.5448,85.81,80.41,1.88,11.6976,2.9807,14.6784,0.4226,34.7317,0.4646,0.0975
8569,40.2037,0.3186,6.17,5.87,87.92,9.9714,1.5957,11.5671,0.2529,45.7426,0.6793,0.0186
8570,27.1625,0.4804,38.49,73.94,70.66,7.5454,2.269,9.8143,0.3757,26.125,0.5239,0.1509
8571,23.8055,0.3026,46.61,6.29,69.9,5.674,1.3883,7.0623,0.2195,32.1732,0.7217,0.0192
8572,30.0253,0.5737,33.81,47.93,1.02,8.4184,3.0354,11.4538,0.445,25.7413,0.4362,0.138
8573,28.4379,0.5776,19.29,49.56,24.35,7.9147,2.8562,10.7709,0.4566,23.5893,0.4217,0.1379
8574,39.4096,0.3012,75.42,56.5,71.91,9.5875,1.5298,11.1173,0.23,48.3389,0.7085,0.0141
8575,24.3544,0.4838,22.67,63.62,46.61,6.9189,2.4025,9.3214,0.3765,24.759,0.523,0.1803
8576,19.3212,0.3174,12.61,6.63,42.18,4.7837,1.3893,6.173,0.2401,25.7063,0.6953,0.0257
8577,25.0253,0.387,33.76,43.03,61.1,6.8156,2.0055,8.8211,0.3111,28.3583,0.6058,0.0188
8578,39.3863,0.5439,48.11,1.21,16.11,11.0114,2.8526,13.864,0.4311,32.1611,0.4538,0.1055
8579,21.6844,0.6248,87.25,1.71,46.24,5.719,2.9711,8.69,0.4893,17.7587,0.38,0.1779
8580,23.4468,0.3548,73.87,22.54,52.47,6.0406,1.7908,7.8314,0.2716,28.8304,0.6558,0.0167
8581,40.2303,0.5238,7.78,9.65,44.06,11.2533,2.6854,13.9387,0.4076,34.1975,0.4834,0.0941
8582,29.6826,0.6622,58.78,68.41,41.45,7.6811,3.211,10.8921,0.5197,20.9596,0.3417,0.1448
8583,21.8275,0.4919,2.98,41.74,77.63,6.0454,2.7054,8.7508,0.3985,21.9618,0.4951,0.2118
8584,32.7175,0.5173,34.8,72.05,78.24,9.1568,2.5444,11.7012,0.4042,28.9495,0.4879,0.1253
8585,35.4164,0.5654,80.75,11.86,36.16,9.7524,2.848,12.6004,0.4423,28.4874,0.4395,0.1162
8586,28.3321,0.5818,6.91,83.45,60.15,7.7979,2.8504,10.6483,0.4425,24.0657,0.4396,0.1397
8587,44.0753,0.4902,23.06,6.4,86.31,12.2366,2.4692,14.7058,0.381,38.5952,0.5171,0.0949
8588,18.2987,0.3975,28.18,21.58,66.9,4.8445,1.9148,6.7593,0.3044,22.205,0.6142,0.0182
8589,18.3206,0.6077,27.4,26.34,22.05,4.9886,3.0709,8.0594,0.4773,16.8864,0.395,0.2409
8590,45.8652,0.5135,55.56,20.11,44.14,12.9454,2.6659,15.6113,0.4016,38.8679,0.4912,0.091
8591,43.2458,0.583,32.59,56.83,5.23,11.9043,3.1282,15.0324,0.4625,32.5007,0.4139,0.0994
8592,42.8818,0.3407,0.23,79.56,79.68,11.0034,1.877,12.8804,0.2589,49.7512,0.6719,0.0181
8593,43.4714,0.3827,2.66,19.38,57.28,11.729,2.1986,13.9276,0.3081,45.2087,0.6096,0.1006
8594,44.5975,0.3786,57.73,54.31,88.62,11.9713,1.9391,13.9104,0.2903,47.9143,0.6321,0.0163
8595,37.7717,0.3144,79.99,56.89,57.05,9.3071,1.6304,10.9375,0.2434,44.9454,0.6917,0.0159
8596,18.3814,0.6132,1.48,30.6,61.22,5.1071,3.0711,8.1783,0.463,17.6618,0.4133,0.2215
8597,45.7113,0.6062,78.58,44.4,5.59,12.363,3.0515,15.4145,0.4833,31.8918,0.3876,0.0892
8598,16.3032,0.5697,19.08,49.75,87.58,4.631,2.6412,7.2723,0.4386,16.5809,0.4437,0.2382
8599,41.5077,0.5767,79.84,22.9,11.72,11.4866,2.922,14.4086,0.4518,31.8942,0.4277,0.0977
8600,27.3733,0.6822,61.06,83.24,29.31,6.9101,3.3383,10.2484,0.5362,19.1131,0.3206,0.1433
8601,43.9211,0.5551,43.24,5.69,2.29,12.226,2.901,15.127,0.4389,34.4666,0.4439,0.1005
8602,46.0108,0.6414,47.67,76.33,20.87,12.2153,3.1609,15.3762,0.5,30.7549,0.3663,0.0857
8603,46.6558,0.4709,64.46,64.76,21.59,13.1189,2.4455,15.5645,0.3666,42.4601,0.5355,0.0809
8604,23.4639,0.6668,10.71,8.5,68.87,5.9766,3.2494,9.2261,0.5149,17.9174,0.3475,0.1461
8605,35.7365,0.5491,28.1,81.54,73.02,9.9423,2.8127,12.755,0.4277,29.825,0.458,0.1058
8606,37.0207,0.685,71.9,67.06,24.92,9.3763,3.4313,12.8076,0.5351,23.9336,0.3218,0.1019
8607,45.4312,0.3913,80.81,33.65,44.87,12.2982,2.0738,14.3719,0.3068,46.8464,0.6113,0.0156
8608,23.8243,0.4753,67.42,43.53,61.25,6.6891,2.3599,9.049,0.3759,24.0725,0.5236,0.1628
8609,39.9275,0.3721,31.7,18.69,72.76,10.5676,1.9108,12.4784,0.2917,42.7822,0.6304,0.0165
8610,27.327,0.6857,75.56,22.47,65.24,6.8816,3.3649,10.2464,0.5366,19.0965,0.3201,0.1462
8611,18.8011,0.545,38.49,9.59,60.49,5.1824,2.705,7.8873,0.433,18.2144,0.4514,0.2014
8612,29.6762,0.5242,60.87,72.23,50.17,8.2431,2.6401,10.8831,0.4097,26.5652,0.4809,0.1372
8613,24.7928,0.676,48.74,1.78,47.39,6.0351,3.4663,9.5014,0.5524,17.2005,0.3004,0.1585
8614,31.7802,0.4479,20.71,87.09,17.6,8.8523,2.2514,11.1037,0.3485,31.858,0.5584,0.1328
8615,19.6031,0.3157,42.76,67.02,60.79,4.7673,1.5637,6.331,0.2388,26.5078,0.6972,0.0167
8616,20.8613,0.3474,42.01,29.83,53.41,5.3437,1.6936,7.0373,0.2679,26.2697,0.6606,0.0175
8617,41.9094,0.3063,53.81,76.37,57.32,10.1942,1.6749,11.8692,0.2299,51.6265,0.7087,0.0144
8618,47.0931,0.6966,59.16,47.22,69.91,11.6047,3.4866,15.0913,0.5502,27.4296,0.3031,0.0848
8619,26.777,0.5764,39.39,44.18,29.07,7.4355,2.7751,10.2106,0.4517,22.6036,0.4277,0.1645
8620,18.0992,0.4904,3.83,59.95,19.85,5.0755,2.5517,7.6273,0.3699,20.6184,0.531,0.2618
8621,26.4401,0.3558,72.97,50.81,51.98,6.9291,1.7016,8.6307,0.2772,31.1407,0.6488,0.0167
8622,46.7385,0.6428,16.47,78.45,51.81,12.1739,3.3377,15.5117,0.5141,30.171,0.3484,0.0847
8623,26.8857,0.5929,53.64,6.53,20.15,7.3128,2.952,10.2648,0.4719,21.7523,0.4023,0.1624
8624,16.0365,0.6851,51.56,16.4,63.2,4.1162,3.2914,7.4076,0.5384,13.7578,0.3174,0.246
8625,33.9954,0.3537,55.92,10.04,34.34,8.8098,1.8062,10.616,0.2731,38.8775,0.6539,0.0196
8626,16.206,0.5826,33.35,11.88,12.48,4.4085,2.8962,7.3046,0.4582,15.9418,0.4193,0.2637
8627,39.4644,0.4503,86.3,52.15,53.66,10.9691,2.2836,13.2526,0.3477,38.1184,0.5594,0.108
8628,47.0086,0.3542,5.95,70.23,57.78,12.3473,1.9617,14.3091,0.2754,51.9621,0.6511,0.0171
8629,28.9741,0.5424,56.8,72.18,25.5,8.1292,2.7103,10.8394,0.4262,25.4308,0.46,0.1325
8630,18.4179,0.3476,39.79,9.23,32.67,4.6373,1.6322,6.2695,0.2538,24.699,0.6781,0.018
8631,35.6467,0.4587,38.96,10.21,34.68,9.9659,2.3077,12.2736,0.3563,34.45,0.5484,0.1202
8632,38.2102,0.3181,17.35,0.22,0.46,8.9599,1.3925,10.3525,0.2021,51.2266,0.7439,0.0168
8633,40.262,0.6074,44.23,70.27,60.32,10.9969,3.0104,14.0073,0.476,29.4297,0.397,0.0927
8634,23.0531,0.5441,41.98,11.66,69.39,6.3846,2.7093,9.0939,0.4288,21.2074,0.4566,0.1633
8635,19.496,0.6989,30.15,41.99,28.76,4.7237,3.4464,8.1701,0.5629,14.5149,0.2867,0.202
8636,36.6591,0.5688,52.53,40.47,36.13,10.1824,2.825,13.0074,0.446,29.1652,0.435,0.1122
8637,28.8434,0.6889,22.19,20.56,42.79,7.1514,3.3553,10.5067,0.5467,19.2183,0.3075,0.1426
8638,37.173,0.4786,78.49,79.22,15.3,10.4136,2.4368,12.8504,0.3715,34.5883,0.5292,0.1123
8639,45.014,0.315,16.78,58.31,10.68,10.9977,1.5908,12.5885,0.2305,54.6038,0.7079,0.0148
8640,20.437,0.6917,59.88,47.91,52.27,5.0909,3.4255,8.5163,0.5458,15.6043,0.3084,0.1862
8641,39.901,0.4424,89.1,16.52,8.17,11.0151,2.0957,13.1108,0.3381,38.7754,0.5716,0.1086
8642,46.5779,0.6038,48.64,56.75,5.62,12.7088,3.0301,15.739,0.4779,32.9307,0.3944,0.0913
8643,46.8573,0.3216,39.73,63.93,24.18,11.8483,1.738,13.5863,0.2487,54.6338,0.685,0.015
8644,37.3563,0.3417,3.25,0.55,35.35,9.7668,1.8066,11.5734,0.2762,41.8957,0.6499,0.0204
8645,24.7512,0.4444,80.72,2.49,42.8,6.8227,2.2893,9.1119,0.345,26.415,0.5628,0.0183
8646,38.5675,0.572,86.14,51.16,42.74,10.6027,2.9338,13.5365,0.452,29.946,0.4274,0.1013
8647,16.989,0.5433,45.14,46.12,18.62,4.7502,2.5893,7.3395,0.4136,17.7465,0.4757,0.2244
8648,22.5905,0.4675,68.1,66.04,18.29,6.197,2.3168,8.5138,0.3463,24.5833,0.5612,0.1548
8649,38.9507,0.4313,23.42,6.05,23.0,10.7477,2.2051,12.9528,0.3295,39.3098,0.5824,0.1044
8650,16.4637,0.4214,17.69,23.32,89.16,4.4198,2.0571,6.4769,0.3251,19.9216,0.5861,0.0208
8651,33.6232,0.43,47.88,60.39,34.16,9.3171,2.2004,11.5175,0.3362,34.2568,0.574,0.1173
8652,43.1142,0.6862,85.86,17.26,5.29,10.5377,3.5989,14.1366,0.5471,25.8413,0.3067,0.0869
8653,19.978,0.3353,77.07,51.62,36.51,5.0516,1.742,6.7936,0.2568,26.4533,0.6746,0.0173
8654,33.5768,0.4016,77.48,4.6,38.22,9.0918,1.8575,10.9493,0.3055,35.8454,0.6129,0.0181
8655,42.6936,0.6083,75.99,6.47,8.71,11.3973,3.2442,14.6415,0.4842,30.2366,0.3864,0.1007
8656,24.3866,0.6381,61.92,66.88,65.25,6.5136,3.1073,9.6209,0.5001,19.2368,0.3663,0.1591
8657,46.5857,0.4317,23.6,72.95,58.37,12.8437,2.2652,15.1089,0.3324,45.4513,0.5787,0.0893
8658,16.4516,0.4904,44.52,8.87,56.22,4.5766,2.4306,7.0072,0.3758,18.6459,0.5237,0.2594
8659,26.4657,0.5264,55.44,54.03,6.67,7.4344,2.3378,9.7722,0.4153,23.5313,0.4738,0.1704
8660,36.5957,0.3571,4.75,81.63,28.86,9.7513,1.9278,11.6791,0.294,39.7183,0.6272,0.0173
8661,17.2832,0.623,42.11,86.13,24.77,4.6268,3.0739,7.7007,0.478,16.1092,0.3946,0.2054
8662,16.3973,0.5472,19.46,1.39,87.58,4.5003,2.832,7.3323,0.4405,16.6445,0.4416,0.231
8663,34.026,0.5142,37.29,1.84,85.3,9.5158,2.5325,12.0484,0.4034,29.8684,0.4891,0.1251
8664,28.1253,0.3224,15.37,50.99,20.94,6.9106,1.4138,8.3244,0.2358,35.2962,0.701,0.0168
8665,21.9074,0.4325,23.52,68.48,54.56,5.962,2.1449,8.1069,0.3355,24.1649,0.5748,0.0183
8666,20.8671,0.561,76.6,29.45,80.68,5.8178,2.7706,8.5884,0.4343,19.777,0.4496,0.1731
8667,38.9638,0.425,88.6,45.39,72.99,10.7942,2.1023,12.8965,0.3309,38.9686,0.5805,0.1094
8668,15.99,0.6947,66.63,51.75,33.02,4.1297,3.3277,7.4574,0.5442,13.7042,0.3104,0.2651
8669,32.0626,0.6327,16.07,4.89,80.97,8.3128,3.1315,11.4443,0.5081,22.5225,0.3561,0.12
8670,31.579,0.6397,87.12,55.2,74.22,8.249,3.1909,11.4399,0.5075,22.5399,0.3569,0.1201
8671,28.266,0.6422,5.98,38.66,83.09,7.6075,2.9,10.5075,0.482,21.802,0.3891,0.1352
8672,35.8647,0.6493,57.39,30.95,23.61,9.3929,3.2966,12.6894,0.5107,24.8482,0.3531,0.116
8673,38.3211,0.4629,66.51,89.17,61.5,10.8042,2.387,13.1912,0.3608,36.5632,0.5428,0.1047
8674,43.6511,0.6709,53.75,54.39,65.42,11.1664,3.4095,14.5759,0.5276,27.6246,0.3317,0.0914
8675,18.6883,0.3906,52.64,85.61,57.79,4.9963,1.9154,6.9117,0.2909,23.7574,0.6313,0.0175
8676,16.4823,0.3358,46.82,37.06,63.55,4.235,1.6266,5.8616,0.253,23.1726,0.6794,0.0181
8677,32.0479,0.4775,45.01,59.57,25.3,9.0244,2.3572,11.3817,0.3714,30.6454,0.5295,0.1215
8678,43.3278,0.6236,77.1,1.27,0.39,11.2622,3.5209,14.7831,0.5178,28.5513,0.3438,0.1067
8679,45.2056,0.4758,31.97,40.97,83.26,12.724,2.503,15.227,0.3742,40.6928,0.5259,0.096
8680,22.4621,0.6104,58.17,53.18,13.42,6.0718,2.9868,9.0585,0.4818,18.8015,0.3895,0.1876
8681,24.4966,0.4962,26.28,16.83,53.55,6.7551,2.4287,9.1838,0.3877,23.6881,0.5086,0.1596
8682,37.1982,0.3136,86.08,18.62,28.36,9.0577,1.5453,10.603,0.2402,44.1396,0.6956,0.0154
8683,36.2218,0.6524,57.95,70.81,67.24,9.4825,3.2908,12.7732,0.5147,24.8163,0.3478,0.1072
8684,44.5706,0.3222,79.16,34.68,41.08,11.2704,1.7382,13.0086,0.2529,51.4306,0.6794,0.0144
8685,26.8773,0.5347,58.3,62.13,36.95,7.5484,2.5629,10.1112,0.412,24.5404,0.4779,0.1539
8686,42.8558,0.6131,42.6,68.65,4.12,11.632,3.2901,14.9221,0.4839,30.8399,0.387,0.0984
8687,29.8666,0.4541,42.68,42.18,74.34,8.3828,2.341,10.7238,0.3552,30.1912,0.5499,0.1265
8688,38.5737,0.3812,21.92,45.96,2.68,10.3476,1.8133,12.1609,0.2846,42.7283,0.6393,0.0153
8689,22.3157,0.5501,24.09,24.37,17.93,6.2108,2.6874,8.8982,0.4219,21.0932,0.4651,0.1847
8690,25.9929,0.6668,28.57,79.69,40.16,6.4318,3.3011,9.7329,0.5349,18.1973,0.3222,0.1584
8691,35.2022,0.6662,79.51,28.12,24.9,9.0738,3.3485,12.4223,0.5243,23.6945,0.336,0.1143
8692,45.405,0.3689,76.82,4.28,53.81,11.882,1.8654,13.7475,0.2787,49.3356,0.6469,0.0184
8693,38.3496,0.41,60.31,6.54,49.15,10.4194,2.1261,12.5455,0.3197,39.2405,0.5949,0.111
8694,47.1145,0.3938,84.92,78.1,79.95,12.7781,2.0889,14.867,0.3054,48.6795,0.6132,0.0143
8695,46.0138,0.4464,1.77,19.55,57.3,12.8621,2.4921,15.3542,0.3533,43.4604,0.5522,0.0891
8696,36.4656,0.3153,71.73,74.65,3.76,8.7525,1.6645,10.417,0.2277,45.7529,0.7113,0.0167
8697,27.3846,0.3321,27.71,22.75,29.17,6.7217,1.4623,8.184,0.24,34.1041,0.6956,0.0183
8698,35.4746,0.5429,29.63,74.73,48.84,9.8988,2.8178,12.7166,0.4283,29.6928,0.4572,0.1206
8699,44.4042,0.5947,24.74,77.97,22.1,12.1255,2.9766,15.1021,0.47,32.1322,0.4044,0.0965
8700,35.3161,0.3879,23.15,76.3,25.01,9.5366,2.0567,11.5933,0.2969,39.0506,0.6239,0.0152
8701,34.5749,0.5941,82.88,53.07,30.93,9.4065,2.9995,12.406,0.4654,26.6547,0.4103,0.1147
8702,38.6356,0.5707,67.63,60.12,32.53,10.6819,2.8924,13.5743,0.448,30.2968,0.4322,0.1068
8703,31.6262,0.4053,57.9,7.8,42.21,8.497,2.0272,10.5242,0.3121,33.7228,0.6045,0.0209
8704,26.7345,0.6238,27.05,12.84,49.05,7.1231,3.0602,10.1833,0.4868,20.917,0.3831,0.1402
8705,34.8693,0.3597,72.82,14.41,13.79,9.06,1.7524,10.8124,0.2724,39.6937,0.6548,0.0168
8706,27.5017,0.5389,54.57,27.04,21.12,7.7397,2.5968,10.3365,0.4179,24.7321,0.4705,0.1519
8707,21.8026,0.5252,30.16,80.01,31.48,6.1096,2.5781,8.6877,0.4003,21.7004,0.4927,0.1787
8708,33.2683,0.4398,63.18,0.23,88.81,9.1764,2.0304,11.2068,0.3357,33.3845,0.5745,0.1194
8709,24.937,0.6397,17.58,12.8,43.46,6.4766,3.2212,9.6978,0.5008,19.3629,0.3655,0.1669
8710,30.7297,0.4495,28.6,34.17,81.19,8.4944,2.3009,10.7953,0.3442,31.3631,0.5638,0.132
8711,34.8289,0.3549,5.91,21.61,64.89,9.2381,1.9516,11.1896,0.2836,39.4587,0.6405,0.0208
8712,17.4389,0.6329,30.98,34.79,51.32,4.6547,3.1107,7.7654,0.4922,15.7754,0.3764,0.2136
8713,24.4279,0.4728,25.86,80.99,22.02,6.8432,2.4269,9.2701,0.3667,25.2816,0.5355,0.1775
8714,31.9567,0.4672,70.04,89.83,86.92,8.9881,2.3396,11.3278,0.3689,30.7038,0.5325,0.1278
8715,43.9597,0.6587,44.8,87.66,27.17,11.4398,3.315,14.7548,0.5142,28.6929,0.3486,0.0915
8716,34.63,0.6002,17.76,52.05,36.36,9.433,3.0163,12.4493,0.4747,26.2252,0.3984,0.1229
8717,26.1722,0.4399,38.9,62.87,14.08,7.2359,2.1784,9.4142,0.3418,27.5418,0.567,0.0176
8718,29.918,0.307,2.24,86.64,65.21,7.3676,1.6356,9.0032,0.2433,36.9989,0.6915,0.0183
8719,33.962,0.4187,79.27,23.48,13.69,9.3361,2.1733,11.5094,0.3224,35.7043,0.5916,0.0165
8720,31.1155,0.6349,70.43,55.6,74.06,8.2387,3.2121,11.4508,0.4995,22.9259,0.3671,0.1187
8721,45.9837,0.4284,20.16,88.82,44.62,12.7273,2.2902,15.0175,0.3315,45.2986,0.58,0.0945
8722,38.4932,0.6677,16.94,79.23,27.33,9.7017,3.3121,13.0138,0.5329,24.4187,0.3249,0.1033
8723,36.7137,0.497,41.36,0.41,68.63,10.351,2.5967,12.9477,0.386,33.5459,0.5109,0.1205
8724,45.1103,0.3223,88.26,49.28,80.53,11.3399,1.6422,12.9822,0.2448,53.0332,0.6898,0.0144
8725,26.0093,0.5822,67.7,30.19,60.84,7.1109,2.8244,9.9354,0.4593,21.6338,0.418,0.1538
8726,26.054,0.3191,66.0,81.13,71.19,6.4403,1.5435,7.9839,0.2425,32.9253,0.6927,0.0153
8727,22.7965,0.5403,19.55,13.27,22.83,6.4267,2.6178,9.0445,0.4182,21.629,0.4698,0.1913
8728,21.203,0.3052,16.64,76.29,77.79,5.3124,1.5236,6.836,0.2477,27.5989,0.6861,0.0204
8729,34.9463,0.4172,6.98,37.25,89.28,9.5272,2.2199,11.7471,0.3279,35.8214,0.5844,0.1209
8730,30.5716,0.4976,56.2,28.11,83.37,8.5527,2.5391,11.0917,0.3887,28.5338,0.5075,0.1308
8731,43.1695,0.6745,34.24,86.78,84.49,11.0263,3.4338,14.4601,0.5282,27.3753,0.3309,0.0921
8732,22.5464,0.6977,42.74,7.29,18.76,5.187,3.4453,8.6323,0.5756,14.997,0.2708,0.1936
8733,25.658,0.6016,73.93,79.03,1.16,6.9879,2.9971,9.985,0.4755,21.0001,0.3976,0.1553
8734,43.0454,0.3686,60.47,60.3,73.49,11.5526,2.0028,13.5554,0.2887,46.953,0.6341,0.0147
8735,19.7969,0.5142,22.13,83.7,0.53,5.6241,2.5055,8.1296,0.4027,20.1881,0.4898,0.2221
8736,27.6811,0.5438,23.45,28.56,1.36,7.7892,2.4942,10.2834,0.417,24.6627,0.4713,0.157
8737,38.9099,0.4032,5.6,50.87,23.98,10.6909,1.9815,12.6724,0.319,39.7246,0.5959,0.1192
8738,26.7933,0.4467,20.69,60.46,16.61,7.4515,2.1572,9.6087,0.3411,28.1734,0.5679,0.178
8739,41.4181,0.529,6.51,18.98,20.33,11.7103,2.7627,14.473,0.4116,35.1645,0.4786,0.111
8740,24.4301,0.3475,83.94,14.9,1.52,6.115,1.7964,7.9114,0.2641,29.9578,0.6652,0.0176
8741,30.3724,0.6183,85.93,40.57,65.15,8.1173,3.1899,11.3072,0.4836,23.3826,0.3873,0.1381
8742,28.4979,0.4197,25.03,80.37,67.06,7.8194,2.077,9.8963,0.3177,31.1533,0.5973,0.0191
8743,46.2049,0.3986,0.4,44.46,5.37,12.7152,2.1565,14.8716,0.3033,49.0381,0.6156,0.1122
8744,17.5379,0.3956,41.57,39.61,6.66,4.535,1.8985,6.4334,0.2792,23.0456,0.646,0.02
8745,38.7008,0.6001,11.22,13.9,88.85,10.3196,2.9776,13.2972,0.4717,28.1912,0.4022,0.0991
8746,23.5053,0.5817,28.48,79.54,8.01,6.4764,3.0149,9.4913,0.4568,20.779,0.4212,0.165
8747,16.7594,0.5561,24.72,69.53,11.71,4.7874,2.7181,7.5055,0.4111,18.2549,0.4791,0.2349
8748,42.2006,0.434,62.56,28.22,32.62,11.738,2.3363,14.0743,0.3378,41.6614,0.572,0.0944
8749,19.0291,0.5166,84.63,77.97,22.92,5.4064,2.579,7.9854,0.3911,20.4202,0.5045,0.1963
8750,19.3058,0.538,12.09,59.19,17.33,5.322,2.8357,8.1577,0.4188,19.4768,0.4693,0.2562
8751,43.7687,0.6971,10.9,2.02,88.82,10.0413,3.6062,13.6474,0.5751,23.7307,0.2714,0.0875
8752,44.5473,0.4446,38.72,25.23,85.26,12.3546,2.3828,14.7373,0.3509,41.9969,0.5553,0.0904
8753,38.0307,0.6937,69.58,29.12,23.59,9.528,3.4121,12.9401,0.5415,23.8975,0.3139,0.1021
8754,29.166,0.5947,52.44,12.8,13.58,8.0308,2.9802,11.0111,0.4675,23.5517,0.4076,0.1553
8755,29.5593,0.4079,47.42,40.06,89.81,8.1181,2.0662,10.1842,0.3217,31.6609,0.5924,0.0159
8756,46.6055,0.4953,84.96,35.5,48.21,13.0915,2.5426,15.6341,0.3884,40.2521,0.508,0.0888
8757,34.5719,0.4515,30.44,13.92,38.97,9.6292,2.2753,11.9045,0.3523,33.7874,0.5535,0.1193
8758,17.4836,0.3916,37.2,1.98,21.96,4.5925,1.895,6.4875,0.2817,23.0318,0.6429,0.0166
8759,25.6165,0.3484,33.31,56.4,30.79,6.6375,1.6811,8.3186,0.2677,31.0776,0.6606,0.0159
8760,44.4491,0.5453,43.05,7.96,88.03,12.3073,2.7761,15.0834,0.425,35.4891,0.4615,0.0887
8761,41.9176,0.377,22.19,62.67,21.11,11.0995,1.973,13.0725,0.285,45.8726,0.6389,0.0156
8762,42.3421,0.4929,5.34,50.34,13.25,11.9221,2.5854,14.5075,0.3823,37.9489,0.5154,0.1096
8763,38.5985,0.4609,16.53,79.47,18.95,10.8441,2.2447,13.0888,0.3585,36.5055,0.5458,0.1187
8764,39.9332,0.3871,82.31,6.14,53.52,10.6929,1.9822,12.6751,0.3011,42.1015,0.6184,0.0226
8765,37.1675,0.525,27.74,12.61,87.12,10.2378,2.6327,12.8705,0.4134,31.1329,0.4759,0.1
8766,45.84,0.6522,13.87,33.74,11.76,11.7637,3.3679,15.1316,0.5266,28.7372,0.3327,0.1013
8767,23.3214,0.487,67.89,37.58,62.85,6.5005,2.4899,8.9904,0.3901,23.046,0.5057,0.1815
8768,16.4948,0.6547,71.06,84.71,6.76,4.2803,3.204,7.4843,0.4934,15.1673,0.3746,0.2525
8769,20.0878,0.6668,48.45,86.36,37.02,5.2467,3.1939,8.4405,0.5222,16.1626,0.3383,0.2011
8770,39.7811,0.6518,42.03,85.97,7.54,10.3896,3.1207,13.5104,0.5121,26.3837,0.3513,0.105
8771,20.2832,0.4994,4.07,74.0,74.9,5.5911,2.7514,8.3425,0.3869,21.5647,0.5098,0.2163
8772,16.6485,0.6289,0.38,12.82,28.28,4.5401,3.0529,7.593,0.4907,15.4739,0.3783,0.2625
8773,23.7225,0.4203,72.35,36.59,66.26,6.4986,2.2373,8.7359,0.3364,25.9659,0.5736,0.0179
8774,32.5855,0.6736,83.29,66.53,32.66,8.3002,3.3314,11.6316,0.5277,22.0441,0.3315,0.1237
8775,41.2002,0.3547,27.02,11.94,75.24,10.7399,1.8804,12.6202,0.2791,45.216,0.6464,0.0172
8776,26.8044,0.4796,50.73,35.54,77.73,7.5749,2.2999,9.8747,0.37,26.69,0.5312,0.1473
8777,33.7056,0.557,52.04,66.63,11.89,9.4189,2.7858,12.2047,0.4387,27.8223,0.4443,0.1274
8778,23.8094,0.3269,22.79,44.89,88.37,5.8902,1.7224,7.6126,0.243,31.3339,0.6922,0.018
8779,44.7883,0.6122,21.0,52.1,35.4,12.1333,3.1745,15.3078,0.4862,31.4859,0.3841,0.0928
8780,26.956,0.4604,14.91,31.93,9.17,7.5125,2.0255,9.5379,0.3489,27.3355,0.5577,0.1632
8781,25.1791,0.3056,44.83,30.65,9.22,6.0791,1.4802,7.5593,0.2278,33.1869,0.7113,0.016
8782,32.1122,0.6344,17.04,68.37,55.92,8.4179,3.2202,11.6381,0.5045,23.0665,0.3606,0.1177
8783,17.7631,0.584,3.11,69.4,36.44,4.9912,2.8952,7.8864,0.427,18.4714,0.4589,0.2425
8784,23.0506,0.4113,12.42,17.26,83.8,6.1582,2.0809,8.2392,0.3257,25.2967,0.5873,0.0214
8785,23.96,0.4691,57.41,2.56,0.4,6.7101,2.506,9.2161,0.3517,26.2049,0.5545,0.1733
8786,43.9384,0.5557,58.08,66.14,33.99,12.3253,2.8343,15.1595,0.4346,34.8819,0.4493,0.0913
8787,18.5836,0.5385,7.0,48.23,13.04,5.181,2.8488,8.0298,0.4083,19.6671,0.4826,0.2241
8788,39.6456,0.6314,39.0,18.25,30.35,10.5532,3.0463,13.5994,0.4974,27.3431,0.3699,0.1041
8789,19.6967,0.3902,30.38,0.43,24.24,5.1447,1.483,6.6277,0.2787,23.7799,0.6467,0.0172
8790,27.8433,0.4538,6.45,71.03,66.37,7.7472,2.1517,9.8989,0.3545,27.9218,0.5509,0.1395
8791,35.0503,0.4544,61.54,72.37,32.68,9.7709,2.2927,12.0636,0.3496,34.5069,0.557,0.1145
8792,20.3212,0.4935,36.41,9.73,9.85,5.7352,2.3489,8.0841,0.3872,20.8772,0.5094,0.228
8793,39.9925,0.484,67.22,68.77,87.99,11.2716,2.4977,13.7693,0.379,36.3297,0.5198,0.1107
8794,37.787,0.4572,17.2,2.12,22.83,10.5878,2.3933,12.9811,0.3453,37.5885,0.5624,0.1181
8795,25.4257,0.4277,10.41,12.79,55.63,6.8129,2.0058,8.8187,0.337,26.171,0.5728,0.0212
8796,19.5374,0.3947,76.39,84.65,59.8,5.2285,2.0296,7.2581,0.2949,24.6111,0.6262,0.0165
8797,34.6252,0.3402,59.09,27.11,52.2,9.0993,1.8331,10.9324,0.272,40.1913,0.6555,0.0169
8798,18.816,0.4521,61.56,43.37,87.87,5.1661,2.2646,7.4307,0.3546,20.954,0.5506,0.0213
8799,19.3858,0.6262,81.75,33.32,84.06,5.1296,3.0318,8.1614,0.4854,16.8139,0.3852,0.1843
8800,21.67,0.3369,69.74,41.36,14.0,5.4555,1.6182,7.0737,0.25,28.2902,0.683,0.0174
8801,17.6945,0.6869,31.26,74.27,69.46,4.4237,3.4454,7.8691,0.538,14.627,0.3186,0.2202
8802,27.1716,0.5858,7.26,86.85,65.86,7.4366,2.7573,10.1939,0.4541,22.4462,0.4245,0.1433
8803,32.616,0.4478,44.95,83.25,38.46,9.0964,2.2262,11.3226,0.3486,32.4807,0.5584,0.1277
8804,24.6608,0.6659,5.45,72.85,28.15,6.3653,3.1671,9.5323,0.5139,18.5507,0.3486,0.1754
8805,17.7043,0.3145,49.41,70.76,77.62,4.3252,1.4852,5.8104,0.2343,24.8024,0.7031,0.0211
8806,18.0945,0.4434,9.41,66.31,35.48,4.9191,2.3029,7.222,0.3383,21.351,0.5713,0.022
8807,33.0954,0.4889,56.8,34.37,20.78,9.3699,2.5551,11.925,0.3819,31.2232,0.5159,0.124
8808,42.6146,0.4806,16.55,63.5,85.03,12.0369,2.5396,14.5765,0.3765,38.7193,0.5231,0.0928
8809,45.419,0.6074,43.86,44.52,37.57,12.4635,3.1115,15.575,0.4787,32.5375,0.3934,0.0932
8810,26.9615,0.4136,24.22,54.03,82.05,7.3657,1.9643,9.33,0.3183,29.3166,0.5966,0.0181
8811,47.0922,0.5783,17.23,45.2,8.99,13.1252,3.0312,16.1564,0.4577,35.3015,0.4201,0.0865
8812,37.9557,0.6435,61.11,63.94,12.21,10.032,3.2836,13.3156,0.5115,26.0305,0.3521,0.1076
8813,38.7879,0.3195,74.36,27.55,57.66,9.8308,1.5971,11.428,0.2553,44.759,0.6763,0.0145
8814,40.5316,0.5182,26.63,28.23,6.97,11.3921,2.4951,13.8873,0.4003,34.6886,0.4928,0.1127
8815,16.9592,0.6028,14.1,8.08,87.72,4.4602,2.9054,7.3657,0.4688,15.7105,0.4058,0.2278
8816,37.3737,0.4981,65.8,88.46,43.77,10.4946,2.5554,13.05,0.3871,33.7166,0.5097,0.1061
8817,19.2354,0.4385,44.55,42.43,54.39,5.2211,2.1706,7.3917,0.3317,22.2861,0.5795,0.0202
8818,32.4025,0.652,23.67,81.92,27.66,8.3536,3.1971,11.5506,0.5177,22.3097,0.3441,0.1256
8819,23.2426,0.4996,83.7,17.78,82.04,6.4557,2.4567,8.9124,0.3917,22.7505,0.5035,0.1542
8820,30.4505,0.3492,6.72,44.34,79.7,7.9489,1.8314,9.7803,0.2787,35.095,0.6467,0.0206
8821,43.9984,0.4838,49.14,12.12,68.55,12.3166,2.5297,14.8463,0.3823,38.8392,0.5156,0.0888
8822,23.929,0.5393,41.24,71.5,84.1,6.6339,2.7794,9.4134,0.4259,22.1038,0.4604,0.1727
8823,27.5446,0.4791,27.84,83.21,9.87,7.6441,2.2358,9.8799,0.368,26.8498,0.5336,0.1551
8824,26.0713,0.3175,37.64,59.54,42.58,6.5026,1.5624,8.065,0.2464,32.7342,0.6877,0.0162
8825,20.0867,0.4397,3.83,34.47,58.05,5.5814,2.3956,7.9769,0.3483,22.9009,0.5585,0.0222
8826,29.3806,0.3803,62.2,0.59,58.62,7.8612,1.9728,9.8339,0.2883,34.1118,0.6349,0.0168
8827,16.3824,0.6645,16.51,66.1,65.77,4.325,3.1999,7.5249,0.4976,15.1221,0.3694,0.2509
8828,25.1452,0.6912,10.62,80.98,83.25,6.1109,3.4344,9.5453,0.5379,17.7452,0.3186,0.1492
8829,38.3439,0.4121,47.71,23.78,59.33,10.553,2.0674,12.6205,0.3248,38.8613,0.5886,0.0158
8830,22.9327,0.6394,37.7,54.72,26.43,5.9628,3.2424,9.2052,0.5146,17.8871,0.348,0.1726
8831,39.0521,0.4661,74.66,69.12,84.47,10.9828,2.3871,13.3699,0.3641,36.7194,0.5386,0.1015
8832,34.8898,0.4286,63.65,59.71,23.54,9.6598,2.2267,11.8865,0.3315,35.8553,0.5799,0.1178
8833,20.0887,0.4191,89.17,27.1,84.4,5.4543,1.9268,7.3811,0.3234,22.8218,0.5901,0.0195
8834,17.9413,0.323,53.37,41.05,4.78,4.4238,1.6807,6.1045,0.232,26.3109,0.7058,0.0208
8835,31.7806,0.6979,31.37,7.26,56.13,nan,nan,nan,nan,nan,nan,nan
8836,21.1874,0.3095,20.2,61.08,3.23,4.9454,1.2283,6.1738,0.2192,28.1659,0.7222,0.0191
8837,40.5222,0.6515,57.14,77.16,10.67,10.4785,3.2891,13.7676,0.5192,26.5147,0.3423,0.1018
8838,22.174,0.4318,17.44,32.48,13.79,5.946,1.9402,7.8862,0.3198,24.66,0.5948,0.0208
8839,35.7043,0.5716,83.36,44.03,64.52,9.7957,2.8966,12.6922,0.4507,28.1617,0.4288,0.1206
8840,20.4318,0.6228,69.24,29.59,52.2,5.4863,2.9939,8.4802,0.4898,17.3146,0.3795,0.2027
8841,23.2298,0.3337,52.6,88.51,19.51,5.7379,1.7445,7.4824,0.2461,30.3998,0.6879,0.0185
8842,24.7272,0.4518,7.32,65.94,32.58,6.8543,2.1913,9.0456,0.3652,24.7674,0.5371,0.1796
8843,28.2994,0.5954,31.13,72.69,79.96,7.6795,2.899,10.5785,0.4682,22.592,0.4067,0.1395
8844,18.4637,0.6544,35.49,86.01,27.62,4.7649,3.2125,7.9774,0.5161,15.4566,0.346,0.2011
8845,20.1553,0.5495,30.63,13.27,63.57,5.6009,2.6319,8.2328,0.4309,19.1041,0.4538,0.2117
8846,31.9379,0.6859,28.15,75.83,48.92,7.8489,3.3839,11.2328,0.5422,20.7161,0.3131,0.1314
8847,44.7351,0.5282,53.87,47.08,44.82,12.6817,2.6624,15.3441,0.4138,37.0765,0.4756,0.0964
8848,27.4524,0.6923,49.51,52.2,80.28,6.7522,3.3382,10.0904,0.5438,18.5539,0.311,0.1509
8849,26.7922,0.6094,1.31,80.01,49.76,7.2895,2.8085,10.098,0.4688,21.5411,0.406,0.148
8850,16.1693,0.3367,20.11,68.03,80.42,3.9887,1.3211,5.3097,0.2487,21.347,0.6846,0.0186
8851,43.2165,0.4504,32.96,27.59,75.74,12.0402,2.4455,14.4857,0.3511,41.259,0.5551,0.0878
8852,24.1538,0.4833,88.72,60.54,5.03,6.7389,2.6562,9.3951,0.3735,25.1517,0.5265,0.1661
8853,43.5642,0.4995,65.37,84.78,15.12,12.3512,2.6208,14.9721,0.3911,38.2803,0.5045,0.0926
8854,45.2847,0.4075,56.5,85.06,14.15,12.4327,2.0515,14.4842,0.3168,45.7183,0.5987,0.0875
8855,39.7727,0.5947,24.24,73.65,1.39,10.8669,2.8478,13.7147,0.4708,29.1311,0.4033,0.102
8856,19.8035,0.5586,39.85,20.13,2.62,5.4189,2.6426,8.0615,0.4446,18.1329,0.4367,0.2208
8857,18.0156,0.4766,28.11,33.38,13.77,4.9792,2.4172,7.3965,0.365,20.266,0.5376,0.2333
8858,26.8284,0.4218,61.66,5.92,16.78,7.3639,2.0129,9.3769,0.3139,29.8758,0.6023,0.0189
8859,39.2225,0.3958,45.42,89.63,67.46,10.6864,1.9923,12.6787,0.3108,40.7923,0.6061,0.0162
8860,31.8697,0.5876,79.56,69.21,58.37,8.7308,2.9227,11.6535,0.4606,25.299,0.4165,0.1254
8861,31.3667,0.378,53.14,58.11,62.43,8.4569,1.9292,10.3862,0.3001,34.6055,0.6196,0.0174
8862,44.7018,0.6942,38.98,16.22,11.13,10.9068,3.502,14.4088,0.5555,25.9397,0.2961,0.0864
8863,40.1332,0.358,49.86,74.93,66.12,10.4849,1.7872,12.2721,0.2759,44.4767,0.6504,0.0168
8864,34.1897,0.3642,87.96,47.11,6.55,8.8256,1.5641,10.3897,0.2696,38.5396,0.6583,0.0169
8865,41.0166,0.5135,10.3,83.64,54.89,11.4973,2.6764,14.1737,0.4031,35.1634,0.4892,0.1012
8866,25.1779,0.5932,70.79,54.54,55.44,6.9144,2.8108,9.7252,0.4607,21.1095,0.4162,0.1655
8867,40.0138,0.5671,10.9,43.2,18.87,11.289,2.9621,14.251,0.4441,32.0871,0.4372,0.1038
8868,34.2529,0.6401,43.44,46.87,68.44,9.0788,3.1801,12.2589,0.5036,24.3433,0.3617,0.1229
8869,28.6439,0.5722,8.29,57.72,52.8,7.9661,2.8588,10.8249,0.4402,24.5898,0.4421,0.1362
8870,29.1615,0.3192,70.63,33.59,53.08,7.3857,1.6621,9.0478,0.2509,36.0629,0.6821,0.0153
8871,29.7603,0.5992,30.38,59.69,54.64,8.1188,2.9847,11.1036,0.4659,23.8342,0.4098,0.1339
8872,44.8621,0.4183,0.37,43.62,46.51,12.5037,2.3524,14.8561,0.3249,45.7273,0.5886,0.097
8873,32.5685,0.5004,66.53,50.38,36.58,9.2311,2.5385,11.7697,0.3935,29.9084,0.5016,0.1222
8874,24.5147,0.4035,7.6,86.2,28.19,6.6016,2.0526,8.6542,0.3285,26.3449,0.5835,0.0175
8875,22.6222,0.315,60.88,86.81,60.61,5.5823,1.5376,7.1198,0.231,30.82,0.7072,0.0168
8876,40.6046,0.3769,45.39,78.45,55.76,10.8143,2.0064,12.8207,0.2871,44.6626,0.6364,0.0159
8877,23.9401,0.533,72.34,2.49,16.25,6.7305,2.7813,9.5118,0.417,22.8084,0.4716,0.1836
8878,35.0868,0.5987,81.7,15.4,6.18,9.5301,3.0441,12.5742,0.4673,26.9058,0.4079,0.1089
8879,35.6608,0.5929,72.56,56.18,68.87,9.7666,2.9652,12.7317,0.4633,27.4784,0.4129,0.1066
8880,34.1064,0.3262,14.09,30.22,58.95,8.6367,1.6895,10.3262,0.251,41.1355,0.6816,0.0173
8881,28.9019,0.3081,69.24,0.2,85.66,6.9292,1.5986,8.5278,0.2188,38.9781,0.7229,0.0157
8882,32.565,0.641,47.21,16.65,59.34,8.4726,3.1714,11.644,0.5065,22.9899,0.3579,0.1227
8883,24.5591,0.5527,87.04,18.03,11.22,6.6875,2.8432,9.5308,0.4326,22.0312,0.452,0.1739
8884,41.3399,0.3953,5.46,34.17,21.68,11.3704,2.1439,13.5143,0.3107,43.5012,0.6065,0.1034
8885,22.9885,0.5121,66.97,35.58,51.39,6.5032,2.5025,9.0057,0.4048,22.2453,0.487,0.1677
8886,30.592,0.416,27.64,44.53,33.19,8.4226,2.1114,10.5341,0.3196,32.9571,0.595,0.0176
8887,40.5551,0.5013,27.28,56.62,39.9,11.4049,2.5181,13.923,0.3917,35.5481,0.5038,0.0978
8888,34.8213,0.3988,15.41,28.49,60.33,9.4855,2.1465,11.6321,0.3094,37.5912,0.608,0.0163
8889,18.6147,0.4521,61.43,48.79,21.88,5.1369,2.2786,7.4154,0.341,21.7459,0.5677,0.0197
8890,45.5908,0.5638,0.49,52.25,74.11,12.7781,3.0339,15.812,0.443,35.6892,0.4387,0.087
8891,27.7211,0.3281,6.41,52.03,53.27,7.115,1.5253,8.6403,0.2662,32.4623,0.6624,0.0192
8892,39.5274,0.385,42.13,76.67,66.49,10.6506,1.89,12.5407,0.2954,42.4525,0.6256,0.0142
8893,19.7188,0.4669,40.43,56.47,31.28,5.5812,2.302,7.8831,0.3577,22.0411,0.5468,0.2094
8894,23.7224,0.3691,88.02,43.82,19.99,6.2107,1.862,8.0727,0.2825,28.5809,0.6421,0.0165
8895,23.0366,0.435,71.63,31.55,3.59,6.3923,2.2964,8.6887,0.3255,26.6967,0.5877,0.0174
8896,38.9342,0.3407,73.42,8.63,12.62,9.8019,1.6086,11.4105,0.257,44.4033,0.6743,0.0156
8897,25.7206,0.6102,68.86,32.76,42.0,6.9475,2.8954,9.8429,0.48,20.5047,0.3917,0.1591
8898,27.5438,0.5284,16.49,57.76,4.12,7.7095,2.4181,10.1276,0.4033,25.1134,0.489,0.1531
8899,41.0715,0.4489,66.15,14.32,20.49,11.4517,2.3594,13.8111,0.3451,40.0244,0.5627,0.0963
8900,46.3074,0.6781,58.26,58.3,0.62,11.6179,3.3348,14.9527,0.5404,27.668,0.3153,0.0876
8901,42.7074,0.4567,73.82,85.09,74.83,11.9457,2.4601,14.4058,0.3569,40.3629,0.5477,0.0969
8902,29.4957,0.3623,24.62,79.86,75.65,7.7228,1.7692,9.492,0.2784,34.0903,0.6471,0.0153
8903,18.3195,0.6324,26.2,9.23,59.07,4.711,3.0909,7.8018,0.5071,15.3839,0.3574,0.1897
8904,20.1501,0.5472,88.86,74.96,30.99,5.6115,2.6691,8.2806,0.4173,19.8431,0.4715,0.1995
8905,33.25,0.3829,2.73,84.19,68.21,8.9182,2.2058,11.124,0.3098,35.9101,0.6074,0.02
8906,45.8929,0.46,31.27,78.53,78.8,12.8386,2.3724,15.211,0.3597,42.2926,0.5442,0.0965
8907,21.4503,0.35,80.93,8.56,85.09,5.4521,1.5687,7.0208,0.2635,26.6458,0.666,0.0184
8908,28.1764,0.3163,83.5,34.36,15.67,6.8998,1.4729,8.3726,0.2381,35.1678,0.6984,0.0171
8909,36.5246,0.3977,15.6,1.64,37.86,9.6258,1.9388,11.5646,0.2875,40.2234,0.6357,0.0195
8910,43.9403,0.5198,29.78,37.17,5.71,12.4315,2.7469,15.1784,0.4101,37.0146,0.4804,0.0956
8911,22.3576,0.3409,37.78,76.54,71.92,5.6311,1.664,7.2951,0.2598,28.0752,0.6706,0.0173
8912,38.281,0.5388,53.24,27.91,18.86,10.7772,2.6646,13.4418,0.4251,31.6206,0.4614,0.1021
8913,47.0535,0.6744,14.65,84.1,57.61,11.7229,3.434,15.1569,0.5394,28.097,0.3166,0.0853
8914,23.4569,0.6077,26.27,13.27,75.93,6.3582,2.9853,9.3435,0.4757,19.6404,0.3969,0.1652
8915,27.6319,0.4364,32.22,22.89,57.55,7.5747,2.0393,9.614,0.3377,28.4704,0.5719,0.1474
8916,43.6615,0.59,3.9,46.89,82.1,12.0008,3.1073,15.1081,0.4541,33.2692,0.4245,0.0943
8917,31.0059,0.4733,10.26,53.76,8.47,8.7107,2.4625,11.1732,0.3711,30.1057,0.5296,0.1524
8918,40.9643,0.4489,23.82,72.88,44.8,11.4538,2.305,13.7588,0.3456,39.8155,0.5621,0.1016
8919,31.5813,0.6327,65.93,46.43,42.98,8.3566,3.1968,11.5534,0.4965,23.2707,0.3711,0.1208
8920,44.4982,0.3715,82.79,12.85,12.1,11.6718,1.9183,13.5901,0.2839,47.8669,0.6402,0.015
8921,47.1133,0.4429,70.67,27.54,53.4,13.058,2.3256,15.3836,0.3445,44.6519,0.5636,0.0834
8922,38.0153,0.3147,5.72,7.85,48.0,9.6057,1.6049,11.2106,0.2586,43.3508,0.6721,0.0204
8923,21.5074,0.313,13.67,78.23,36.62,5.195,1.3926,6.5876,0.24,27.4494,0.6955,0.0198
8924,24.8169,0.6975,40.13,45.01,32.7,5.9287,3.3901,9.3188,0.5625,16.5653,0.2874,0.1693
8925,24.8082,0.3159,79.56,20.14,41.15,6.1002,1.5632,7.6634,0.2492,30.7485,0.6842,0.0197
8926,30.3491,0.6818,88.14,13.54,75.36,7.6323,3.4635,11.0958,0.529,20.976,0.3295,0.1135
8927,43.7901,0.6863,54.14,34.5,28.79,10.9487,3.462,14.4106,0.5394,26.7136,0.3163,0.0884
8928,41.8455,0.4734,19.79,81.81,48.56,11.7529,2.4913,14.2442,0.3697,38.5308,0.5317,0.0934
8929,16.3722,0.6094,3.42,40.62,37.51,4.5476,2.8314,7.3791,0.4529,16.2918,0.4262,0.2672
8930,44.5014,0.6279,48.24,41.91,23.48,11.9723,3.1742,15.1465,0.4937,30.6786,0.3745,0.0893
8931,25.6339,0.6012,53.63,69.74,44.59,7.0376,2.8655,9.9032,0.4712,21.017,0.4029,0.154
8932,36.5763,0.3109,51.77,15.76,78.9,8.9589,1.5931,10.552,0.2413,43.7283,0.6943,0.0173
8933,41.9903,0.3136,56.14,5.69,44.65,10.339,1.7484,12.0875,0.2386,50.6497,0.6975,0.0176
8934,18.3498,0.569,66.68,3.65,51.81,5.0002,2.8246,7.8248,0.4568,17.129,0.4211,0.2299
8935,32.0463,0.4403,25.98,47.71,72.41,8.9175,2.2703,11.1878,0.3468,32.2586,0.5604,0.13
8936,26.8865,0.6479,41.57,9.82,88.26,6.9549,3.2052,10.1601,0.5102,19.9159,0.3535,0.1315
8937,20.5935,0.5791,83.6,52.6,18.99,5.6503,2.7579,8.4081,0.4537,18.5311,0.4251,0.2133
8938,15.8849,0.3686,48.61,85.12,7.83,3.8912,1.5426,5.4338,0.2557,21.2469,0.6759,0.0179
8939,46.7479,0.6448,89.77,28.08,22.76,12.2317,3.282,15.5137,0.5067,30.6153,0.3582,0.079
8940,31.7364,0.3903,88.33,36.48,85.25,8.523,1.9875,10.5105,0.3087,34.0422,0.6087,0.0182
8941,26.1342,0.4912,21.99,11.82,12.57,7.2242,2.4293,9.6535,0.3765,25.6424,0.5226,0.1724
8942,38.9372,0.3998,8.8,44.75,21.51,10.6394,2.0294,12.6687,0.3067,41.3005,0.6113,0.0184
8943,32.1422,0.5646,1.13,73.16,73.95,8.8955,2.9648,11.8603,0.4386,27.0421,0.4442,0.1355
8944,26.4649,0.5757,82.64,86.17,45.4,7.2459,2.8303,10.0762,0.4486,22.4617,0.4315,0.137
8945,20.9711,0.4435,12.08,20.98,56.94,5.7938,2.2051,7.9989,0.3479,22.9923,0.559,0.0225
8946,17.2532,0.541,75.78,17.63,69.04,4.7723,2.64,7.4123,0.4073,18.1997,0.484,0.216
8947,34.8106,0.6602,62.8,55.47,32.88,9.0304,3.2992,12.3296,0.5175,23.8258,0.3444,0.1185
8948,19.1988,0.3925,10.91,28.16,86.61,5.0331,1.9777,7.0108,0.3081,22.7525,0.6094,0.0182
8949,42.3492,0.4147,64.72,61.77,84.1,11.6576,2.2033,13.861,0.3217,43.0842,0.5922,0.1028
8950,43.9045,0.6192,72.42,11.16,83.12,11.695,3.2118,14.9068,0.4909,30.3652,0.3781,0.0898
8951,40.0197,0.4784,29.76,72.4,11.65,11.2473,2.4008,13.6481,0.3704,36.843,0.5306,0.1124
8952,22.0355,0.3186,24.13,52.45,64.68,5.4697,1.6734,7.1431,0.2473,28.8857,0.6866,0.0183
8953,37.7806,0.424,10.85,80.9,6.78,10.4346,2.165,12.5996,0.3294,38.2445,0.5824,0.1123
8954,36.3468,0.598,50.64,4.03,66.05,9.8609,3.0595,12.9204,0.4778,27.0434,0.3947,0.1144
8955,32.4258,0.5417,79.81,54.47,62.78,9.0756,2.6694,11.7451,0.424,27.6978,0.4627,0.1286
8956,41.8294,0.3977,24.31,59.99,40.09,11.2956,2.089,13.3846,0.3046,43.943,0.6139,0.0148
8957,25.1588,0.6719,20.46,27.15,88.39,6.1997,3.3908,9.5905,0.5425,17.6786,0.3127,0.1333
8958,22.1527,0.3417,77.17,3.31,74.87,5.5866,1.5491,7.1357,0.2499,28.5486,0.6833,0.0196
8959,46.6298,0.5885,26.85,12.2,10.7,12.7951,3.0268,15.8218,0.4671,33.8753,0.4085,0.0995
8960,41.1784,0.5531,20.68,27.54,59.39,11.4155,2.7936,14.2091,0.4315,32.9259,0.4531,0.0964
8961,41.7526,0.4866,58.92,80.8,47.67,11.7555,2.539,14.2945,0.3818,37.4437,0.5161,0.1
8962,43.7665,0.5255,8.16,26.04,55.3,12.3555,2.751,15.1065,0.411,36.7588,0.4792,0.1013
8963,41.4542,0.5772,78.59,14.4,21.64,11.4308,2.9816,14.4124,0.4561,31.5973,0.4221,0.0962
8964,20.9101,0.5625,77.93,28.35,11.56,5.845,2.7328,8.5778,0.4378,19.5945,0.4453,0.1865
8965,28.5013,0.3884,78.94,68.22,40.78,7.654,2.0021,9.6562,0.3028,31.8889,0.6163,0.0163
8966,28.106,0.3892,22.26,75.95,78.17,7.4841,1.8484,9.3325,0.2981,31.3058,0.6222,0.0166
8967,33.36,0.3977,63.74,76.12,78.61,9.0298,1.9686,10.9984,0.3049,36.0708,0.6137,0.0152
8968,30.0211,0.3961,10.95,49.58,32.04,8.1748,2.1082,10.283,0.3125,32.9089,0.604,0.0196
8969,34.6448,0.6511,26.98,21.42,29.33,8.8391,3.2983,12.1374,0.5226,23.2254,0.3379,0.1271
8970,18.119,0.4483,40.82,27.78,87.62,4.8463,2.2084,7.0547,0.3405,20.7157,0.5683,0.0214
8971,16.1097,0.6501,23.06,36.67,78.64,4.146,3.0935,7.2396,0.5159,14.0334,0.346,0.2142
8972,26.5625,0.4573,67.9,39.0,51.49,7.4606,2.1877,9.6482,0.3571,27.0159,0.5477,0.1538
8973,23.5094,0.3188,6.35,73.66,88.0,6.0731,1.8006,7.8737,0.2788,28.2395,0.6465,0.0219
8974,28.9727,0.4771,66.82,81.47,18.64,8.1571,2.388,10.5451,0.3664,28.777,0.5358,0.1448
8975,33.5951,0.5135,55.1,12.36,2.03,9.3818,2.3713,11.7531,0.3938,29.8423,0.5009,0.1289
8976,26.0304,0.3914,76.01,14.08,19.21,6.9354,1.8807,8.8162,0.3019,29.2063,0.6173,0.0187
8977,27.144,0.6857,42.21,23.52,85.23,6.7265,3.3042,10.0307,0.5419,18.5095,0.3133,0.1391
8978,45.5358,0.5354,51.17,5.8,80.05,12.7341,2.6692,15.4033,0.4182,36.8297,0.47,0.0838
8979,32.0129,0.6183,56.04,42.45,4.1,8.6635,3.1302,11.7937,0.4869,24.2219,0.383,0.1295
8980,39.1521,0.3564,14.62,73.68,81.93,10.1828,1.8057,11.9885,0.2723,44.0282,0.6547,0.0183
8981,28.2578,0.3973,38.88,46.64,29.7,7.6726,1.9176,9.5903,0.3009,31.8746,0.6186,0.0183
8982,43.6156,0.4231,86.7,60.89,9.06,12.001,2.2472,14.2482,0.327,43.573,0.5857,0.0978
8983,31.4647,0.405,69.38,37.75,4.71,8.6371,2.1037,10.7408,0.3165,33.9397,0.5989,0.0168
8984,28.5148,0.4635,66.16,80.11,7.7,7.963,2.2726,10.2355,0.3511,29.1565,0.5551,0.144
8985,46.9416,0.4028,24.77,72.26,55.02,12.7615,2.169,14.9305,0.31,48.1589,0.6069,0.0865
8986,32.7055,0.6798,29.83,47.78,58.63,8.1582,3.3707,11.5289,0.5385,21.4087,0.3179,0.1306
8987,35.2411,0.4319,1.49,64.88,59.86,9.7977,2.4004,12.1981,0.3441,35.4495,0.564,0.131
8988,37.442,0.6503,33.81,29.53,15.89,9.7832,3.1939,12.9772,0.5158,25.1615,0.3466,0.118
8989,40.3565,0.3301,21.0,86.23,67.25,10.1299,1.6915,11.8214,0.2479,47.69,0.6859,0.0148
8990,45.3145,0.5631,81.02,4.4,49.65,12.5444,2.8288,15.3732,0.4421,34.7732,0.4398,0.0809
8991,41.7244,0.3408,29.13,46.03,24.66,10.7281,1.8516,12.5797,0.2597,48.4453,0.6711,0.0159
8992,26.0768,0.6581,70.67,1.32,38.81,6.5171,3.3154,9.8325,0.5355,18.3622,0.3217,0.1476
8993,25.1947,0.3004,32.1,41.14,66.55,6.3394,1.611,7.9504,0.2424,32.7981,0.6928,0.0173
8994,34.4173,0.6266,62.72,57.37,88.14,9.1059,3.1673,12.2732,0.4936,24.8658,0.3747,0.1222
8995,35.8615,0.3716,47.21,5.41,43.13,9.4422,1.9169,11.3591,0.2809,40.4355,0.6441,0.0165
8996,19.8864,0.4339,74.51,7.03,64.45,5.5673,1.9956,7.563,0.331,22.8454,0.5804,0.0194
8997,21.8348,0.6712,77.88,35.46,19.98,5.544,3.2897,8.8336,0.5392,16.3823,0.3168,0.1952
8998,39.2857,0.4994,85.94,72.58,57.58,11.0747,2.5554,13.6301,0.392,34.7671,0.5035,0.1013
8999,16.8125,0.4442,12.57,54.19,60.02,4.5271,2.1603,6.6874,0.3328,20.0928,0.5782,0.0218
9000,44.7716,0.5691,79.16,43.29,78.84,12.3634,2.9387,15.3021,0.4497,34.0265,0.4301,0.1006
9001,43.0085,0.4333,53.3,12.01,46.93,11.8406,2.3097,14.1503,0.3381,41.8503,0.5716,0.0959
9002,16.4139,0.483,17.29,25.88,78.63,4.5469,2.3375,6.8845,0.3682,18.6981,0.5333,0.2379
9003,42.1121,0.6234,39.66,76.41,61.62,11.2606,3.1978,14.4584,0.4932,29.3181,0.3753,0.0941
9004,30.8004,0.3326,25.42,49.57,18.78,7.781,1.671,9.452,0.2474,38.2051,0.6865,0.017
9005,22.9006,0.5905,59.71,40.27,41.03,6.2742,2.9933,9.2675,0.4685,19.7815,0.4064,0.1604
9006,24.9694,0.6948,39.49,21.24,43.94,5.9888,3.4279,9.4167,0.5543,16.987,0.2979,0.1765
9007,32.0053,0.4235,66.95,68.56,26.46,8.7721,2.153,10.9252,0.326,33.5086,0.5867,0.0166
9008,23.2797,0.38,36.87,46.17,43.39,6.2817,1.9834,8.2652,0.2939,28.1257,0.6276,0.0201
9009,25.192,0.6624,7.03,16.01,18.65,6.6481,3.1791,9.8272,0.5106,19.2451,0.353,0.1671
9010,25.8866,0.6422,31.91,16.95,6.8,6.6363,3.106,9.7423,0.5195,18.7516,0.3416,0.1596
9011,19.1159,0.6782,7.03,15.74,26.56,4.9751,3.3956,8.3708,0.5111,16.3778,0.3523,0.2265
9012,22.8109,0.4973,25.38,23.9,80.52,6.3469,2.5478,8.8947,0.3835,23.1948,0.5138,0.1663
9013,40.9489,0.5662,51.96,18.21,47.6,11.3657,2.8839,14.2496,0.4442,32.0789,0.4371,0.1063
9014,45.7962,0.3037,81.44,23.49,0.31,10.894,1.3366,12.2306,0.2227,54.9305,0.7178,0.0164
9015,29.0025,0.5912,77.08,66.3,11.0,7.9477,3.0026,10.9504,0.4603,23.7898,0.4169,0.1333
9016,34.8834,0.3933,11.8,47.58,2.15,9.3254,1.9021,11.2275,0.2876,39.0324,0.6354,0.0176
9017,38.9992,0.3669,37.85,80.97,23.71,10.2462,1.8434,12.0896,0.2818,42.8974,0.6428,0.017
9018,45.1351,0.5184,58.23,6.43,6.28,12.6604,2.6122,15.2726,0.4089,37.3512,0.4819,0.0865
9019,30.0715,0.3012,62.26,27.5,37.09,7.2592,1.579,8.8382,0.2318,38.1345,0.7063,0.0157
9020,33.6094,0.4105,41.93,84.5,14.5,9.1955,1.9726,11.168,0.3181,35.1091,0.597,0.0168
9021,36.2851,0.3719,67.41,9.44,43.36,9.5965,1.935,11.5315,0.2913,39.5819,0.6309,0.0179
9022,45.1643,0.3405,67.7,84.22,64.12,11.615,1.7276,13.3427,0.2608,51.1515,0.6694,0.0141
9023,39.3481,0.3708,63.75,8.38,70.11,10.3239,1.8897,12.2136,0.2878,42.4335,0.6353,0.0175
9024,36.1754,0.475,41.71,68.41,59.96,10.1528,2.503,12.6559,0.3742,33.8213,0.5257,0.1058
9025,20.6526,0.4801,62.67,45.53,7.6,5.7414,2.2396,7.9809,0.3644,21.9021,0.5383,0.205
9026,20.9737,0.5192,45.74,32.66,68.08,5.8163,2.5706,8.387,0.4134,20.2869,0.4759,0.1955
9027,27.8238,0.671,85.65,83.61,88.0,6.9916,3.3545,10.3461,0.5306,19.4999,0.3278,0.1476
9028,20.719,0.5904,26.18,69.46,56.22,5.6039,2.9232,8.5271,0.4559,18.7028,0.4223,0.1841
9029,37.356,0.557,14.25,43.55,11.18,10.5282,2.8583,13.3865,0.4365,30.666,0.4469,0.1075
9030,31.8237,0.5113,81.67,41.28,16.48,8.9939,2.5624,11.5563,0.3983,29.0171,0.4956,0.1385
9031,29.6859,0.3915,73.34,71.55,77.8,8.0047,2.0445,10.0491,0.3029,33.1807,0.6161,0.0174
9032,37.9594,0.6162,22.47,11.04,67.61,10.0452,3.0654,13.1106,0.4861,26.9691,0.3839,0.0965
9033,36.851,0.3517,68.21,69.58,7.94,9.489,1.8909,11.3799,0.2638,43.135,0.6657,0.0167
9034,33.4856,0.6733,80.72,11.3,0.4,8.4203,3.2486,11.6689,0.5317,21.9454,0.3262,0.1288
9035,22.8697,0.6527,75.96,85.28,31.26,5.8789,3.1827,9.0615,0.5203,17.4161,0.3409,0.1686
9036,40.6576,0.6956,22.2,34.05,7.37,9.895,3.4197,13.3147,0.555,23.9906,0.2969,0.1107
9037,16.3891,0.3016,76.93,73.59,58.67,3.4376,1.2664,4.704,0.1977,23.7968,0.7496,0.0195
9038,20.8202,0.4437,59.98,33.7,79.62,5.7006,2.2446,7.9452,0.3448,23.0443,0.563,0.0192
9039,41.2636,0.4191,12.52,89.58,53.07,11.3642,2.263,13.6272,0.3238,42.0903,0.5898,0.1002
9040,26.3884,0.6751,67.73,3.61,14.33,6.3327,3.4272,9.7599,0.5584,17.4791,0.2929,0.1628
9041,25.2508,0.3658,74.25,56.59,20.65,6.5857,1.7885,8.3742,0.2793,29.9798,0.646,0.0172
9042,29.6023,0.5948,7.09,38.46,56.53,8.1847,2.9777,11.1624,0.4506,24.7745,0.429,0.1454
9043,37.4893,0.3795,58.18,72.58,66.31,9.9794,1.8863,11.8657,0.2913,40.7332,0.6309,0.0148
9044,41.4253,0.3873,37.23,66.89,40.6,11.1583,2.0706,13.2289,0.3003,44.0562,0.6194,0.015
9045,22.3887,0.6937,37.19,42.82,68.59,5.4212,3.4607,8.8819,0.548,16.2078,0.3057,0.177
9046,34.9886,0.5416,60.33,80.16,22.81,9.8259,2.7699,12.5959,0.4248,29.6543,0.4618,0.1078
9047,16.3145,0.4572,49.58,35.6,89.67,4.6404,2.261,6.9014,0.3477,19.8466,0.5591,0.0232
9048,20.5089,0.6177,64.97,37.35,73.34,5.5694,2.9745,8.5439,0.4852,17.6076,0.3852,0.2086
9049,27.2733,0.5684,58.38,33.98,31.51,7.6063,2.7278,10.3341,0.4373,23.6307,0.4459,0.1378
9050,47.0469,0.3806,80.72,78.96,7.19,12.4143,1.905,14.3194,0.2825,50.6939,0.642,0.0157
9051,33.303,0.5817,41.96,23.62,44.71,9.1179,2.9119,12.0298,0.4567,26.3413,0.4214,0.1308
9052,20.6925,0.5153,80.65,71.47,76.68,5.7657,2.5379,8.3036,0.3999,20.7638,0.4931,0.1829
9053,46.0486,0.3767,82.41,6.25,26.76,12.1135,1.9655,14.0791,0.292,48.2136,0.6299,0.0166
9054,45.8806,0.6773,2.24,16.64,10.3,11.9895,3.4895,15.479,0.5183,29.8622,0.3434,0.0975
9055,35.3205,0.4307,23.33,52.41,63.66,9.7723,2.2984,12.0708,0.3341,36.1282,0.5767,0.1139
9056,15.9262,0.3871,42.35,74.84,85.48,4.1716,1.7382,5.9098,0.2829,20.8922,0.6415,0.0212
9057,41.0996,0.3315,14.8,39.83,2.44,10.1243,1.4994,11.6237,0.2335,49.7856,0.7041,0.0196
9058,45.4165,0.6481,20.89,70.94,5.26,11.7472,3.2317,14.9789,0.5202,28.7926,0.3407,0.0869
9059,30.6164,0.6383,36.74,59.8,68.27,8.1074,3.2156,11.323,0.5029,22.5166,0.3624,0.1368
9060,22.7398,0.4493,58.46,25.98,2.98,6.2819,2.2742,8.556,0.3364,25.4324,0.5737,0.2061
9061,36.8194,0.3239,73.78,9.76,64.54,9.2497,1.7418,10.9915,0.2554,43.0413,0.6763,0.0185
9062,46.9598,0.384,80.22,31.5,38.51,12.6053,2.088,14.6933,0.3023,48.5997,0.6169,0.0149
9063,28.941,0.3108,26.18,79.73,49.52,7.0313,1.5319,8.5632,0.2315,36.992,0.7065,0.0158
9064,39.8603,0.6557,76.31,37.07,35.17,10.3508,3.2761,13.6269,0.5153,26.4449,0.3469,0.0996
9065,25.124,0.3409,22.4,52.6,54.66,6.5238,1.7,8.2238,0.2674,30.7517,0.6612,0.0203
9066,35.4728,0.5467,12.06,9.99,34.66,9.9134,2.7565,12.6699,0.4251,29.802,0.4612,0.1161
9067,41.3869,0.5324,28.82,17.64,44.02,11.566,2.7853,14.3513,0.4166,34.4445,0.4721,0.0966
9068,27.4354,0.4021,82.83,33.47,80.57,7.4877,1.9449,9.4326,0.3185,29.612,0.5963,0.0178
9069,32.9636,0.4531,8.3,63.08,76.62,9.2328,2.2421,11.475,0.3539,32.4256,0.5516,0.1362
9070,35.8407,0.6306,48.38,63.43,37.99,9.5648,3.1696,12.7344,0.4921,25.8775,0.3764,0.1112
9071,18.5775,0.5515,41.91,0.65,72.9,5.1062,2.625,7.7313,0.4423,17.4801,0.4396,0.2093
9072,44.9594,0.6422,50.6,80.68,17.38,11.8104,3.1344,14.9449,0.5048,29.6071,0.3605,0.0913
9073,42.6408,0.507,3.05,40.24,52.3,11.9281,2.6211,14.5492,0.3896,37.3477,0.5063,0.1065
9074,32.5604,0.5679,0.1,1.77,31.25,9.0998,2.8772,11.977,0.4544,26.3582,0.4241,0.1332
9075,46.5951,0.5378,48.67,86.09,39.3,13.1167,2.7705,15.8872,0.4194,37.8839,0.4685,0.0843
9076,16.8381,0.3233,36.68,60.7,52.25,4.1555,1.539,5.6945,0.2424,23.496,0.6929,0.0178
9077,26.8944,0.4993,64.45,7.21,50.7,7.5088,2.4609,9.9697,0.3842,25.9474,0.513,0.1524
9078,40.1469,0.472,72.64,46.04,83.89,11.2639,2.4238,13.6877,0.3699,37.0076,0.5312,0.0964
9079,44.3944,0.6495,81.52,12.37,42.9,11.4964,3.3541,14.8505,0.5121,28.9968,0.3513,0.0899
9080,34.4483,0.5125,86.13,39.89,48.73,9.6012,2.5955,12.1968,0.4004,30.4653,0.4926,0.1279
9081,17.1216,0.6921,58.09,53.01,80.57,4.2763,3.2913,7.5676,0.5381,14.0623,0.3181,0.2171
9082,31.8808,0.4359,17.34,64.57,80.37,8.83,2.1838,11.0138,0.3367,32.7069,0.5732,0.1393
9083,31.702,0.4197,16.71,23.36,23.51,8.6788,2.1234,10.8022,0.3224,33.5026,0.5916,0.0175
9084,28.5786,0.3035,5.09,54.14,45.56,7.2734,1.5216,8.795,0.2505,35.1067,0.6824,0.0239
9085,31.2241,0.4705,2.97,70.59,23.54,8.7342,2.5171,11.2513,0.3678,30.5924,0.534,0.1529
9086,46.1923,0.522,30.3,21.03,28.37,12.9728,2.7443,15.7171,0.4101,38.3257,0.4805,0.0948
9087,16.101,0.4085,32.31,38.76,4.71,4.2447,1.9103,6.1551,0.2833,21.7299,0.6412,0.0201
9088,37.6997,0.311,77.86,85.14,53.71,9.1125,1.5629,10.6754,0.2348,45.4613,0.7023,0.0147
9089,43.5195,0.6719,51.73,30.78,3.21,11.0213,3.5508,14.572,0.5338,27.2988,0.3237,0.0918
9090,19.8235,0.428,36.75,14.29,28.95,5.4423,2.0612,7.5034,0.3337,22.4824,0.5768,0.0192
9091,15.8432,0.444,71.5,66.0,43.1,4.2721,2.061,6.3331,0.3277,19.3245,0.5846,0.0247
9092,45.2237,0.506,76.3,34.29,71.43,12.6852,2.5774,15.2626,0.3979,38.3608,0.4958,0.0882
9093,39.271,0.6229,26.83,17.05,77.11,10.3405,3.031,13.3715,0.4926,27.1444,0.376,0.1021
9094,37.4197,0.4833,71.41,56.16,74.31,10.5604,2.5156,13.076,0.3806,34.3606,0.5178,0.1158
9095,29.7783,0.3291,42.61,3.18,45.74,7.3309,1.6173,8.9483,0.2374,37.6963,0.6992,0.0152
9096,20.8142,0.6675,6.1,55.45,17.36,5.3777,3.3395,8.7172,0.5077,17.1692,0.3565,0.2351
9097,35.9513,0.6939,23.08,3.91,78.12,8.5652,3.5137,12.0789,0.5638,21.4232,0.2858,0.1023
9098,17.3617,0.4307,46.48,40.37,71.51,4.8003,2.1682,6.9684,0.3318,21.0041,0.5796,0.0216
9099,28.2325,0.4121,38.42,9.65,26.85,7.764,2.057,9.821,0.3189,30.796,0.5955,0.0193
9100,36.0772,0.3707,13.17,83.45,81.71,9.6343,1.9735,11.6078,0.2915,39.8156,0.6305,0.0181
9101,40.873,0.6343,85.38,1.55,87.28,10.5873,3.369,13.9563,0.5164,27.0245,0.3457,0.0929
9102,42.4203,0.5777,67.71,26.51,61.11,11.7645,3.0132,14.7776,0.4519,32.7,0.4274,0.0926
9103,25.989,0.4196,3.93,25.45,41.71,7.1482,1.9065,9.0546,0.3369,26.8733,0.5728,0.0199
9104,45.3723,0.4699,12.15,17.64,35.31,12.6912,2.5045,15.1957,0.368,41.2882,0.5338,0.093
9105,24.9602,0.4631,50.66,74.09,29.33,6.9185,2.2913,9.2097,0.3564,25.8439,0.5482,0.1625
9106,39.6912,0.6967,35.27,3.54,11.57,9.2282,3.5629,12.791,0.5774,22.1519,0.2683,0.1018
9107,29.4073,0.614,4.75,58.43,83.48,7.9868,2.9891,10.9759,0.4619,23.7613,0.4147,0.1408
9108,34.9026,0.5037,51.2,70.91,44.07,9.8112,2.5932,12.4044,0.3911,31.715,0.5046,0.1158
9109,36.7498,0.4592,84.02,0.13,82.14,10.287,2.3299,12.6169,0.3556,35.4831,0.5497,0.1172
9110,31.9676,0.432,8.19,83.73,13.82,8.7922,2.2132,11.0054,0.339,32.4686,0.5705,0.1328
9111,21.1919,0.3868,86.74,19.22,49.31,5.7998,1.8407,7.6405,0.299,25.5526,0.6209,0.0186
9112,26.5315,0.3409,69.81,28.42,85.21,6.8802,1.5701,8.4503,0.2654,31.8402,0.6638,0.0159
9113,25.3077,0.3141,75.86,83.05,44.27,6.1482,1.5734,7.7217,0.2388,32.3323,0.6973,0.0158
9114,38.8152,0.4622,44.67,59.24,65.24,10.9406,2.2319,13.1725,0.3603,36.5637,0.5436,0.1063
9115,36.174,0.5508,52.23,46.03,64.2,10.0713,2.7802,12.8515,0.4337,29.6299,0.4501,0.1193
9116,30.9775,0.466,2.51,54.4,85.26,8.5723,2.4484,11.0208,0.3601,30.6055,0.5438,0.1286
9117,16.6787,0.605,41.03,89.43,77.38,4.6178,2.7717,7.3895,0.4599,16.0679,0.4173,0.2143
9118,27.9861,0.4565,16.68,60.43,74.94,7.828,2.1826,10.0106,0.3509,28.5324,0.5555,0.1544
9119,45.0159,0.5103,71.82,30.6,44.99,12.6689,2.6221,15.291,0.3989,38.3339,0.4945,0.0854
9120,17.1526,0.6141,10.58,52.04,60.95,4.7291,3.0102,7.7393,0.4487,17.2469,0.4312,0.2289
9121,34.9568,0.6198,72.17,38.46,19.81,9.3841,3.106,12.4901,0.4899,25.4963,0.3793,0.1092
9122,31.6869,0.3801,63.22,3.73,54.62,8.4698,1.8205,10.2903,0.2895,35.544,0.6334,0.0207
9123,42.3609,0.3932,86.52,11.63,46.87,11.3406,2.092,13.4326,0.304,44.1847,0.6147,0.0178
9124,36.6827,0.4968,45.1,62.74,8.24,10.3133,2.6245,12.9378,0.3861,33.5117,0.511,0.1104
9125,45.9771,0.6718,65.81,26.82,32.65,11.7127,3.4484,15.1612,0.5262,28.8151,0.3333,0.0861
9126,22.5692,0.66,12.19,20.06,59.45,5.8347,3.2981,9.1329,0.5121,17.8347,0.3511,0.1889
9127,25.9893,0.3043,53.15,63.72,46.66,6.4277,1.4881,7.9158,0.2386,33.172,0.6975,0.0172
9128,36.6903,0.6238,10.29,85.71,86.79,9.7161,3.1958,12.9118,0.4901,26.343,0.3791,0.0997
9129,36.3365,0.3391,14.89,28.8,74.35,9.2993,1.8472,11.1466,0.2625,42.4591,0.6673,0.0163
9130,36.9197,0.5655,10.57,80.38,23.54,10.2807,2.8685,13.1492,0.4442,29.6014,0.4371,0.1066
9131,28.1524,0.6398,50.88,58.42,82.05,7.2591,3.1967,10.4558,0.5099,20.5048,0.3538,0.1465
9132,15.8328,0.6522,19.26,4.26,7.17,4.0473,3.4234,7.4707,0.5177,14.4318,0.3442,0.2882
9133,29.3302,0.3623,8.09,74.37,54.3,7.6845,1.808,9.4924,0.2818,33.6848,0.6428,0.0173
9134,35.9814,0.3777,29.29,19.49,77.07,9.5586,2.043,11.6015,0.29,40.001,0.6325,0.0171
9135,43.97,0.5856,20.22,27.84,64.62,12.0649,3.0423,15.1072,0.4618,32.715,0.4148,0.0921
9136,40.2263,0.6214,40.07,69.57,61.35,10.7539,3.0708,13.8248,0.4892,28.2618,0.3803,0.1029
9137,36.5234,0.3647,29.73,25.91,30.22,9.6154,1.9453,11.5607,0.2835,40.7806,0.6408,0.0156
9138,20.2284,0.3588,46.74,58.25,43.55,5.124,1.757,6.8809,0.2718,25.3123,0.6555,0.0157
9139,24.1003,0.472,10.61,38.96,73.81,6.7654,2.303,9.0684,0.372,24.3799,0.5286,0.1823
9140,39.9067,0.4044,85.14,22.74,12.08,10.8867,1.939,12.8257,0.3123,41.0625,0.6041,0.0165
9141,45.2978,0.6156,71.76,38.94,43.34,12.239,3.1589,15.3979,0.4834,31.8565,0.3876,0.0879
9142,18.4858,0.6934,41.79,89.72,71.39,4.5632,3.4696,8.0328,0.5405,14.8617,0.3153,0.1976
9143,17.7416,0.5204,32.28,13.34,22.61,4.9013,2.4994,7.4007,0.4108,18.0135,0.4794,0.2432
9144,32.1161,0.6554,62.6,16.6,26.72,8.3181,3.2706,11.5888,0.5155,22.4818,0.3467,0.1224
9145,45.8189,0.4454,20.19,39.84,1.65,12.915,2.1918,15.1068,0.3424,44.1195,0.5661,0.1076
9146,42.8571,0.565,74.45,46.34,2.03,11.8405,3.2043,15.0448,0.4461,33.722,0.4348,0.094
9147,32.0683,0.401,53.94,17.84,74.98,8.6984,2.0315,10.7299,0.3122,34.3713,0.6044,0.016
9148,22.4955,0.4615,26.34,39.28,12.15,6.2675,2.2873,8.5547,0.347,24.6532,0.5605,0.1968
9149,36.3428,0.5748,46.83,17.14,53.37,9.9808,2.937,12.9178,0.454,28.4505,0.4248,0.1092
9150,27.4208,0.5708,67.97,66.62,40.28,7.6046,2.7413,10.346,0.4407,23.4746,0.4415,0.1397
9151,22.0734,0.3816,44.05,81.73,84.36,5.7751,1.9986,7.7737,0.288,26.9937,0.635,0.0154
9152,41.7083,0.5366,6.55,15.92,9.51,11.8036,2.8472,14.6508,0.4186,34.9984,0.4695,0.1141
9153,16.1308,0.574,56.42,76.42,89.64,4.5347,2.762,7.2967,0.4489,16.2559,0.4311,0.241
9154,20.7238,0.602,48.69,13.71,74.97,5.7489,2.8792,8.6281,0.4681,18.4313,0.4066,0.1897
9155,37.1102,0.3084,13.25,49.61,53.65,9.1082,1.5884,10.6966,0.2353,45.4578,0.7016,0.018
9156,37.47,0.3554,3.48,30.59,23.56,10.1388,1.7864,11.9251,0.2958,40.3168,0.625,0.0223
9157,44.2675,0.4603,1.57,62.81,8.33,12.4159,2.5496,14.9655,0.3593,41.6555,0.5446,0.1022
9158,34.6501,0.4414,6.59,34.25,53.12,9.6369,2.3478,11.9847,0.3463,34.6069,0.5613,0.1101
9159,26.3885,0.6277,33.62,10.79,23.44,6.9457,3.0739,10.0196,0.5014,19.9815,0.3645,0.1598
9160,41.6683,0.5625,23.88,11.39,53.25,11.48,2.8783,14.3583,0.4413,32.5329,0.4406,0.0865
9161,34.564,0.5137,66.97,10.71,74.36,9.6396,2.497,12.1366,0.399,30.4156,0.4944,0.1017
9162,42.4687,0.5951,54.48,23.59,1.73,11.6669,3.2039,14.8709,0.4676,31.8011,0.4074,0.1059
9163,35.0588,0.523,9.33,39.44,49.87,9.8739,2.7068,12.5807,0.4065,30.9464,0.4847,0.1208
9164,34.3637,0.5919,32.29,25.37,60.52,9.3468,3.0345,12.3814,0.4695,26.3701,0.405,0.1148
9165,24.4855,0.3874,39.77,41.22,46.75,6.612,1.9648,8.5768,0.298,28.7853,0.6226,0.0169
9166,37.8946,0.6004,37.5,73.88,51.81,10.3273,3.0287,13.356,0.4732,28.2268,0.4004,0.1038
9167,20.3563,0.4345,56.13,83.95,16.1,5.6291,2.0267,7.6558,0.3307,23.1534,0.5809,0.0218
9168,23.866,0.3543,68.96,70.31,32.49,6.0766,1.715,7.7916,0.2691,28.95,0.6589,0.0158
9169,33.0925,0.4806,47.47,12.87,26.82,9.2819,2.4029,11.6847,0.3725,31.3658,0.528,0.1191
9170,28.9339,0.6659,47.53,41.44,49.21,7.4805,3.239,10.7195,0.5222,20.5284,0.3384,0.1312
9171,39.3489,0.5318,83.4,22.27,30.92,11.0014,2.67,13.6714,0.4179,32.711,0.4705,0.1082
9172,21.9798,0.6408,85.34,52.21,84.45,5.7393,3.2967,9.036,0.5113,17.6714,0.352,0.1811
9173,22.3676,0.6501,47.64,71.66,7.93,5.8702,3.1954,9.0656,0.5035,18.0056,0.3618,0.1726
9174,37.525,0.4755,72.19,69.15,67.5,10.5453,2.4562,13.0015,0.3694,35.1943,0.5319,0.1122
9175,19.6902,0.3768,80.97,5.82,62.21,5.1561,1.6679,6.824,0.281,24.2846,0.6438,0.0166
9176,25.7575,0.4963,51.07,12.95,51.12,7.0786,2.409,9.4875,0.389,24.3882,0.5068,0.1513
9177,17.4193,0.3775,26.74,25.64,51.72,4.621,1.8412,6.4622,0.2901,22.2785,0.6322,0.0196
9178,42.8116,0.3827,7.52,43.27,9.45,11.4787,2.0373,13.516,0.2912,46.4131,0.6309,0.0165
9179,19.3075,0.3856,68.57,63.3,10.62,5.0127,1.871,6.8837,0.2866,24.0196,0.6367,0.0159
9180,46.6191,0.3336,45.94,29.71,75.74,11.8961,1.6923,13.5884,0.258,52.6596,0.673,0.0154
9181,37.0308,0.3819,42.06,62.87,33.16,9.9682,2.0145,11.9827,0.2969,40.3615,0.6238,0.0154
9182,35.1889,0.6606,21.54,65.03,63.43,8.9619,3.3576,12.3195,0.5264,23.402,0.3329,0.1161
9183,35.1721,0.3959,86.98,0.18,68.11,9.4882,1.9354,11.4236,0.2948,38.7466,0.6265,0.0153
9184,43.1613,0.4508,59.31,43.9,44.94,12.1167,2.3452,14.462,0.3511,41.1848,0.5552,0.0978
9185,19.8634,0.6908,82.07,17.73,1.59,4.8918,3.3155,8.2072,0.5458,15.038,0.3084,0.1875
9186,25.9733,0.6776,36.16,64.87,25.58,6.398,3.3293,9.7273,0.5443,17.8714,0.3103,0.1487
9187,35.9859,0.4099,13.99,65.19,60.61,9.8498,2.1699,12.0197,0.3166,37.9612,0.5988,0.0171
9188,29.4785,0.3031,36.18,86.67,85.22,7.1328,1.548,8.6808,0.2275,38.1494,0.7116,0.0152
9189,19.0903,0.4032,1.86,12.21,26.21,5.1746,2.2043,7.3789,0.3094,23.8507,0.6079,0.0236
9190,32.2646,0.3712,73.15,75.05,23.38,8.4371,1.8208,10.2579,0.2858,35.8895,0.6378,0.0161
9191,40.9517,0.3661,83.83,41.41,48.23,10.8731,1.9628,12.8359,0.284,45.2029,0.6402,0.0146
9192,20.6924,0.5969,68.44,86.87,67.97,5.5519,2.8974,8.4493,0.4763,17.7402,0.3965,0.1872
9193,23.4913,0.6903,70.74,32.14,64.73,5.8113,3.3291,9.1404,0.5429,16.8362,0.3124,0.1606
9194,41.3025,0.4509,54.05,56.84,11.4,11.5824,2.3863,13.9687,0.3478,40.1656,0.5593,0.0943
9195,32.1124,0.4894,51.3,53.8,73.85,9.0392,2.4856,11.5248,0.3878,29.7218,0.5087,0.1279
9196,23.754,0.3031,71.86,19.27,33.41,5.6648,1.5334,7.1982,0.2302,31.2755,0.7081,0.0219
9197,17.1775,0.6662,19.91,36.23,78.4,4.3767,3.1331,7.5098,0.5253,14.2952,0.3344,0.2234
9198,24.4609,0.5703,18.19,79.43,52.05,6.6814,2.8808,9.5622,0.4419,21.6387,0.4399,0.1668
9199,30.7097,0.5279,64.09,32.21,10.99,8.6242,2.8039,11.4282,0.4122,27.7223,0.4776,0.127
9200,35.4409,0.6306,46.99,24.01,26.65,9.505,3.188,12.693,0.4951,25.6366,0.3726,0.112
9201,41.2219,0.475,40.98,20.44,88.54,11.4833,2.398,13.8814,0.3723,37.2837,0.5283,0.1001
9202,18.1492,0.4084,62.32,83.26,46.58,4.8714,2.0851,6.9565,0.3112,22.3549,0.6054,0.0168
9203,30.1631,0.6727,46.14,43.51,73.76,7.5134,3.3358,10.8492,0.5331,20.3507,0.3246,0.1454
9204,16.2983,0.5263,80.16,64.21,26.56,4.6368,2.3052,6.942,0.3724,18.6427,0.5283,0.2473
9205,30.5663,0.4468,63.25,75.43,33.96,8.4484,2.2285,10.6769,0.3441,31.0261,0.564,0.1354
9206,32.938,0.5416,74.17,18.34,76.41,9.1418,2.7353,11.8772,0.4284,27.7258,0.4572,0.1257
9207,40.6316,0.536,4.13,70.42,23.07,11.4265,2.7173,14.1438,0.4145,34.1201,0.4746,0.1182
9208,20.5202,0.4037,0.44,6.0,1.43,5.6308,1.9244,7.5551,0.2864,26.3811,0.6371,0.0232
9209,21.0363,0.5642,2.92,74.62,81.6,5.7721,3.0526,8.8246,0.4358,20.2497,0.4478,0.2083
9210,19.018,0.3811,62.98,83.51,37.78,5.0323,1.9449,6.9773,0.2863,24.3673,0.637,0.0155
9211,44.5134,0.5435,89.21,85.05,60.93,12.5217,2.7673,15.289,0.4264,35.8601,0.4598,0.0972
9212,18.1654,0.4717,3.15,8.17,42.49,5.0517,2.4787,7.5304,0.354,21.2706,0.5513,0.2229
9213,46.2265,0.5489,1.29,7.46,58.36,13.0224,2.8799,15.9022,0.4273,37.2183,0.4585,0.0846
9214,42.2688,0.632,7.2,56.96,81.72,11.2253,3.2489,14.4742,0.4965,29.1526,0.3709,0.091
9215,28.6334,0.3584,86.84,62.33,48.04,7.4759,1.9272,9.4031,0.2786,33.7557,0.647,0.016
9216,18.3664,0.4166,64.83,53.92,11.51,5.0414,2.1946,7.236,0.3157,22.9201,0.5999,0.019
9217,17.4526,0.4369,87.32,19.14,65.76,4.7426,2.2333,6.9759,0.338,20.6405,0.5717,0.0194
9218,26.7181,0.4998,55.21,83.92,10.93,7.4308,2.3469,9.7777,0.3906,25.0307,0.5051,0.1516
9219,34.9701,0.3286,41.95,69.44,32.9,8.7489,1.7497,10.4986,0.25,41.9861,0.6831,0.0156
9220,31.832,0.6375,24.55,72.09,43.45,8.2995,3.1502,11.4497,0.5064,22.6089,0.3582,0.1218
9221,19.6189,0.4183,7.5,11.13,14.77,5.2448,2.3116,7.5564,0.3309,22.8349,0.5805,0.0239
9222,33.0746,0.6732,88.68,64.91,14.57,8.311,3.3043,11.6153,0.533,21.7906,0.3245,0.1128
9223,46.0054,0.3043,33.16,42.95,42.27,11.3291,1.6673,12.9964,0.2337,55.6194,0.7039,0.0146
9224,20.674,0.353,4.8,39.04,65.48,5.4797,2.0445,7.5242,0.2911,25.8477,0.631,0.0233
9225,38.6237,0.3641,1.66,62.29,30.76,10.3827,1.8169,12.1996,0.2929,41.6464,0.6284,0.021
9226,36.7086,0.6225,84.07,12.6,66.65,9.7602,3.1378,12.898,0.4911,26.2656,0.3778,0.0999
9227,19.312,0.6486,68.5,24.51,14.38,4.9201,3.1859,8.106,0.5185,15.6337,0.3431,0.1972
9228,38.6589,0.4089,76.08,29.13,50.07,10.5561,2.0419,12.5981,0.322,39.1227,0.5918,0.0155
9229,20.8194,0.6618,18.01,83.42,40.89,5.2467,3.2047,8.4514,0.5188,16.2888,0.3429,0.1839
9230,36.2379,0.3356,8.82,35.08,43.29,9.4147,1.7983,11.213,0.2675,41.9172,0.6607,0.0169
9231,38.5459,0.4145,44.6,54.54,5.16,10.7117,1.9731,12.6849,0.3194,39.712,0.5951,0.0159
9232,16.8561,0.4841,4.32,1.26,83.82,4.4379,2.1334,6.5713,0.3581,18.3521,0.5442,0.2398
9233,38.5511,0.6489,22.29,18.8,26.64,9.8657,3.1474,13.0131,0.5233,24.8696,0.337,0.1054
9234,16.8081,0.3772,89.77,32.36,72.45,4.3662,1.759,6.1252,0.29,21.1194,0.6323,0.0176
9235,26.4997,0.5276,73.8,34.75,55.74,7.4255,2.5722,9.9978,0.4194,23.8366,0.4685,0.1628
9236,31.1069,0.6917,35.2,66.59,76.43,7.5592,3.5411,11.1003,0.5528,20.08,0.2994,0.1214
9237,40.1261,0.6375,1.08,67.36,46.44,10.808,3.0444,13.8525,0.4906,28.2331,0.3783,0.0959
9238,20.2193,0.435,25.03,58.03,10.09,5.5268,2.015,7.5418,0.3286,22.9501,0.5834,0.02
9239,40.3656,0.5955,53.48,68.52,35.05,11.0568,3.0183,14.0751,0.4665,30.1738,0.409,0.1039
9240,16.4348,0.5269,25.35,17.3,34.65,4.6756,2.5114,7.1869,0.4071,17.655,0.484,0.2307
9241,46.3074,0.4372,19.41,39.92,27.73,12.8656,2.3447,15.2103,0.3389,44.879,0.5705,0.0921
9242,29.6792,0.3688,49.91,34.74,73.96,7.8527,1.9523,9.805,0.288,34.0498,0.6349,0.0157
9243,34.9918,0.4565,2.45,47.98,55.33,9.8218,2.5224,12.3443,0.3656,33.7688,0.5367,0.1182
9244,34.5292,0.5014,33.95,52.33,42.84,9.6848,2.5063,12.191,0.3937,30.9689,0.5013,0.1215
9245,44.6395,0.6066,45.61,89.17,11.24,12.1425,3.0302,15.1728,0.4776,31.7698,0.3949,0.0862
9246,25.5122,0.6982,43.04,62.57,39.98,6.2917,3.4151,9.7068,0.549,17.6797,0.3044,0.1598
9247,34.8774,0.5046,13.23,13.13,45.78,9.856,2.6339,12.49,0.3993,31.2823,0.4942,0.1173
9248,17.7694,0.685,88.24,24.36,36.47,4.4615,3.3106,7.7721,0.5275,14.7343,0.3316,0.2224
9249,24.9946,0.5424,32.97,51.66,51.52,6.8877,2.6697,9.5573,0.4334,22.0543,0.4508,0.1729
9250,24.5804,0.3623,29.35,54.94,13.53,6.4618,1.8259,8.2876,0.2761,30.0176,0.6499,0.0173
9251,46.6534,0.6341,21.0,51.48,13.06,12.3466,3.265,15.6116,0.5075,30.7601,0.3567,0.0906
9252,29.0258,0.6229,0.53,45.4,80.25,7.8321,2.9464,10.7785,0.4835,22.2904,0.3872,0.14
9253,37.6201,0.5835,75.53,48.9,36.3,10.3402,2.9733,13.3136,0.4567,29.1502,0.4213,0.0944
9254,37.5355,0.379,79.21,0.83,62.89,9.8784,1.9203,11.7986,0.2794,42.2229,0.6458,0.015
9255,31.7911,0.6011,33.09,39.18,13.08,8.7159,3.0012,11.7171,0.4717,24.8403,0.4023,0.1322
9256,16.3668,0.4548,78.12,74.23,60.1,4.4706,2.0756,6.5462,0.3108,21.0618,0.606,0.0227
9257,31.5064,0.4431,3.98,0.13,37.46,8.6388,2.3295,10.9684,0.3487,31.4571,0.5581,0.1301
9258,41.6157,0.4925,20.47,5.47,66.62,11.6772,2.5506,14.2278,0.3843,37.0209,0.513,0.0942
9259,45.6996,0.5584,53.47,22.59,39.94,12.7178,2.916,15.6338,0.4382,35.6814,0.4447,0.0872
9260,16.8501,0.313,8.77,48.93,82.66,4.27,1.4928,5.7627,0.2516,22.9046,0.6806,0.0189
9261,18.4128,0.3879,9.51,3.79,51.52,4.7934,2.043,6.8364,0.3013,22.6912,0.6183,0.0217
9262,37.9636,0.6692,14.55,53.0,67.79,nan,nan,nan,nan,nan,nan,nan
9263,35.0396,0.3467,2.31,80.96,71.0,9.2145,1.9491,11.1636,0.285,39.1709,0.6387,0.0196
9264,45.1692,0.3613,69.57,73.52,61.03,11.8475,1.8554,13.7029,0.276,49.6469,0.6501,0.0146
9265,44.2881,0.5568,18.86,65.07,46.1,12.3295,2.8724,15.2019,0.4417,34.4201,0.4405,0.0938
9266,23.4331,0.5965,14.5,60.52,52.95,6.3415,3.032,9.3736,0.4747,19.7448,0.3985,0.1717
9267,31.7216,0.3616,66.09,65.67,12.1,8.2681,1.7565,10.0246,0.2751,36.4413,0.6514,0.0151
9268,21.8663,0.4269,51.06,15.97,32.88,6.0347,2.0104,8.045,0.3276,24.5567,0.5848,0.0182
9269,31.379,0.5767,61.38,57.02,84.39,8.6636,2.9118,11.5754,0.455,25.4404,0.4235,0.1279
9270,38.1503,0.6077,22.9,54.99,27.05,10.3358,3.0185,13.3542,0.485,27.5344,0.3855,0.1055
9271,41.2024,0.6429,26.54,65.16,81.36,10.8264,3.2863,14.1127,0.513,27.5116,0.3501,0.1039
9272,20.3278,0.6648,12.54,44.54,13.76,5.2791,3.2588,8.5379,0.5208,16.3948,0.3404,0.206
9273,38.5903,0.6187,25.37,36.47,54.47,10.338,3.0541,13.3921,0.4907,27.2899,0.3781,0.1047
9274,40.6783,0.5592,89.23,84.27,57.37,11.3604,2.8925,14.2529,0.4408,32.3375,0.4415,0.1
9275,16.0447,0.5713,10.26,12.14,64.11,4.3567,2.6728,7.0296,0.4217,16.6704,0.4644,0.2153
9276,23.0494,0.6536,55.04,3.37,54.82,5.9652,3.2212,9.1864,0.5222,17.5912,0.3384,0.1817
9277,40.2769,0.6461,86.4,24.33,5.56,10.5594,3.1542,13.7136,0.5058,27.112,0.359,0.0967
9278,42.5374,0.3872,23.4,32.99,67.93,11.5089,2.1193,13.6282,0.3028,45.0039,0.6163,0.0152
9279,42.5344,0.517,35.17,84.36,89.62,11.9148,2.6417,14.5565,0.4028,36.1349,0.4895,0.0962
9280,43.4794,0.3403,60.12,24.35,84.42,11.2154,1.8884,13.1038,0.2677,48.951,0.6608,0.014
9281,41.0659,0.5792,38.01,2.0,29.05,11.1822,2.9277,14.1099,0.4633,30.4568,0.4131,0.1056
9282,17.2314,0.5806,16.86,28.18,44.73,4.6616,2.8649,7.5265,0.4541,16.5734,0.4243,0.2687
9283,18.8742,0.3871,52.96,29.27,2.52,4.9934,1.9444,6.9378,0.294,23.6005,0.6275,0.0177
9284,30.327,0.6127,21.4,17.99,79.23,8.0247,3.0253,11.05,0.488,22.6444,0.3817,0.1326
9285,34.3218,0.4724,51.85,28.36,18.66,9.7322,2.4784,12.2106,0.3688,33.1085,0.5326,0.1284
9286,29.2915,0.5251,73.19,55.6,27.96,8.2718,2.7123,10.9842,0.407,26.9861,0.4843,0.127
9287,38.4783,0.6115,14.11,30.07,12.21,10.3348,3.0601,13.3949,0.4898,27.3451,0.3792,0.1127
9288,33.2377,0.6622,63.45,13.08,47.7,8.5676,3.2546,11.8222,0.5156,22.931,0.3467,0.1221
9289,40.6748,0.6846,65.09,65.78,81.79,10.2205,3.4302,13.6507,0.5383,25.3605,0.3181,0.0997
9290,43.1977,0.4495,16.84,13.77,50.03,12.0145,2.3599,14.3744,0.3477,41.3419,0.5594,0.1039
9291,29.7657,0.5571,85.17,87.57,23.66,8.262,2.9054,11.1674,0.4355,25.6437,0.4482,0.1276
9292,16.9128,0.3645,52.13,18.68,69.3,4.3629,1.8527,6.2156,0.2689,23.1174,0.6595,0.0181
9293,35.4553,0.3474,2.66,78.88,23.82,9.4919,1.9958,11.4877,0.2875,39.9573,0.6357,0.0206
9294,20.5508,0.4405,18.8,77.03,45.8,5.6036,2.1397,7.7433,0.3438,22.5253,0.5645,0.0199
9295,24.6126,0.5376,20.62,62.0,25.92,6.9091,2.6741,9.5831,0.4245,22.5745,0.462,0.1808
9296,28.3491,0.5997,87.53,60.51,28.32,7.6978,3.0192,10.717,0.4637,23.11,0.4125,0.135
9297,21.2605,0.4332,17.41,6.26,25.82,5.8505,1.8354,7.6859,0.3211,23.934,0.593,0.0202
9298,20.3957,0.6157,89.12,84.15,79.52,5.5354,2.9885,8.5239,0.48,17.7597,0.3917,0.2166
9299,23.4143,0.5797,12.25,38.88,81.18,6.3269,3.0215,9.3484,0.4587,20.381,0.4186,0.1725
9300,24.6792,0.4664,33.91,9.35,61.65,6.7968,2.3403,9.1371,0.3648,25.0467,0.5377,0.1558
9301,17.7901,0.4304,80.69,39.48,52.76,4.991,2.2616,7.2526,0.3256,22.2769,0.5873,0.0197
9302,16.9284,0.6259,85.42,44.3,62.39,4.6842,3.2056,7.8898,0.4679,16.8614,0.4069,0.2328
9303,22.3401,0.6885,12.29,48.94,84.56,5.6164,3.3873,9.0037,0.5326,16.9037,0.325,0.1855
9304,44.4199,0.5836,14.02,25.01,11.76,12.2887,3.0151,15.3039,0.4618,33.1368,0.4149,0.0933
9305,20.6809,0.3702,75.81,31.36,13.85,5.3427,1.6715,7.0142,0.2752,25.4861,0.6511,0.0179
9306,45.7664,0.3313,56.8,66.1,67.72,11.66,1.627,13.287,0.2548,52.1458,0.6772,0.0157
9307,23.5571,0.5943,30.07,5.01,19.62,6.41,3.031,9.4411,0.4797,19.6825,0.3923,0.1757
9308,36.5106,0.4873,25.35,53.97,70.72,10.2755,2.5518,12.8273,0.3831,33.4867,0.5143,0.1109
9309,45.7113,0.5797,0.43,29.41,27.54,12.8062,3.1332,15.9394,0.4555,34.995,0.4229,0.1003
9310,29.8409,0.441,38.77,46.24,41.36,8.3318,2.2182,10.55,0.3413,30.9089,0.5674,0.1329
9311,45.4767,0.6636,12.29,74.5,41.06,11.563,3.3399,14.9029,0.5304,28.0982,0.3279,0.0939
9312,32.9863,0.4284,64.85,23.46,20.68,9.0952,2.2342,11.3294,0.3335,33.9745,0.5773,0.016
9313,20.6765,0.423,62.64,12.27,78.44,5.6429,1.9682,7.6111,0.324,23.492,0.5894,0.0175
9314,27.8164,0.4934,86.44,27.8,43.25,7.7714,2.2698,10.0412,0.3784,26.535,0.5205,0.1379
9315,19.3442,0.6527,72.61,26.25,64.54,5.0895,3.1493,8.2388,0.5074,16.2368,0.3573,0.2004
9316,22.0981,0.5025,32.2,15.68,36.83,6.2691,2.4547,8.7238,0.3949,22.0918,0.4996,0.1625
9317,19.1105,0.3692,54.16,32.85,55.12,5.0885,1.906,6.9945,0.2879,24.2965,0.635,0.017
9318,38.5274,0.5031,50.46,88.51,49.08,10.8496,2.5688,13.4184,0.396,33.8813,0.4983,0.1114
9319,29.6287,0.4278,49.89,58.58,87.24,8.2057,2.1837,10.3894,0.3278,31.6934,0.5846,0.0176
9320,35.2173,0.3551,0.77,42.01,9.33,9.3491,1.8823,11.2313,0.273,41.1374,0.6537,0.0224
9321,39.3858,0.6459,67.08,56.1,1.04,10.3903,3.1878,13.5781,0.5085,26.704,0.3558,0.1098
9322,45.5424,0.5917,69.57,6.99,10.91,12.3893,3.0293,15.4186,0.4706,32.7671,0.4037,0.0892
9323,24.9344,0.6642,3.01,26.73,29.13,6.4784,3.0565,9.5349,0.5191,18.3696,0.3424,0.1658
9324,20.2116,0.6449,71.04,11.49,33.5,5.2094,3.1505,8.3599,0.5108,16.3669,0.3527,0.2161
9325,20.8932,0.517,65.92,84.85,23.49,5.8806,2.4561,8.3367,0.4012,20.7788,0.4915,0.2063
9326,20.1336,0.346,11.47,45.27,85.34,5.2188,1.8983,7.1172,0.2744,25.9374,0.6523,0.0185
9327,37.942,0.352,18.8,51.58,40.92,9.9146,1.8217,11.7363,0.2698,43.4931,0.6581,0.016
9328,23.2042,0.4978,33.59,18.37,51.45,6.5084,2.4827,8.9911,0.3921,22.9317,0.5033,0.1854
9329,29.0706,0.4447,32.61,80.2,23.23,8.0237,2.2118,10.2355,0.337,30.3709,0.5729,0.1373
9330,18.6038,0.4296,69.93,76.64,57.68,5.1124,2.1519,7.2644,0.3148,23.0739,0.6011,0.0191
9331,22.5536,0.6374,73.27,32.39,5.11,6.0663,3.2455,9.3118,0.4994,18.6472,0.3671,0.1854
9332,16.2901,0.5514,55.38,58.91,15.3,4.4792,2.5986,7.0778,0.4167,16.9855,0.4718,0.2675
9333,33.8008,0.308,49.02,58.99,23.99,8.3241,1.6327,9.9569,0.2365,42.1017,0.7002,0.0144
9334,29.8942,0.6907,79.56,71.34,11.69,7.311,3.5251,10.8362,0.5459,19.8503,0.3081,0.1369
9335,20.7272,0.4632,30.33,8.92,0.28,5.7375,1.9283,7.6658,0.3423,22.3963,0.5661,0.2318
9336,33.4287,0.3281,9.64,2.6,46.37,8.1239,1.2778,9.4017,0.2328,40.3915,0.705,0.0187
9337,28.3573,0.6844,89.14,64.53,47.84,7.0697,3.3356,10.4053,0.5335,19.5033,0.3242,0.1432
9338,19.9063,0.5987,2.34,22.11,24.19,5.444,3.0654,8.5094,0.4642,18.3296,0.4116,0.2325
9339,34.7837,0.4267,73.16,40.51,26.01,9.6657,2.1592,11.8249,0.3307,35.7593,0.5809,0.0164
9340,40.8281,0.4153,31.7,9.44,74.67,11.154,2.2078,13.3618,0.3239,41.2525,0.5896,0.1052
9341,44.3099,0.4531,33.66,14.16,48.23,12.2933,2.3919,14.6851,0.3541,41.4742,0.5514,0.0893
9342,25.6502,0.5696,55.15,59.12,11.22,6.9934,2.7502,9.7436,0.4533,21.4933,0.4255,0.1465
9343,39.3768,0.391,0.91,48.59,75.45,10.722,1.8226,12.5447,0.3067,40.9012,0.6112,0.1083
9344,22.0385,0.4756,27.03,68.92,18.11,6.1183,2.321,8.4393,0.3548,23.7891,0.5505,0.1852
9345,40.5323,0.5546,71.98,32.67,83.21,11.3,2.8194,14.1194,0.4322,32.6693,0.4523,0.1
9346,20.3034,0.5352,27.73,77.77,47.88,5.6454,2.6558,8.3011,0.4201,19.7609,0.4677,0.1908
9347,20.8482,0.6195,5.93,48.39,47.83,5.574,3.2622,8.8361,0.4795,18.4286,0.3923,0.1909
9348,44.6181,0.6813,78.67,4.87,84.86,11.0512,3.4193,14.4705,0.5431,26.6437,0.3119,0.0859
9349,33.1267,0.3524,85.73,20.12,8.04,8.5514,1.6988,10.2501,0.2657,38.579,0.6633,0.0158
9350,41.5225,0.5938,82.11,84.18,17.04,11.3042,3.0827,14.3869,0.4693,30.653,0.4053,0.0952
9351,32.0776,0.525,6.41,56.51,61.53,8.9381,2.6669,11.605,0.4074,28.4847,0.4837,0.1256
9352,23.4895,0.5658,65.88,70.61,16.96,6.5365,2.908,9.4445,0.4386,21.5346,0.4446,0.1473
9353,37.1648,0.6107,45.69,32.06,83.09,10.0552,3.0709,13.1261,0.4783,27.4406,0.3941,0.1035
9354,35.6104,0.664,78.88,40.0,72.68,9.0325,3.2887,12.3212,0.5229,23.5653,0.3374,0.111
9355,24.2754,0.3925,13.19,14.6,40.72,6.49,1.9852,8.4752,0.3133,27.0515,0.603,0.0201
9356,28.3077,0.3504,1.5,56.23,67.75,7.4057,1.6149,9.0206,0.2714,33.2423,0.6559,0.0197
9357,43.8291,0.6531,82.7,44.79,65.82,11.3138,3.3276,14.6414,0.5162,28.3647,0.346,0.0939
9358,39.5925,0.5506,65.58,76.19,6.84,11.0805,2.7116,13.7921,0.4315,31.9632,0.4532,0.1108
9359,18.9979,0.5299,74.23,88.54,49.27,5.2387,2.6423,7.881,0.4134,19.0637,0.476,0.1984
9360,22.6381,0.5298,72.79,48.29,75.05,6.2601,2.6306,8.8907,0.4194,21.2007,0.4687,0.1695
9361,24.6869,0.3618,67.59,12.85,75.02,6.3922,1.7769,8.1691,0.2808,29.0927,0.6441,0.0177
9362,44.7024,0.4789,62.24,80.64,86.97,12.6602,2.4264,15.0866,0.3753,40.199,0.5244,0.0975
9363,45.5335,0.6974,25.08,13.66,44.34,11.0263,3.5531,14.5794,0.5537,26.3332,0.2985,0.0854
9364,28.9622,0.3402,30.65,86.36,11.99,7.2438,1.6153,8.8592,0.2468,35.889,0.6871,0.0196
9365,42.1126,0.5351,5.33,88.95,39.3,11.7697,2.7922,14.5619,0.4154,35.0574,0.4738,0.0969
9366,42.096,0.3542,4.85,2.64,40.3,10.9716,1.8365,12.8081,0.2742,46.7092,0.6524,0.0204
9367,20.3298,0.5444,62.27,57.91,12.9,5.6564,2.5838,8.2402,0.4239,19.4384,0.4629,0.1977
9368,30.4128,0.6757,61.21,24.39,44.32,7.7164,3.3175,11.034,0.5278,20.9068,0.3314,0.1248
9369,30.175,0.5063,29.69,80.95,41.59,8.4682,2.5677,11.0359,0.3991,27.6489,0.4942,0.1335
9370,39.4186,0.6047,17.55,70.99,22.46,10.5873,3.0333,13.6206,0.4836,28.1637,0.387,0.1106
9371,21.0075,0.6628,9.17,40.0,88.7,5.4596,3.3276,8.7873,0.5044,17.4222,0.3609,0.1877
9372,28.6283,0.5184,82.68,84.47,78.27,8.0035,2.738,10.7415,0.405,26.5232,0.4869,0.159
9373,27.0119,0.6421,16.99,29.15,9.99,7.0828,3.0117,10.0944,0.5053,19.9778,0.3598,0.1537
9374,37.3922,0.3019,5.88,26.46,23.03,9.4387,1.5093,10.9481,0.2471,44.3128,0.6862,0.0191
9375,20.5431,0.6875,55.18,16.48,27.21,nan,nan,nan,nan,nan,nan,nan
9376,20.4506,0.3567,73.69,17.84,28.88,5.2246,1.6609,6.8855,0.2705,25.4562,0.657,0.0178
9377,23.368,0.4504,13.51,13.49,17.35,6.3328,2.1451,8.4779,0.3469,24.4356,0.5603,0.1687
9378,43.5045,0.6205,72.74,65.69,78.97,11.7043,3.189,14.8933,0.4906,30.3585,0.3784,0.099
9379,30.7881,0.3199,50.28,68.76,38.34,7.6858,1.6097,9.2955,0.2501,37.1651,0.6831,0.0152
9380,20.8834,0.486,14.11,69.39,15.72,5.7898,2.413,8.2029,0.3766,21.7791,0.5227,0.226
9381,22.6879,0.6476,77.04,10.48,59.02,5.8233,3.1288,8.9521,0.5118,17.4922,0.3517,0.1592
9382,23.6128,0.4338,50.36,67.45,66.83,6.5349,2.177,8.7119,0.3382,25.759,0.5715,0.0178
9383,45.9356,0.3258,62.3,54.11,16.2,11.6087,1.6666,13.2752,0.2465,53.8649,0.6878,0.0154
9384,27.3323,0.3087,16.09,51.47,49.85,6.7614,1.5525,8.3138,0.24,34.6468,0.6959,0.0169
9385,18.1615,0.4697,82.08,57.23,69.47,5.1362,2.4155,7.5517,0.3558,21.2234,0.5491,0.1961
9386,23.0812,0.3066,86.68,15.22,2.94,5.4274,1.531,6.9584,0.2228,31.2342,0.7175,0.0173
9387,46.787,0.5994,86.01,77.84,28.69,12.6393,3.0643,15.7036,0.4706,33.3701,0.4038,0.0883
9388,42.8644,0.6702,60.35,6.63,10.95,10.7465,3.3956,14.142,0.5352,26.4225,0.3219,0.0965
9389,45.1965,0.538,73.49,26.31,77.82,12.6603,2.7674,15.4277,0.4211,36.6372,0.4664,0.091
9390,26.4802,0.3489,76.94,4.72,49.45,6.7982,1.7236,8.5218,0.2597,32.8174,0.6709,0.0169
9391,27.2227,0.4921,47.29,32.5,54.53,7.6506,2.315,9.9656,0.3823,26.0678,0.5155,0.1509
9392,17.9617,0.6195,9.57,32.82,42.95,4.8,3.0882,7.8882,0.4693,16.808,0.4056,0.2517
9393,18.4738,0.5826,87.82,88.91,87.87,4.9852,2.9163,7.9015,0.4644,17.0148,0.4117,0.241
9394,31.2571,0.546,38.37,8.23,18.44,8.7657,2.7183,11.484,0.4381,26.2126,0.4448,0.1397
9395,25.5549,0.6097,36.35,58.05,75.81,6.92,2.9476,9.8676,0.4838,20.3946,0.3871,0.1565
9396,42.9922,0.6423,6.03,17.07,70.85,11.2881,3.3402,14.6283,0.5048,28.9811,0.3606,0.097
9397,18.0536,0.3609,89.22,83.11,66.4,4.6026,1.9425,6.545,0.2684,24.3834,0.6599,0.0187
9398,34.6542,0.5693,83.67,43.95,13.37,9.6423,2.8624,12.5047,0.4466,27.9999,0.4341,0.1116
9399,28.4975,0.522,84.24,88.56,48.38,7.9428,2.6481,10.591,0.4052,26.1395,0.4865,0.1332
9400,36.7627,0.6572,85.87,77.3,3.42,9.4262,3.5095,12.9357,0.5244,24.6683,0.3356,0.1071
9401,23.3465,0.6746,42.66,84.42,2.77,5.9453,3.5207,9.466,0.5276,17.9415,0.3313,0.1646
9402,19.0538,0.6155,78.18,47.08,28.71,5.17,3.1144,8.2845,0.4866,17.0237,0.3834,0.199
9403,34.7195,0.4537,15.13,89.7,43.94,9.6644,2.3218,11.9862,0.3527,33.9854,0.5529,0.1121
9404,22.5234,0.3758,65.0,86.43,37.85,5.898,1.824,7.7221,0.2775,27.8288,0.6483,0.018
9405,44.7098,0.3857,79.6,34.37,11.45,11.97,1.9495,13.9196,0.2946,47.2526,0.6268,0.0171
9406,26.7999,0.4788,27.37,21.3,21.51,7.4968,2.2453,9.7421,0.3721,26.1791,0.5283,0.1575
9407,41.9866,0.6726,6.82,83.94,8.3,10.6472,3.4259,14.0731,0.5294,26.5815,0.3292,0.104
9408,29.1518,0.4621,44.98,63.79,32.96,8.0702,2.326,10.3962,0.3541,29.3589,0.5512,0.1463
9409,30.6808,0.4839,36.56,18.31,71.12,8.4832,2.4911,10.9743,0.3782,29.0195,0.5207,0.1208
9410,15.8761,0.4456,4.92,89.26,36.09,4.2171,1.948,6.1651,0.3188,19.3398,0.596,0.0198
9411,37.6374,0.5613,51.84,51.58,66.95,10.4788,2.8026,13.2814,0.4428,29.9955,0.439,0.1094
9412,25.977,0.5684,50.52,5.02,35.37,7.209,2.847,10.056,0.4559,22.059,0.4224,0.1638
9413,36.819,0.6134,70.77,32.63,59.77,9.9035,3.0329,12.9364,0.4829,26.7883,0.388,0.1057
9414,16.5913,0.3265,29.06,68.27,80.06,4.1198,1.4265,5.5463,0.2405,23.058,0.695,0.0168
9415,33.4783,0.3692,49.42,24.87,16.53,8.7839,1.8983,10.6822,0.2806,38.0625,0.6445,0.0165
9416,34.5133,0.5577,68.15,70.23,20.38,9.6107,2.8293,12.4401,0.4374,28.4418,0.4457,0.1204
9417,22.8177,0.4966,62.65,86.61,11.17,6.4111,2.4723,8.8834,0.3808,23.3254,0.5173,0.1748
9418,36.4909,0.3571,47.06,20.61,53.36,9.6386,1.9537,11.5923,0.2826,41.0222,0.642,0.0158
9419,34.1708,0.5813,14.71,44.25,80.66,9.5413,2.8925,12.4339,0.4532,27.4379,0.4256,0.1205
9420,36.909,0.5862,30.76,64.4,3.82,10.0846,3.1598,13.2444,0.4652,28.4683,0.4108,0.1163
9421,32.3745,0.6661,36.83,12.42,81.71,8.235,3.3237,11.5588,0.521,22.1845,0.34,0.109
9422,39.8813,0.4642,63.71,72.75,17.89,11.1724,2.4217,13.5941,0.3623,37.5235,0.5409,0.1082
9423,40.6113,0.602,54.36,37.35,5.0,11.0926,3.0867,14.1792,0.4725,30.0117,0.4013,0.1096
9424,25.9174,0.5479,25.29,79.69,45.47,7.1248,2.7358,9.8607,0.4334,22.7531,0.4509,0.155
9425,29.585,0.654,47.31,8.47,51.23,7.549,3.2809,10.8299,0.5211,20.7841,0.3398,0.1341
9426,38.5957,0.519,9.42,15.59,6.68,10.8433,2.5569,13.4002,0.4067,32.9464,0.4847,0.1346
9427,33.7721,0.3813,80.15,12.37,82.2,9.039,1.8211,10.8602,0.2987,36.3593,0.6214,0.0171
9428,27.5094,0.375,68.53,19.76,47.82,7.2789,1.8049,9.0838,0.2884,31.5028,0.6346,0.0189
9429,45.9925,0.6475,71.85,74.89,61.75,12.0619,3.2175,15.2793,0.5106,29.9237,0.353,0.0821
9430,31.9273,0.3164,35.71,16.07,19.01,7.853,1.5991,9.4521,0.2387,39.5997,0.6975,0.0187
9431,25.1464,0.3005,12.23,31.03,67.05,6.1106,1.4735,7.584,0.2323,32.6516,0.7057,0.0194
9432,16.8626,0.5423,48.32,49.98,83.73,4.7171,2.483,7.2001,0.4086,17.6207,0.4821,0.2488
9433,38.6384,0.6853,38.94,6.17,39.24,9.5731,3.3809,12.954,0.5425,23.8789,0.3127,0.1094
9434,41.1435,0.6171,23.06,70.8,75.1,11.0115,3.0875,14.0989,0.4877,28.907,0.3819,0.0969
9435,24.3968,0.6406,9.72,65.98,75.25,6.4079,3.2185,9.6263,0.5032,19.1286,0.3625,0.1668
9436,39.6237,0.4731,78.55,23.08,17.18,11.1037,2.3563,13.4601,0.3676,36.6137,0.5341,0.1074
9437,30.0663,0.379,14.1,59.12,3.79,7.9738,2.0881,10.0619,0.288,34.9408,0.6351,0.0182
9438,27.3198,0.4573,3.69,0.69,67.95,7.3604,2.1466,9.5069,0.3584,26.5296,0.5457,0.1462
9439,27.5034,0.6493,41.25,66.37,88.2,7.11,3.1954,10.3054,0.5116,20.1441,0.3518,0.1321
9440,24.7702,0.4808,79.82,5.69,69.95,6.9669,2.4402,9.4071,0.3734,25.1907,0.5267,0.1682
9441,16.4494,0.3217,46.12,22.06,49.2,3.9378,1.5653,5.5032,0.2394,22.9877,0.6961,0.0247
9442,19.1826,0.5661,83.01,32.24,87.63,5.2133,2.7081,7.9214,0.4401,17.9988,0.4425,0.1877
9443,38.9135,0.6616,42.68,46.13,22.61,9.9993,3.2777,13.2769,0.5249,25.2934,0.3351,0.1119
9444,25.4168,0.5313,43.02,87.11,55.52,7.0403,2.6093,9.6496,0.42,22.9749,0.4677,0.1549
9445,17.6915,0.4893,38.12,42.14,41.98,5.0146,2.388,7.4026,0.3678,20.1246,0.5337,0.2369
9446,27.747,0.5869,1.85,38.15,67.18,7.6764,2.647,10.3234,0.4484,23.0223,0.4316,0.1617
9447,31.3332,0.3494,72.63,26.29,39.49,8.207,1.8382,10.0451,0.2763,36.3541,0.6499,0.0166
9448,16.3752,0.361,39.82,19.59,46.71,4.1497,1.7704,5.9201,0.2672,22.1602,0.661,0.0207
9449,18.1932,0.6304,45.68,10.08,54.57,4.8268,3.1726,7.9994,0.5021,15.9332,0.364,0.2292
9450,42.0738,0.5528,45.45,65.36,89.44,11.7853,2.8549,14.6402,0.4344,33.705,0.4497,0.1003
9451,39.0276,0.3759,69.26,47.43,69.24,10.397,1.8573,12.2542,0.2906,42.1616,0.6317,0.0153
9452,26.4154,0.3272,60.46,6.16,78.06,6.3874,1.5661,7.9534,0.2306,34.4931,0.7078,0.0158
9453,24.772,0.52,43.79,50.13,61.08,6.8787,2.5101,9.3889,0.4107,22.8587,0.4797,0.1631
9454,45.5781,0.6381,43.12,55.74,15.14,12.059,3.2903,15.3493,0.5054,30.3733,0.3596,0.0876
9455,41.414,0.4308,55.98,21.62,12.96,11.5483,2.2613,13.8096,0.3315,41.661,0.5801,0.1073
9456,37.5287,0.5348,21.52,31.19,59.32,10.5154,2.7291,13.2445,0.4269,31.0255,0.4592,0.1132
9457,34.8099,0.6647,35.93,49.56,56.75,8.7871,3.3311,12.1182,0.5263,23.0267,0.3332,0.1141
9458,18.4532,0.5467,75.98,34.28,47.46,5.0602,2.8144,7.8746,0.4315,18.2474,0.4531,0.2341
9459,27.9761,0.6114,34.67,72.85,27.53,7.6056,2.9859,10.5914,0.4814,22.0007,0.3901,0.1401
9460,33.742,0.4813,49.0,59.32,46.43,9.485,2.4434,11.9285,0.3739,31.9025,0.5263,0.1232
9461,33.5221,0.4708,85.1,50.98,62.33,9.371,2.2926,11.6636,0.3681,31.6866,0.5336,0.1149
9462,18.762,0.5394,49.27,25.51,23.54,5.282,2.6239,7.9059,0.4156,19.0226,0.4734,0.2173
9463,39.7836,0.546,72.8,4.1,52.05,11.1092,2.8312,13.9404,0.431,32.3469,0.4538,0.1008
9464,38.3846,0.3332,86.21,25.75,62.21,9.8198,1.6923,11.5121,0.262,43.9347,0.6679,0.0157
9465,23.6313,0.5109,57.83,14.81,58.11,6.5667,2.4474,9.0141,0.3965,22.7323,0.4978,0.1714
9466,43.2023,0.4865,85.24,66.78,41.45,12.1611,2.5777,14.7388,0.3823,38.5576,0.5158,0.0917
9467,19.4319,0.4215,54.62,41.23,36.83,5.2313,2.1097,7.341,0.3171,23.1491,0.5979,0.0192
9468,36.2653,0.415,35.05,73.91,43.69,10.0063,2.1573,12.1636,0.3242,37.5186,0.5892,0.0153
9469,25.7346,0.319,54.23,54.63,20.36,6.5076,1.5283,8.036,0.2499,32.1559,0.6833,0.0158
9470,24.3556,0.6815,18.61,89.47,79.33,6.2251,3.5145,9.7396,0.5301,18.3733,0.3283,0.1561
9471,33.1906,0.3587,38.47,61.9,77.91,8.6746,1.8418,10.5164,0.2759,38.1114,0.6502,0.0148
9472,39.1566,0.3629,22.1,85.13,15.01,10.2063,1.7596,11.9659,0.2724,43.9349,0.6548,0.017
9473,17.0168,0.3052,38.5,56.88,57.92,4.1465,1.4871,5.6336,0.2312,24.3679,0.7069,0.0208
9474,26.3758,0.6438,65.62,79.51,50.11,6.9591,3.1144,10.0735,0.5014,20.0918,0.3649,0.1406
9475,30.3743,0.449,19.1,57.7,36.21,8.506,2.3452,10.8512,0.349,31.088,0.5578,0.1299
9476,22.8894,0.4544,16.46,1.01,88.48,6.2202,2.1467,8.3669,0.3342,25.0332,0.5767,0.1701
9477,17.903,0.5773,50.74,15.25,32.55,4.8897,2.8313,7.7209,0.447,17.2716,0.4335,0.2164
9478,16.5436,0.4499,55.07,59.86,89.87,4.5773,2.1385,6.7158,0.3344,20.0849,0.5764,0.0217
9479,35.6131,0.6666,67.73,9.74,8.1,9.075,3.4022,12.4772,0.5248,23.773,0.3351,0.1187
9480,24.1913,0.5263,46.09,2.85,11.04,6.7775,2.7667,9.5443,0.4135,23.0802,0.4758,0.1916
9481,31.3006,0.6501,3.61,50.64,5.48,8.3837,3.3504,11.7341,0.4915,23.8727,0.3772,0.1433
9482,16.3305,0.5018,89.54,59.86,88.38,4.6225,2.4932,7.1158,0.3819,18.632,0.516,0.2342
9483,24.47,0.5299,16.42,0.64,76.87,6.7437,2.7982,9.5419,0.4079,23.3906,0.4831,0.1693
9484,44.2563,0.6737,82.7,42.77,61.42,11.0956,3.3935,14.489,0.5343,27.1177,0.323,0.0901
9485,27.3034,0.3096,23.36,64.88,64.12,6.452,1.3337,7.7857,0.2229,34.9341,0.7174,0.0161
9486,16.2354,0.4232,35.54,0.41,68.42,4.4182,2.1361,6.5543,0.3319,19.7494,0.5793,0.0203
9487,40.8325,0.5603,11.27,18.13,48.19,11.348,2.8553,14.2033,0.4409,32.2173,0.4414,0.0952
9488,34.789,0.3473,35.44,24.65,18.27,9.0559,1.8534,10.9092,0.2652,41.134,0.6638,0.0177
9489,25.7072,0.6494,4.15,44.15,22.95,6.8455,2.9086,9.7542,0.4998,19.5152,0.3666,0.1786
9490,41.801,0.5737,0.56,31.89,30.55,11.8026,2.9194,14.722,0.4438,33.1719,0.4376,0.108
9491,18.7463,0.5022,88.2,43.13,65.41,5.2469,2.649,7.8959,0.3957,19.9539,0.4989,0.2117
9492,26.8642,0.439,51.41,66.81,40.43,7.4044,2.1252,9.5296,0.341,27.9481,0.568,0.162
9493,17.4099,0.5469,60.42,70.74,29.35,4.8249,2.5258,7.3506,0.403,18.2408,0.4894,0.2073
9494,20.2658,0.6393,5.19,64.56,70.55,5.3851,3.2883,8.6734,0.4808,18.0403,0.3907,0.173
9495,30.1662,0.3057,10.9,44.28,24.18,7.3639,1.5965,8.9605,0.2325,38.5315,0.7052,0.0188
9496,21.6574,0.4857,38.38,20.93,5.03,6.055,2.2878,8.3427,0.3666,22.759,0.5355,0.2101
9497,46.1168,0.4415,49.03,68.71,28.51,12.8286,2.2609,15.0895,0.3436,43.9224,0.5647,0.0925
9498,40.7695,0.3923,21.09,52.25,37.18,10.961,1.9774,12.9384,0.2991,43.2641,0.6211,0.0143
9499,16.2284,0.3638,19.98,44.14,6.28,4.1306,1.5918,5.7224,0.2509,22.805,0.6818,0.0186
9500,22.2218,0.4775,53.61,6.74,89.13,6.299,2.2692,8.5682,0.3628,23.6157,0.5403,0.1917
9501,31.5047,0.4126,48.52,65.58,70.01,8.6968,2.086,10.7828,0.3223,33.4545,0.5916,0.0166
9502,41.443,0.6632,14.8,26.97,25.62,10.6599,3.3596,14.0195,0.5242,26.7453,0.3358,0.0958
9503,46.3922,0.3166,10.53,54.22,6.43,11.3396,1.4539,12.7936,0.2285,55.9991,0.7104,0.0148
9504,26.0778,0.5407,41.75,46.92,84.96,7.1545,2.5605,9.715,0.4247,22.8747,0.4619,0.1584
9505,45.7847,0.659,59.73,32.74,25.78,11.8043,3.3043,15.1086,0.5188,29.1215,0.3426,0.0883
9506,17.0966,0.4611,75.15,19.95,65.37,4.6197,2.2879,6.9076,0.3467,19.9215,0.5606,0.2288
9507,36.7283,0.6252,87.28,10.71,42.94,9.8017,3.1782,12.9799,0.4834,26.8529,0.3876,0.1057
9508,26.098,0.4127,5.31,49.17,87.5,7.0995,1.8556,8.9551,0.3377,26.5188,0.5717,0.0219
9509,32.8759,0.3182,53.92,47.66,73.84,8.1674,1.5994,9.7668,0.2458,39.7285,0.6884,0.0149
9510,27.0155,0.5175,46.44,42.53,12.44,7.5977,2.417,10.0147,0.4025,24.8842,0.4901,0.1586
9511,32.4034,0.5367,82.47,22.2,30.64,9.0913,2.7785,11.8698,0.4246,27.9521,0.462,0.1244
9512,18.0508,0.3326,88.7,22.04,62.19,4.5805,1.7256,6.306,0.2621,24.0624,0.6679,0.0202
9513,18.7615,0.4865,10.68,36.12,36.99,5.1455,2.5292,7.6748,0.3812,20.1345,0.517,0.2544
9514,39.4103,0.6758,64.8,28.66,84.77,9.9887,3.3031,13.2918,0.5286,25.1468,0.3303,0.1054
9515,21.4383,0.5103,55.7,37.73,53.77,5.9754,2.5014,8.4768,0.398,21.2973,0.4956,0.19
9516,16.016,0.473,6.88,72.48,67.2,4.3482,2.023,6.3713,0.3459,18.4183,0.5616,0.2526
9517,25.3845,0.6177,69.8,50.28,44.37,6.8422,2.9347,9.7769,0.4848,20.1662,0.3857,0.1672
9518,23.9989,0.5983,29.15,41.44,36.55,6.5098,2.9615,9.4712,0.477,19.8562,0.3956,0.1764
9519,44.315,0.6976,36.26,38.19,62.77,10.9533,3.4802,14.4334,0.5475,26.3619,0.3061,0.0836
9520,35.1181,0.5995,62.86,39.03,28.3,9.5869,3.0169,12.6038,0.4678,26.9437,0.4073,0.1119
9521,29.1963,0.3262,79.89,5.65,56.3,7.36,1.7391,9.0991,0.2468,36.8666,0.6873,0.0187
9522,18.8375,0.6791,25.3,24.79,61.47,4.7347,3.4322,8.1669,0.5343,15.284,0.3229,0.1799
9523,40.5191,0.627,66.66,5.73,15.87,10.7932,3.2421,14.0353,0.4994,28.1045,0.3674,0.1071
9524,44.2629,0.6952,23.75,70.36,88.21,10.8375,3.4809,14.3184,0.5507,25.998,0.3022,0.0836
9525,16.6667,0.5867,45.3,30.38,32.56,4.7078,2.7807,7.4885,0.4444,16.8516,0.4368,0.2259
9526,33.2288,0.6048,11.51,79.01,51.55,8.9349,3.0476,11.9824,0.4773,25.1031,0.3954,0.1208
9527,31.621,0.6228,9.76,70.07,20.49,8.4763,3.1125,11.5888,0.4952,23.4026,0.3726,0.1365
9528,18.2559,0.6612,84.33,53.04,15.17,4.7112,3.4187,8.1299,0.5161,15.7519,0.3462,0.2027
9529,37.9136,0.3566,65.82,85.13,86.35,10.0119,1.8612,11.8731,0.2777,42.7561,0.6481,0.0149
9530,40.5944,0.3727,73.71,29.17,14.56,10.7891,1.9135,12.7027,0.2837,44.7718,0.6404,0.0148
9531,16.4571,0.4549,72.42,77.72,26.68,4.4394,1.9566,6.396,0.3248,19.6924,0.5884,0.0235
9532,35.1662,0.3452,59.48,56.69,63.96,9.0847,1.7461,10.8307,0.2677,40.4597,0.6607,0.0154
9533,16.0967,0.5092,46.81,82.04,5.18,4.436,2.3766,6.8127,0.3665,18.5901,0.5358,0.2813
9534,19.238,0.5116,86.66,71.18,19.52,5.4625,2.5419,8.0045,0.3792,21.1067,0.5194,0.1981
9535,44.7658,0.4641,81.1,88.52,22.02,12.5247,2.3512,14.876,0.3592,41.4187,0.5449,0.0855
9536,28.556,0.559,66.09,34.1,66.69,7.8688,2.7536,10.6224,0.4409,24.0927,0.4415,0.1386
9537,43.9952,0.5475,56.23,26.39,25.58,12.2866,2.8987,15.1853,0.4309,35.241,0.4543,0.0929
9538,33.4773,0.5549,59.99,38.58,42.4,9.3821,2.8017,12.1837,0.4355,27.9747,0.4483,0.1223
9539,28.9883,0.3181,9.38,67.89,41.17,7.3611,1.6342,8.9952,0.2492,36.0944,0.6842,0.0177
9540,43.695,0.5258,6.48,2.39,7.81,12.1953,2.7933,14.9886,0.4167,35.9736,0.4721,0.106
9541,17.8823,0.3078,24.74,86.32,43.34,4.1746,1.5568,5.7313,0.2231,25.6951,0.7171,0.0201
9542,30.0053,0.4061,34.71,76.46,71.88,8.1228,2.0919,10.2148,0.3121,32.7263,0.6044,0.0169
9543,32.8956,0.3129,67.54,11.57,74.36,8.1514,1.5441,9.6955,0.2433,39.8427,0.6915,0.0169
9544,46.2105,0.3939,10.18,45.08,85.41,12.5333,2.046,14.5794,0.3036,48.0282,0.6154,0.0147
9545,21.4195,0.61,50.69,16.58,67.94,5.8302,2.9151,8.7452,0.4803,18.208,0.3914,0.1875
9546,17.9481,0.4175,85.5,57.73,85.85,4.9197,2.1187,7.0384,0.3247,21.6752,0.5884,0.0187
9547,28.2889,0.3801,69.51,54.17,72.51,7.5339,1.8988,9.4327,0.2911,32.3984,0.631,0.0192
9548,25.7675,0.5647,49.77,68.18,50.22,7.1135,2.7049,9.8184,0.4374,22.4478,0.4457,0.1509
9549,37.7636,0.4482,6.97,39.04,69.29,10.5887,2.2473,12.836,0.3535,36.3123,0.5521,0.1111
9550,29.8918,0.3519,89.8,2.72,77.98,7.7972,1.8554,9.6526,0.2674,36.1044,0.6611,0.0154
9551,18.0543,0.3575,72.09,81.89,72.5,4.6491,1.9212,6.5703,0.2721,24.1489,0.6551,0.0196
9552,47.0105,0.6442,48.27,23.7,62.18,12.4145,3.2788,15.6933,0.5032,31.185,0.3626,0.0918
9553,44.5788,0.333,0.11,16.5,0.71,11.2732,1.8121,13.0853,0.2404,54.4308,0.6953,0.0184
9554,38.2682,0.6057,89.55,16.41,40.52,10.3413,3.099,13.4403,0.4737,28.3736,0.3999,0.1034
9555,38.4307,0.3421,76.86,47.93,2.12,9.8249,1.6447,11.4696,0.2544,45.0853,0.6775,0.0179
9556,27.8731,0.4651,47.67,1.08,80.8,7.7029,2.3968,10.0998,0.3555,28.4102,0.5496,0.1456
9557,27.0159,0.5631,19.12,44.33,30.32,7.5334,2.7639,10.2973,0.4428,23.2543,0.439,0.1606
9558,33.1681,0.6985,14.1,84.35,86.11,8.1168,3.4572,11.574,0.5487,21.0928,0.3047,0.1179
9559,28.9633,0.5428,25.42,24.04,59.43,8.0393,2.7199,10.7592,0.4248,25.3294,0.4618,0.1338
9560,22.4293,0.424,31.14,12.27,18.89,6.176,2.0055,8.1814,0.3175,25.7693,0.5973,0.0223
9561,40.8508,0.3781,50.61,71.23,85.86,10.9152,1.9628,12.8779,0.2916,44.1668,0.6306,0.0158
9562,22.9961,0.5074,87.8,7.19,44.39,6.4414,2.533,8.9745,0.394,22.779,0.5008,0.1671
9563,35.0262,0.4311,79.29,28.76,2.55,9.5562,2.2169,11.7732,0.3216,36.612,0.5923,0.1209
9564,37.9264,0.3606,45.49,36.51,85.82,10.0672,1.9178,11.985,0.2874,41.6946,0.6358,0.0159
9565,41.1455,0.5135,87.38,4.72,9.43,11.5782,2.6099,14.1881,0.3989,35.5715,0.4945,0.1058
9566,38.6213,0.4372,39.76,22.75,50.46,10.7556,2.2527,13.0083,0.3469,37.4967,0.5604,0.1151
9567,27.9261,0.5679,47.74,88.94,27.17,7.7452,2.7811,10.5263,0.4445,23.6838,0.4369,0.1377
9568,17.9784,0.392,81.89,28.04,71.95,4.7005,1.9804,6.681,0.3028,22.0665,0.6164,0.0177
9569,17.3317,0.4685,54.15,8.71,85.73,4.7465,2.2509,6.9973,0.3647,19.1868,0.5377,0.2304
9570,25.7104,0.6523,68.75,49.23,3.39,6.6357,3.0991,9.7349,0.5232,18.6054,0.337,0.1713
9571,25.3817,0.5985,13.41,17.74,45.29,6.8686,3.0177,9.8862,0.4738,20.8653,0.3997,0.1773
9572,19.6809,0.62,85.1,83.32,84.88,5.1985,3.0715,8.27,0.4895,16.8939,0.3796,0.2073
9573,47.0592,0.3167,67.43,45.35,89.81,11.6677,1.6574,13.325,0.2392,55.7048,0.697,0.014
9574,34.5214,0.453,39.8,61.23,41.57,9.6522,2.312,11.9642,0.3555,33.6516,0.5496,0.1151
9575,18.4374,0.3571,18.42,74.2,63.0,4.7079,1.809,6.517,0.2703,24.1066,0.6573,0.0187
9576,23.9823,0.6819,87.79,50.64,32.06,5.9653,3.3874,9.3528,0.5322,17.5748,0.3257,0.1567
9577,37.8707,0.5834,17.4,30.87,87.3,10.3677,2.8721,13.2399,0.461,28.7225,0.4159,0.1081
9578,41.5262,0.3712,69.15,72.77,80.68,11.0205,2.0341,13.0547,0.2866,45.5473,0.6368,0.0146
9579,47.0106,0.6964,83.59,23.14,9.78,11.5415,3.515,15.0565,0.549,27.4268,0.3044,0.0861
9580,42.6388,0.4769,47.19,6.82,40.15,11.8821,2.5454,14.4274,0.3717,38.8196,0.5291,0.0942
9581,17.3853,0.349,85.13,40.01,87.45,4.5308,1.7538,6.2845,0.277,22.6851,0.6487,0.0195
9582,42.7539,0.6477,83.7,70.95,86.65,11.063,3.3478,14.4107,0.5164,27.9042,0.3455,0.1001
9583,23.9546,0.3454,76.56,75.54,13.58,5.9437,1.7731,7.7167,0.2577,29.9468,0.6736,0.0164
9584,26.621,0.4643,84.11,59.79,53.29,7.392,2.2325,9.6245,0.359,26.8127,0.5452,0.1454
9585,28.5549,0.4195,60.52,24.3,11.18,7.7802,2.0469,9.8271,0.316,31.0989,0.5997,0.0178
9586,19.3662,0.5433,41.25,75.41,68.7,5.4175,2.7327,8.1502,0.4208,19.3669,0.4669,0.2023
9587,38.2995,0.3586,48.01,51.6,54.47,10.0808,1.8228,11.9036,0.2826,42.1289,0.6421,0.0166
9588,43.1413,0.5064,21.79,83.38,40.8,12.0924,2.685,14.7773,0.3975,37.1725,0.4964,0.0952
9589,20.2718,0.3882,26.69,79.89,41.41,5.3308,1.9274,7.2581,0.298,24.3586,0.6222,0.0179
9590,41.0071,0.4155,60.35,57.88,75.42,11.3504,2.1903,13.5407,0.3244,41.7415,0.5889,0.0146
9591,26.2378,0.5869,38.63,42.58,19.04,7.2324,2.734,9.9663,0.4615,21.5972,0.4154,0.1629
9592,17.9746,0.641,35.1,79.76,24.33,4.8089,3.1576,7.9665,0.4971,16.0252,0.37,0.2025
9593,42.336,0.3376,33.77,68.01,53.94,10.9085,1.8745,12.783,0.2626,48.6844,0.6673,0.014
9594,25.021,0.5288,14.34,29.63,76.42,7.0688,2.64,9.7089,0.411,23.6249,0.4793,0.1459
9595,21.5189,0.6523,39.31,18.44,84.57,5.5651,3.2443,8.8094,0.5094,17.2954,0.3545,0.1618
9596,46.8896,0.4535,68.42,88.71,79.04,13.1708,2.3261,15.497,0.353,43.8959,0.5527,0.0914
9597,37.9044,0.3449,42.3,57.14,50.68,9.8963,1.8346,11.7309,0.2717,43.1706,0.6557,0.0155
9598,29.6833,0.4092,74.69,79.85,72.01,8.1334,2.1267,10.2601,0.3172,32.3487,0.5979,0.0159
9599,33.3202,0.4082,15.9,4.32,2.06,9.0083,1.6298,10.6381,0.2925,36.3701,0.6294,0.0187
9600,20.4387,0.3918,67.98,1.78,7.0,5.4774,1.4979,6.9752,0.2815,24.7789,0.6431,0.0191
9601,18.6123,0.5808,70.04,68.41,66.84,5.2242,2.9213,8.1455,0.4405,18.4912,0.4417,0.2075
9602,46.6003,0.5214,63.31,85.3,84.05,13.1585,2.6302,15.7887,0.407,38.7902,0.4842,0.0864
9603,30.2546,0.3837,20.71,84.82,53.8,7.996,1.9855,9.9814,0.2892,34.5143,0.6333,0.017
9604,33.2564,0.4575,43.51,59.28,26.74,9.2484,2.2764,11.5248,0.3543,32.531,0.5509,0.1224
9605,24.1105,0.4744,71.11,1.95,43.5,6.8129,2.4522,9.2651,0.3642,25.4405,0.5384,0.1658
9606,27.7286,0.5265,50.95,2.08,30.52,7.746,2.7382,10.4842,0.4136,25.3514,0.4761,0.1377
9607,17.2974,0.6476,71.04,53.1,50.7,4.604,3.1998,7.8038,0.497,15.7032,0.3705,0.2442
9608,41.2457,0.4759,69.01,30.85,51.65,11.5916,2.4872,14.0788,0.3718,37.8661,0.5289,0.0937
9609,38.2572,0.3328,23.87,71.68,78.49,9.7271,1.6614,11.3885,0.2549,44.6706,0.6769,0.0171
9610,16.7615,0.4766,51.02,36.99,87.86,4.7482,2.3098,7.058,0.3686,19.1474,0.5331,0.2343
9611,37.6121,0.6738,24.97,15.71,25.18,9.2972,3.3261,12.6233,0.5432,23.2401,0.3119,0.1076
9612,20.4947,0.4388,2.34,73.39,66.2,5.5107,2.4514,7.9622,0.3345,23.8052,0.5762,0.0229
9613,46.351,0.4597,57.74,85.69,37.11,12.9482,2.3815,15.3297,0.3566,42.9943,0.5481,0.0861
9614,25.657,0.5337,58.14,57.53,25.27,7.1812,2.5633,9.7444,0.4162,23.4126,0.4725,0.1601
9615,20.3628,0.6531,77.48,75.15,16.02,5.303,3.1621,8.4651,0.5085,16.6458,0.3556,0.1854
9616,24.4518,0.4204,39.85,40.56,22.65,6.7047,2.0643,8.769,0.3226,27.1821,0.591,0.0174
9617,32.9016,0.6301,2.26,5.32,13.6,8.792,3.2421,12.0341,0.4933,24.3972,0.3747,0.1385
9618,17.9353,0.4821,62.2,79.58,83.95,5.1689,2.34,7.5089,0.365,20.5743,0.5374,0.2355
9619,16.0368,0.4001,67.53,1.37,77.47,4.289,1.8909,6.1799,0.3058,20.2118,0.6125,0.0178
9620,39.6722,0.502,43.76,14.62,55.69,11.0906,2.4801,13.5707,0.394,34.4392,0.5008,0.1053
9621,30.9968,0.4795,32.79,71.39,12.63,8.6966,2.3947,11.0913,0.37,29.9788,0.5311,0.1314
9622,30.0717,0.5746,75.27,38.65,50.03,8.2435,2.89,11.1335,0.4512,24.6762,0.4283,0.1378
9623,40.9304,0.3147,80.56,42.05,24.5,9.9442,1.6888,11.633,0.2319,50.1639,0.7062,0.016
9624,44.8198,0.5107,25.38,53.73,79.39,12.6215,2.6593,15.2807,0.4036,37.8585,0.4886,0.0914
9625,30.188,0.6363,68.18,20.86,63.46,8.031,3.2402,11.2712,0.4976,22.6533,0.3693,0.1283
9626,29.3271,0.3286,59.07,29.83,36.68,7.3792,1.6689,9.0481,0.251,36.0475,0.6819,0.0159
9627,42.5581,0.3396,42.01,57.79,3.33,10.7566,1.8968,12.6534,0.2499,50.6284,0.6833,0.0197
9628,37.9528,0.4255,11.68,39.1,75.67,10.5006,2.1971,12.6976,0.3309,38.3773,0.5807,0.1229
9629,15.7472,0.4503,82.42,10.46,24.27,4.2858,2.0962,6.382,0.3363,18.9755,0.5738,0.0213
9630,40.9595,0.5163,3.22,55.76,1.27,11.5184,2.5321,14.0505,0.3905,35.9832,0.505,0.0968
9631,30.2246,0.3869,2.03,80.31,77.36,8.0551,1.9852,10.0403,0.3011,33.3407,0.6183,0.017
9632,21.031,0.538,80.69,19.56,15.68,5.8759,2.5652,8.4411,0.4199,20.1022,0.4677,0.1994
9633,27.7463,0.6133,78.91,57.55,53.13,7.5453,3.0347,10.58,0.4736,22.3389,0.3999,0.1467
9634,16.8126,0.3282,77.34,79.47,34.7,4.0381,1.541,5.5791,0.2305,24.2035,0.708,0.0232
9635,19.5253,0.3642,5.31,16.9,2.72,5.1585,1.986,7.1445,0.2868,24.9106,0.6366,0.0209
9636,39.6235,0.3381,35.21,86.05,42.64,10.148,1.8329,11.9809,0.2602,46.0535,0.6703,0.015
9637,35.4743,0.5029,56.59,59.79,46.07,9.9512,2.6119,12.5631,0.3934,31.9382,0.5016,0.1077
9638,17.1046,0.4509,8.14,77.19,34.17,4.5674,2.2413,6.8087,0.3339,20.3945,0.5767,0.261
9639,36.9335,0.6781,48.05,70.11,25.79,9.3256,3.391,12.7166,0.5343,23.8004,0.3231,0.1045
9640,19.1921,0.5617,82.65,13.57,66.92,5.3584,2.7185,8.0769,0.4358,18.5335,0.4475,0.1943
9641,33.9756,0.665,30.7,20.98,14.55,8.5732,3.3366,11.9098,0.5332,22.3375,0.3242,0.1159
9642,31.2707,0.5791,13.31,80.26,19.68,8.56,2.8897,11.4498,0.461,24.8343,0.4156,0.1329
9643,22.9269,0.6026,21.2,79.07,34.37,6.206,2.9728,9.1788,0.4718,19.4545,0.4023,0.1673
9644,45.597,0.5157,59.26,45.99,61.34,12.8632,2.5658,15.429,0.4062,37.9797,0.4851,0.0959
9645,38.5432,0.3821,29.03,14.6,60.36,10.2314,1.8936,12.125,0.2967,40.8638,0.6241,0.0155
9646,28.8778,0.4208,80.14,29.4,72.81,7.8792,2.1567,10.0359,0.3281,30.5836,0.5842,0.0172
9647,46.1757,0.5727,20.93,8.33,11.22,12.7499,2.9296,15.6795,0.4523,34.6653,0.427,0.0866
9648,18.2902,0.386,31.05,44.95,18.23,4.8132,1.9125,6.7257,0.2858,23.5321,0.6379,0.0235
9649,25.4623,0.621,60.73,42.72,47.05,6.8724,2.885,9.7574,0.4876,20.0092,0.3821,0.1585
9650,28.1422,0.5988,44.25,56.07,69.49,7.6911,3.0264,10.7175,0.4678,22.9092,0.4072,0.136
9651,34.4806,0.5391,60.59,68.6,35.56,9.6532,2.7098,12.3629,0.419,29.5043,0.4692,0.1178
9652,17.4869,0.3068,49.68,56.9,88.75,3.9989,1.429,5.4279,0.2243,24.1969,0.7156,0.0208
9653,30.3745,0.495,20.26,6.6,44.31,8.5183,2.4385,10.9568,0.3873,28.2912,0.5092,0.1449
9654,42.7362,0.6,16.3,68.5,62.85,11.5815,3.1554,14.7369,0.4792,30.7533,0.3929,0.1021
9655,27.8745,0.4439,52.81,80.94,22.77,7.7395,2.2125,9.952,0.3421,29.0927,0.5665,0.1483
9656,17.1356,0.6329,54.52,49.73,22.6,4.6253,3.0275,7.6528,0.4901,15.614,0.3793,0.2413
9657,25.1749,0.3081,4.74,47.73,11.64,6.5324,1.416,7.9484,0.2652,29.967,0.6626,0.0202
9658,35.4387,0.304,84.26,41.71,38.04,8.762,1.53,10.292,0.2428,42.3899,0.6924,0.0152
9659,25.617,0.3679,47.61,14.02,14.29,6.7179,1.748,8.4659,0.2798,30.2609,0.6452,0.0206
9660,29.9097,0.3432,57.45,46.01,10.67,7.597,1.7991,9.3961,0.2575,36.4826,0.6736,0.0181
9661,39.2783,0.6053,83.24,77.65,20.96,10.5502,3.0132,13.5634,0.4756,28.5188,0.3976,0.1016
9662,29.9319,0.4606,54.78,76.97,0.33,8.3652,2.4988,10.864,0.3537,30.7152,0.5518,0.151
9663,40.2425,0.5573,36.54,29.29,15.14,11.2833,2.7884,14.0717,0.4379,32.1349,0.4451,0.0992
9664,22.4053,0.4892,64.16,20.45,12.56,6.3234,2.404,8.7274,0.3726,23.423,0.5278,0.1782
9665,21.786,0.4468,36.75,39.42,47.92,6.0423,2.2191,8.2614,0.3425,24.1241,0.566,0.0186
9666,40.7886,0.6675,32.05,23.56,48.9,10.4177,3.289,13.7067,0.5244,26.1384,0.3356,0.0986
9667,17.2457,0.5005,0.73,3.83,17.01,4.8196,2.5856,7.4052,0.3733,19.8372,0.5269,0.2867
9668,35.4144,0.6236,79.47,8.69,22.21,9.4645,3.105,12.5696,0.4887,25.718,0.3806,0.1081
9669,18.6937,0.5493,75.2,83.93,8.22,5.09,2.8207,7.9107,0.4296,18.4139,0.4556,0.2009
9670,44.6653,0.5518,72.15,69.83,71.1,12.591,2.7882,15.3793,0.4345,35.3914,0.4494,0.0982
9671,17.0222,0.3737,82.55,8.34,64.71,4.4358,1.8478,6.2836,0.2786,22.5533,0.6469,0.0206
9672,44.9516,0.5719,45.12,28.24,58.49,12.4351,2.9154,15.3504,0.4472,34.322,0.433,0.0914
9673,43.6281,0.5481,33.09,65.22,69.34,12.2251,2.8216,15.0467,0.4305,34.9529,0.4542,0.0904
9674,34.2742,0.3143,7.24,81.0,18.82,8.6349,1.6717,10.3066,0.2465,41.813,0.6876,0.0223
9675,43.4695,0.3752,35.87,30.74,40.6,11.6592,2.0737,13.7329,0.2936,46.7681,0.6278,0.0149
9676,33.6363,0.419,4.99,49.79,2.8,9.2844,2.1309,11.4153,0.3295,34.6398,0.5822,0.1338
9677,24.5299,0.5854,10.06,27.67,49.35,6.7258,2.84,9.5658,0.4621,20.6987,0.4142,0.1594
9678,33.3004,0.4032,17.16,44.73,68.16,9.0913,2.0317,11.123,0.3116,35.6991,0.6051,0.0163
9679,21.7575,0.4445,74.8,1.06,75.26,5.9848,2.0995,8.0843,0.3416,23.6668,0.5671,0.0195
9680,31.1031,0.3105,81.37,70.03,39.67,7.7527,1.6541,9.4067,0.2477,37.9689,0.686,0.0169
9681,22.2641,0.3004,11.6,23.8,38.41,5.4478,1.4941,6.9419,0.2324,29.8728,0.7029,0.0215
9682,28.9868,0.3962,4.73,7.34,53.49,7.8697,1.9689,9.8386,0.3094,31.7988,0.6075,0.024
9683,27.1907,0.3058,2.34,60.45,22.83,6.7962,1.2815,8.0777,0.2435,33.1694,0.6911,0.0229
9684,43.1189,0.3171,54.45,72.91,68.98,10.8213,1.7291,12.5503,0.2462,50.9732,0.6879,0.0143
9685,29.5169,0.5079,23.76,48.91,82.53,8.32,2.5547,10.8747,0.4035,26.9492,0.4888,0.1586
9686,39.5206,0.3063,29.54,84.32,32.78,9.6301,1.601,11.2311,0.2335,48.0964,0.704,0.0151
9687,19.8799,0.6478,43.02,33.17,86.03,5.1039,3.2525,8.3564,0.5076,16.4611,0.357,0.1804
9688,30.4472,0.3045,73.26,1.02,30.1,7.2354,1.4951,8.7305,0.2193,39.8061,0.722,0.0153
9689,18.8989,0.4708,13.46,29.62,65.27,5.1858,2.3938,7.5796,0.3683,20.58,0.5332,0.2172
9690,37.9226,0.3265,14.9,70.44,21.09,9.5209,1.6371,11.1581,0.2439,45.7484,0.6908,0.0166
9691,41.0269,0.4546,60.44,63.8,30.76,11.4546,2.3482,13.8028,0.3539,39.0033,0.5516,0.0942
9692,43.5186,0.6265,0.08,49.89,4.19,11.8566,3.455,15.3116,0.4966,30.8319,0.3707,0.1009
9693,43.5055,0.3601,88.38,57.57,25.55,11.2985,1.9462,13.2447,0.2805,47.2262,0.6445,0.0156
9694,18.0182,0.5055,66.44,64.18,33.35,4.973,2.4442,7.4172,0.3746,19.8,0.5251,0.2277
9695,31.8403,0.649,6.88,0.85,23.6,8.3047,3.2519,11.5566,0.5127,22.5413,0.3502,0.1408
9696,43.0842,0.5461,69.89,72.37,52.25,12.0387,2.8275,14.8662,0.4299,34.5808,0.4552,0.0969
9697,24.7068,0.5505,64.54,17.15,16.26,6.8623,2.7594,9.6217,0.4324,22.2503,0.452,0.1722
9698,18.4506,0.4994,48.33,85.19,40.44,5.1454,2.3437,7.4891,0.3736,20.047,0.5267,0.1849
9699,25.3521,0.5623,83.99,74.63,52.63,7.0177,2.7757,9.7935,0.4429,22.1115,0.4386,0.1554
9700,22.8532,0.4143,85.1,42.67,37.08,6.33,2.1571,8.4871,0.3303,25.6951,0.5815,0.0165
9701,18.4048,0.4349,3.31,46.65,43.35,5.0624,2.3883,7.4507,0.3363,22.1558,0.5739,0.0235
9702,43.2317,0.6972,9.18,28.42,83.78,10.628,3.5573,14.1854,0.5501,25.788,0.303,0.09
9703,32.6148,0.6857,11.07,69.82,85.89,8.0155,3.4651,11.4806,0.5456,21.0403,0.3089,0.1192
9704,30.329,0.5836,89.73,31.16,42.53,8.3364,2.9852,11.3216,0.4525,25.0192,0.4267,0.1322
9705,40.3591,0.4602,89.73,82.84,25.89,11.2368,2.3386,13.5755,0.3596,37.7495,0.5444,0.0954
9706,37.8404,0.3293,72.16,65.18,3.23,9.4717,1.6631,11.1348,0.2478,44.9365,0.6861,0.0178
9707,28.6933,0.3769,0.98,64.27,52.59,7.5434,1.7369,9.2804,0.2869,32.3441,0.6363,0.0192
9708,36.777,0.6168,9.52,57.66,66.5,9.9212,3.1931,13.1143,0.4872,26.919,0.3827,0.1056
9709,31.4706,0.5996,3.13,42.37,73.92,8.5684,3.08,11.6484,0.457,25.4875,0.4209,0.1261
9710,40.2232,0.4202,43.32,56.61,4.39,11.0743,1.9136,12.9878,0.3163,41.0589,0.5991,0.0999
9711,21.6368,0.5097,64.89,43.99,65.59,6.0612,2.5229,8.5841,0.3978,21.5793,0.496,0.1779
9712,19.69,0.6635,67.37,47.09,43.96,5.1092,3.3183,8.4275,0.5237,16.0922,0.3366,0.176
9713,24.2757,0.6796,73.11,70.54,11.86,6.0881,3.4439,9.5321,0.5372,17.7434,0.3197,0.155
9714,20.8397,0.4931,2.8,44.18,71.79,5.8356,2.7098,8.5454,0.3937,21.7054,0.501,0.2153
9715,43.9586,0.4302,19.73,16.14,75.9,12.0164,2.2834,14.2997,0.3318,43.0961,0.5795,0.1006
9716,23.9594,0.6479,83.57,6.3,53.24,6.0879,3.2375,9.3254,0.5174,18.0233,0.3444,0.1662
9717,35.6471,0.5047,62.44,8.75,18.96,10.0563,2.5267,12.583,0.3923,32.0716,0.503,0.1063
9718,20.0703,0.556,66.39,10.96,62.38,5.6393,2.611,8.2503,0.4362,18.9153,0.4475,0.205
9719,33.2716,0.4298,14.45,8.02,45.41,9.2291,2.1111,11.3402,0.3365,33.7034,0.5735,0.1222
9720,44.3026,0.3925,36.19,46.23,42.82,12.0961,2.1082,14.2043,0.3069,46.2855,0.6111,0.0147
9721,19.4806,0.5446,18.76,46.79,9.88,5.4607,2.6146,8.0753,0.422,19.1355,0.4653,0.2231
9722,18.2036,0.3169,12.9,81.95,71.15,4.5639,1.786,6.35,0.2509,25.3114,0.682,0.0199
9723,31.5954,0.5031,84.19,38.59,41.61,8.8546,2.5658,11.4205,0.3965,28.8012,0.4975,0.1309
9724,22.6312,0.6832,88.27,89.02,86.76,5.7212,3.4155,9.1367,0.5404,16.9079,0.3154,0.1887
9725,40.138,0.6007,89.58,77.93,66.17,11.011,3.0169,14.0279,0.4696,29.8725,0.4049,0.1056
9726,23.4743,0.5353,75.61,12.9,57.29,6.5016,2.6522,9.1538,0.4226,21.6623,0.4645,0.1684
9727,17.1843,0.3353,37.24,59.78,9.56,4.2478,1.7373,5.9851,0.2345,25.523,0.7029,0.0241
9728,39.9103,0.5995,0.36,57.01,12.12,11.0717,2.859,13.9307,0.4715,29.5427,0.4024,0.1257
9729,42.2869,0.4034,51.03,56.49,1.21,11.5182,2.3055,13.8238,0.3041,45.46,0.6147,0.0951
9730,45.9286,0.5182,37.36,1.6,0.13,12.9741,2.443,15.4171,0.4027,38.2856,0.4896,0.0981
9731,19.4936,0.4158,27.35,4.86,81.52,5.2977,1.7546,7.0523,0.3175,22.2144,0.5974,0.018
9732,40.2664,0.4692,57.03,78.5,72.74,11.3458,2.4598,13.8056,0.3678,37.5395,0.5339,0.1098
9733,17.28,0.5658,15.82,47.36,22.48,4.8771,2.8495,7.7266,0.4309,17.9304,0.4539,0.2592
9734,36.8542,0.4903,15.75,53.7,0.91,10.4162,2.8011,13.2173,0.383,34.5082,0.5147,0.1279
9735,18.4111,0.5004,74.75,25.0,86.64,5.0569,2.4329,7.4898,0.3894,19.2328,0.5064,0.1847
9736,44.0244,0.5894,26.27,17.68,1.94,12.0443,3.1152,15.1595,0.469,32.3222,0.4058,0.0987
9737,36.0737,0.6823,43.71,65.77,58.68,9.0971,3.4455,12.5426,0.5361,23.3939,0.321,0.1041
9738,46.8407,0.6007,62.94,49.31,20.24,12.7845,3.08,15.8645,0.4737,33.4901,0.3998,0.0869
9739,19.0624,0.5399,23.21,5.88,70.42,5.2754,2.6149,7.8903,0.4369,18.059,0.4466,0.1979
9740,42.5274,0.5536,2.77,74.5,68.73,11.8074,2.8676,14.675,0.4245,34.5736,0.4621,0.0824
9741,46.6168,0.6012,79.66,65.53,87.97,12.7387,3.1055,15.8443,0.475,33.3543,0.3981,0.0875
9742,18.3942,0.6825,60.48,47.02,17.37,4.6284,3.4087,8.0371,0.54,14.8841,0.3158,0.2195
9743,20.4814,0.4865,51.68,49.95,39.25,5.7433,2.4637,8.2071,0.3754,21.8622,0.5243,0.1978
9744,25.0053,0.3355,87.16,45.22,64.6,6.5544,1.7116,8.266,0.2779,29.7466,0.6479,0.0161
9745,24.7912,0.4509,88.02,6.56,53.42,6.8512,2.3182,9.1695,0.3473,26.4056,0.5601,0.156
9746,31.9026,0.4423,26.24,21.96,86.07,8.7054,2.3079,11.0133,0.3366,32.7215,0.5734,0.1164
9747,45.6,0.6901,68.04,87.83,65.14,11.3835,3.3819,14.7654,0.5432,27.1824,0.3121,0.0869
9748,26.1107,0.5128,86.29,59.78,8.73,7.3659,2.3825,9.7484,0.3979,24.4994,0.4958,0.1567
9749,17.3619,0.6645,47.27,16.43,26.04,4.4332,3.227,7.6601,0.5266,14.5451,0.3328,0.2245
9750,42.4651,0.4341,15.62,15.55,47.59,11.7254,2.2919,14.0173,0.3341,41.9595,0.5766,0.098
9751,45.8055,0.6149,22.98,79.86,39.93,12.2788,3.1336,15.4124,0.4858,31.7252,0.3846,0.0902
9752,43.1121,0.5241,19.15,39.03,29.13,12.159,2.7175,14.8765,0.4101,36.2748,0.4803,0.098
9753,38.5602,0.3396,79.55,45.12,38.25,9.9475,1.7046,11.6521,0.263,44.3111,0.6667,0.0168
9754,21.5221,0.3325,81.04,64.88,73.4,5.3586,1.6302,6.9888,0.2523,27.7037,0.6804,0.0179
9755,46.0734,0.5648,85.23,47.7,88.47,12.8384,2.952,15.7903,0.4465,35.3636,0.4342,0.0933
9756,45.5362,0.4998,61.98,82.27,81.76,12.8855,2.5108,15.3963,0.3919,39.2816,0.5034,0.095
9757,26.3649,0.4749,47.18,34.27,80.38,7.4311,2.1999,9.631,0.3659,26.3205,0.5363,0.1562
9758,31.404,0.6497,86.68,77.15,71.9,8.1177,3.2408,11.3585,0.5141,22.0945,0.3487,0.1238
9759,33.5076,0.5544,8.42,65.46,13.65,9.3474,2.6978,12.0452,0.4333,27.7961,0.4507,0.1298
9760,20.5166,0.3017,61.13,60.98,72.35,4.9065,1.4793,6.3858,0.2268,28.1584,0.7126,0.0188
9761,41.6784,0.6585,85.6,24.9,26.47,10.7886,3.297,14.0856,0.5136,27.4276,0.3494,0.0916
9762,31.6699,0.3293,53.97,36.04,54.56,8.1623,1.764,9.9263,0.2622,37.8596,0.6678,0.0157
9763,23.5299,0.5361,65.73,26.53,35.56,6.5632,2.6785,9.2418,0.4187,22.0715,0.4694,0.1678
9764,44.4587,0.3367,81.69,14.95,32.49,11.3088,1.7916,13.1004,0.2594,50.504,0.6712,0.0157
9765,25.5638,0.6328,38.4,5.73,23.47,6.5532,3.2141,9.7673,0.5225,18.6939,0.3383,0.1714
9766,22.5298,0.5443,83.46,18.72,60.82,6.2631,2.6456,8.9087,0.4268,20.8731,0.4592,0.1812
9767,32.711,0.6506,23.11,23.74,37.05,8.3855,3.2468,11.6323,0.5199,22.3744,0.3412,0.1232
9768,30.1457,0.5602,20.66,62.61,43.37,8.4073,2.7742,11.1815,0.438,25.5295,0.445,0.1343
9769,23.0557,0.4442,63.15,24.27,3.19,6.3545,2.3467,8.7012,0.3393,25.6452,0.5698,0.0176
9770,46.318,0.6663,60.83,59.92,59.41,11.8079,3.3226,15.1305,0.5263,28.7486,0.3332,0.0871
9771,37.5221,0.6727,50.76,3.15,88.7,9.2052,3.4691,12.6743,0.5503,23.0308,0.3028,0.1076
9772,34.7265,0.4588,13.13,25.43,58.71,9.7612,2.4097,12.1709,0.3585,33.9533,0.5456,0.1236
9773,44.403,0.6486,62.42,4.6,15.04,11.4597,3.3279,14.7876,0.5234,28.2506,0.337,0.0962
9774,36.2425,0.3171,78.23,8.08,88.27,9.009,1.7126,10.7215,0.2475,43.3175,0.6863,0.0168
9775,27.1525,0.4452,44.31,78.67,25.96,7.5466,2.1803,9.7269,0.3444,28.2405,0.5634,0.1418
9776,24.9867,0.386,35.57,10.21,86.84,6.5775,1.9571,8.5345,0.3037,28.1061,0.6152,0.0163
9777,45.3011,0.6734,86.62,15.05,11.41,11.2857,3.4093,14.6951,0.5375,27.3393,0.319,0.0915
9778,24.9758,0.639,66.47,49.61,80.32,6.6755,3.0513,9.7268,0.4978,19.5385,0.3692,0.1333
9779,34.6058,0.5211,18.27,72.44,66.11,9.7693,2.6825,12.4518,0.4131,30.1442,0.4767,0.1277
9780,20.1432,0.6089,29.07,44.34,2.53,5.4989,2.8746,8.3734,0.4772,17.5465,0.3954,0.2011
9781,28.1028,0.6184,82.53,58.13,28.51,7.5973,3.1059,10.7033,0.4799,22.305,0.392,0.1236
9782,28.8711,0.6153,6.3,86.11,77.87,7.8914,2.9522,10.8436,0.4678,23.1786,0.407,0.136
9783,40.6358,0.4012,38.08,10.98,53.7,11.073,2.1463,13.2193,0.3164,41.7866,0.5992,0.0167
9784,40.2358,0.5299,1.86,44.75,35.18,11.3242,2.5679,13.8921,0.408,34.0459,0.4828,0.1069
9785,35.9245,0.5474,32.96,20.74,27.96,9.9951,2.7759,12.771,0.4338,29.4406,0.4505,0.1087
9786,23.2489,0.5942,60.83,6.59,53.69,6.3774,2.858,9.2354,0.4625,19.9699,0.414,0.1684
9787,40.1541,0.6922,6.52,12.56,83.73,9.8703,3.4475,13.3178,0.5437,24.4932,0.3108,0.0922
9788,40.2509,0.4855,6.73,30.58,51.79,11.4014,2.4461,13.8475,0.3747,36.9574,0.5251,0.1078
9789,38.7369,0.6979,66.84,43.76,81.61,9.7148,3.4,13.1148,0.5394,24.3122,0.3166,0.0998
9790,24.2501,0.6673,81.36,64.27,42.01,6.2014,3.2802,9.4816,0.5179,18.3063,0.3438,0.1714
9791,33.1823,0.3007,24.37,39.21,21.53,7.893,1.4652,9.3582,0.2213,42.2907,0.7195,0.0163
9792,26.8823,0.6326,41.54,75.14,32.66,7.0514,3.0866,10.138,0.501,20.2356,0.365,0.1578
9793,33.6254,0.3327,3.64,20.07,40.96,8.8407,1.9241,10.7648,0.2765,38.9276,0.6494,0.0192
9794,37.349,0.608,3.79,78.25,87.76,10.0473,2.9426,12.9899,0.4668,27.8254,0.4085,0.1077
9795,17.262,0.4247,48.09,51.5,83.65,4.5955,1.9812,6.5767,0.3146,20.9025,0.6013,0.0181
9796,44.3818,0.5694,65.18,53.6,45.56,12.354,2.9651,15.3191,0.449,34.1148,0.431,0.0944
9797,19.4983,0.3782,62.12,46.24,47.52,5.0525,1.8324,6.8848,0.2829,24.3339,0.6415,0.0173
9798,45.6176,0.5107,29.55,16.62,9.94,12.8032,2.6361,15.4393,0.3994,38.6555,0.494,0.0901
9799,23.7848,0.4253,73.91,62.81,22.67,6.4558,2.1569,8.6127,0.3197,26.9362,0.5949,0.0187
9800,33.7715,0.3402,3.11,7.95,46.81,8.8869,1.9124,10.7993,0.2777,38.8819,0.6478,0.0202
9801,27.3054,0.6835,16.78,74.56,40.96,6.7365,3.3748,10.1113,0.5445,18.5698,0.3099,0.1525
9802,36.0338,0.6205,88.79,37.54,10.62,9.6492,3.2516,12.9008,0.4848,26.6082,0.3859,0.1198
9803,27.7943,0.5979,58.44,66.62,75.84,7.518,2.8758,10.3938,0.4731,21.9719,0.4007,0.1418
9804,26.4951,0.6425,85.9,81.67,73.1,6.9724,3.1795,10.1519,0.5013,20.2522,0.3651,0.1612
9805,41.4281,0.6972,58.24,67.0,64.7,10.2514,3.4917,13.7431,0.5483,25.0651,0.3053,0.0934
9806,43.4137,0.4413,27.6,45.06,8.58,12.1385,2.3712,14.5097,0.3385,42.8583,0.5713,0.1081
9807,39.2245,0.6991,55.31,67.96,18.53,9.4948,3.4919,12.9868,0.555,23.3991,0.2967,0.107
9808,27.0894,0.3412,23.19,58.29,17.74,6.7641,1.571,8.3351,0.2484,33.5598,0.6853,0.0166
9809,35.3245,0.5013,39.7,62.96,80.29,9.9699,2.5418,12.5117,0.3931,31.8319,0.5019,0.1121
9810,39.9121,0.3078,48.14,53.35,21.45,9.8107,1.5731,11.3838,0.2316,49.1585,0.7065,0.0148
9811,32.7086,0.3641,22.61,13.07,2.65,8.4369,1.5304,9.9673,0.2673,37.2921,0.6613,0.0167
9812,33.4108,0.337,79.0,61.31,25.8,8.4337,1.6245,10.0582,0.2568,39.1684,0.6745,0.0155
9813,21.4566,0.3447,40.1,54.14,37.3,5.4005,1.7655,7.166,0.2579,27.7874,0.673,0.0156
9814,32.2975,0.4769,0.36,83.71,85.84,9.0718,2.5547,11.6265,0.3712,31.3209,0.5297,0.132
9815,34.4738,0.5521,70.2,85.7,50.79,9.5529,2.7785,12.3314,0.4341,28.4082,0.4499,0.1181
9816,17.6569,0.5282,17.98,64.63,43.28,4.9271,2.6513,7.5783,0.4082,18.5635,0.4827,0.2308
9817,21.5481,0.5365,57.59,29.09,83.54,5.9647,2.7085,8.6732,0.4152,20.8878,0.4738,0.1869
9818,18.8552,0.6287,12.27,30.51,81.54,4.997,3.1289,8.1259,0.4804,16.9157,0.3912,0.2116
9819,42.9284,0.4224,84.97,16.77,59.58,11.7815,2.2701,14.0515,0.328,42.8421,0.5843,0.0988
9820,43.1167,0.5766,3.15,81.11,80.93,11.876,2.9598,14.8358,0.4396,33.7465,0.443,0.1005
9821,43.3503,0.4151,32.36,60.34,72.69,11.9618,2.2311,14.1929,0.3252,43.6478,0.5879,0.0948
9822,37.4353,0.566,67.56,10.29,57.55,10.2718,2.8729,13.1447,0.442,29.7358,0.44,0.1081
9823,39.4295,0.6317,33.97,26.27,50.96,10.4576,3.0914,13.5491,0.4946,27.3947,0.3732,0.1043
9824,28.5018,0.5469,28.29,27.14,7.77,7.9749,2.6353,10.6101,0.417,25.4439,0.4716,0.1452
9825,32.6408,0.3306,4.5,58.85,54.8,8.496,1.8653,10.3613,0.271,38.2378,0.6566,0.0187
9826,46.2127,0.3988,3.84,88.32,88.09,12.5765,2.2133,14.7898,0.3224,45.8714,0.5915,0.0947
9827,19.5959,0.6678,87.91,26.9,51.18,4.9321,3.2597,8.1918,0.5233,15.6547,0.3372,0.2039
9828,22.3026,0.3603,19.69,7.44,88.05,5.5593,1.642,7.2013,0.2553,28.2066,0.6764,0.0195
9829,32.0077,0.5092,38.89,61.95,2.23,9.1394,2.5596,11.699,0.4015,29.1365,0.4911,0.1278
9830,28.4161,0.4362,19.79,19.61,81.4,7.8405,2.1248,9.9654,0.3348,29.7686,0.5756,0.0172
9831,41.9193,0.5919,45.09,67.96,78.17,11.5596,3.0305,14.5901,0.4626,31.5362,0.414,0.0947
9832,17.1553,0.6104,59.65,74.47,66.88,4.7573,2.9454,7.7027,0.4714,16.3404,0.403,0.2394
9833,22.9062,0.6512,87.99,36.24,46.9,5.9374,3.2358,9.1732,0.5117,17.9272,0.3518,0.1878
9834,27.7744,0.6789,54.42,4.02,17.29,6.7831,3.4515,10.2346,0.5582,18.3352,0.2929,0.1447
9835,22.2728,0.616,51.46,46.64,62.02,5.9714,3.0865,9.058,0.4834,18.7365,0.3873,0.1929
9836,38.9394,0.3443,62.85,8.21,64.29,9.9865,1.7698,11.7563,0.2688,43.733,0.6594,0.0163
9837,46.6465,0.4014,31.9,14.53,72.8,12.6403,2.1662,14.8065,0.3139,47.1718,0.6023,0.0894
9838,44.4603,0.3286,6.87,17.4,49.96,11.1286,1.8021,12.9307,0.2494,51.851,0.684,0.0182
9839,46.9578,0.4455,61.64,47.92,23.84,13.0821,2.3401,15.4222,0.3466,44.4955,0.5609,0.0828
9840,22.6681,0.4712,66.71,54.99,76.09,6.3221,2.3113,8.6334,0.3638,23.7279,0.5388,0.1757
9841,43.1065,0.4342,85.99,40.33,60.45,11.9364,2.3356,14.272,0.3405,41.9174,0.5684,0.0967
9842,36.0049,0.4326,75.61,7.52,85.58,9.8869,2.2232,12.1101,0.3352,36.129,0.5753,0.1022
9843,44.8758,0.5725,47.28,62.04,32.55,12.4305,2.9122,15.3427,0.4482,34.2322,0.4321,0.0874
9844,31.9202,0.5582,77.52,67.93,19.66,8.8889,2.7294,11.6183,0.4362,26.6381,0.4474,0.1341
9845,31.5792,0.5736,7.27,87.38,31.04,8.5915,2.9677,11.5593,0.4462,25.9074,0.4346,0.1319
9846,16.8991,0.6074,39.6,16.7,17.95,4.4965,2.9731,7.4697,0.4802,15.5554,0.3915,0.2365
9847,44.616,0.3445,76.85,9.33,14.39,11.3796,1.754,13.1337,0.2624,50.053,0.6675,0.0176
9848,45.8957,0.6797,19.18,75.04,41.23,11.4176,3.472,14.8896,0.5428,27.4328,0.3124,0.0857
9849,36.5227,0.3245,84.96,76.72,61.75,9.0849,1.7065,10.7914,0.2438,44.2544,0.6909,0.016
9850,23.3672,0.3594,61.44,43.33,12.26,6.0851,1.8469,7.9321,0.2735,29.007,0.6535,0.0189
9851,26.7901,0.3165,82.22,67.88,55.14,6.6785,1.5408,8.2194,0.2489,33.0223,0.6845,0.0185
9852,33.6783,0.4387,46.19,35.99,70.87,9.482,2.2417,11.7238,0.3492,33.5741,0.5576,0.1167
9853,33.9564,0.6203,2.36,79.84,30.31,9.1901,3.1808,12.3709,0.4777,25.894,0.3943,0.1347
9854,24.6207,0.4668,64.9,28.43,70.79,6.7837,2.3432,9.1269,0.3669,24.8782,0.535,0.1657
9855,34.6112,0.6308,60.52,59.55,18.83,9.2686,3.2107,12.4793,0.4991,25.0039,0.3677,0.1118
9856,16.3272,0.3439,53.92,10.17,39.37,3.8795,1.5229,5.4025,0.2383,22.6696,0.6978,0.0215
9857,29.6148,0.6267,57.26,16.59,46.13,7.8604,3.0905,10.951,0.4934,22.1957,0.3749,0.1331
9858,24.6227,0.4387,25.35,81.08,89.14,6.7827,2.1899,8.9726,0.3347,26.8087,0.5759,0.0177
9859,41.232,0.5808,11.25,84.58,11.47,11.3551,2.987,14.3421,0.461,31.1095,0.416,0.0994
9860,35.475,0.5908,71.5,51.16,3.53,9.8494,3.079,12.9284,0.4556,28.374,0.4227,0.1065
9861,29.0333,0.443,14.4,75.17,10.06,8.0018,2.3491,10.3509,0.3392,30.5159,0.5701,0.1551
9862,38.6422,0.3048,45.36,14.39,0.75,9.3041,1.263,10.5671,0.2244,47.0891,0.7156,0.0185
9863,30.8773,0.5074,32.21,33.96,82.2,8.6527,2.5932,11.246,0.3917,28.7105,0.5036,0.1277
9864,19.8843,0.6483,67.76,44.23,84.95,5.1358,3.2105,8.3464,0.5111,16.3289,0.3524,0.1724
9865,20.1006,0.6062,14.12,37.4,32.85,5.4027,3.0404,8.4432,0.4815,17.5334,0.39,0.2143
9866,40.818,0.5233,30.27,6.5,80.83,11.4127,2.7029,14.1156,0.4085,34.5583,0.4823,0.1025
9867,26.2219,0.363,75.29,42.88,28.05,6.9105,1.7174,8.6279,0.2776,31.0751,0.6481,0.017
9868,22.5566,0.6276,81.26,29.99,51.61,6.0282,3.0924,9.1206,0.492,18.538,0.3768,0.1678
9869,22.0388,0.3705,13.3,9.96,86.82,5.7258,1.893,7.6189,0.2873,26.5145,0.6356,0.0196
9870,34.5794,0.4734,26.62,72.34,5.2,9.6306,2.4522,12.0828,0.3586,33.6923,0.5457,0.1181
9871,32.3642,0.6586,26.29,53.46,40.35,8.2776,3.2337,11.5113,0.5247,21.9408,0.3354,0.1253
9872,29.1067,0.6407,32.39,79.32,67.5,7.7112,3.2085,10.9197,0.5068,21.5461,0.3579,0.1426
9873,26.8418,0.3098,48.59,40.04,21.59,6.4974,1.4973,7.9947,0.23,34.7631,0.7086,0.0155
9874,33.3093,0.5135,35.72,83.1,11.57,9.3583,2.5424,11.9007,0.3982,29.8849,0.4955,0.1179
9875,16.1153,0.6481,88.3,36.46,83.36,4.1962,2.9589,7.1551,0.4955,14.4405,0.3722,0.2719
9876,26.5678,0.4918,54.16,77.11,33.47,7.439,2.3916,9.8306,0.3803,25.8488,0.5179,0.1542
9877,30.1289,0.6876,1.21,9.17,1.89,7.7652,3.5826,11.3478,0.5326,21.3066,0.3249,0.1687
9878,30.8602,0.511,47.7,65.06,45.17,8.6507,2.5803,11.231,0.3974,28.2604,0.4964,0.1199
9879,19.0238,0.3308,27.26,35.67,42.95,4.7035,1.5137,6.2172,0.2442,25.4619,0.6904,0.0183
9880,39.416,0.4579,45.88,72.75,3.77,11.0128,2.1286,13.1415,0.3493,37.6269,0.5576,0.1043
9881,40.0034,0.3105,75.83,46.81,63.94,9.9073,1.5869,11.4942,0.2427,47.365,0.6925,0.0147
9882,26.5916,0.6255,35.94,21.29,82.89,6.9473,3.0247,9.972,0.4951,20.1417,0.3725,0.1408
9883,28.0523,0.6091,75.5,12.16,13.22,7.6342,2.9828,10.617,0.4734,22.4282,0.4001,0.1349
9884,31.8365,0.3298,66.1,25.15,55.6,8.0946,1.7324,9.8271,0.2589,37.9559,0.6718,0.0162
9885,46.6002,0.3951,42.24,83.09,61.56,12.6204,2.0454,14.6659,0.3063,47.8796,0.6118,0.0148
9886,29.226,0.3151,76.04,56.12,79.89,7.255,1.6138,8.8687,0.2422,36.6163,0.6929,0.0158
9887,15.826,0.5568,88.65,3.29,17.68,4.2444,2.7062,6.9506,0.436,15.9411,0.4476,0.2466
9888,39.6657,0.5085,84.96,3.88,49.56,11.1431,2.6257,13.7689,0.3983,34.5665,0.4953,0.1083
9889,23.1186,0.5606,67.56,79.84,28.42,6.4631,2.714,9.1771,0.4318,21.2513,0.4528,0.17
9890,25.9707,0.306,5.87,74.45,70.11,6.581,1.3727,7.9536,0.2574,30.8965,0.6737,0.023
9891,18.4025,0.6545,38.17,51.36,70.42,4.7611,3.2011,7.9622,0.5111,15.5788,0.3523,0.221
9892,28.5002,0.6278,21.74,0.81,86.77,7.3158,3.2983,10.6141,0.5207,20.3856,0.3405,0.1338
9893,34.1586,0.4943,61.48,75.47,55.77,9.6078,2.4695,12.0773,0.3866,31.2375,0.5101,0.1153
9894,16.4447,0.4689,43.28,83.34,10.8,4.5087,2.274,6.7827,0.3389,20.013,0.5705,0.2344
9895,46.2346,0.4446,34.76,50.77,72.76,12.9176,2.3247,15.2423,0.3447,44.2244,0.5634,0.0872
9896,40.5305,0.4534,38.85,32.66,13.4,11.4128,2.329,13.7418,0.3526,38.9773,0.5533,0.1039
9897,27.248,0.5802,55.96,19.62,72.86,7.5197,2.7993,10.319,0.4553,22.6652,0.4232,0.1429
9898,25.1702,0.4928,46.51,60.49,17.83,7.049,2.4317,9.4807,0.387,24.499,0.5095,0.1724
9899,29.666,0.4446,47.12,67.82,12.35,8.2803,2.2847,10.565,0.3398,31.0906,0.5695,0.1415
9900,21.9872,0.3121,76.35,63.89,80.25,5.2596,1.5581,6.8177,0.238,28.6487,0.6984,0.0159
9901,24.9277,0.4942,70.82,44.82,28.45,7.0713,2.3904,9.4616,0.3888,24.3377,0.5077,0.1682
9902,47.0502,0.4256,79.69,20.98,76.9,12.9904,2.3141,15.3045,0.3338,45.8455,0.5769,0.0857
9903,23.3911,0.3811,69.51,73.94,38.47,6.1792,1.9304,8.1096,0.292,27.768,0.63,0.017
9904,35.2137,0.5136,47.62,88.24,5.66,9.8646,2.6607,12.5253,0.3981,31.4661,0.4956,0.1116
9905,24.677,0.3257,4.21,46.9,42.35,6.5815,1.6419,8.2234,0.2807,29.3002,0.6439,0.0212
9906,40.7653,0.4709,63.54,8.42,37.07,11.4013,2.4877,13.8891,0.3671,37.8318,0.5348,0.0923
9907,35.2076,0.4302,20.16,10.86,8.43,9.6541,2.1471,11.8012,0.3225,36.5982,0.591,0.1302
9908,32.751,0.5623,50.64,61.28,21.94,9.0695,2.8191,11.8886,0.4456,26.6823,0.4355,0.1198
9909,18.4048,0.422,89.19,20.99,37.73,4.9603,2.1221,7.0825,0.332,21.3335,0.5793,0.019
9910,17.0295,0.4308,49.39,20.48,3.72,4.6865,2.1822,6.8687,0.3233,21.2465,0.5902,0.0225
9911,37.8203,0.6514,27.05,61.32,19.64,9.8068,3.1935,13.0004,0.5214,24.935,0.3394,0.1087
9912,30.7841,0.5437,80.0,49.96,88.98,8.5588,2.734,11.2928,0.4356,25.9253,0.4483,0.1413
9913,31.5874,0.6018,52.41,52.19,15.21,8.6079,3.0133,11.6212,0.4765,24.3908,0.3964,0.1282
9914,18.9136,0.6422,41.85,4.42,62.75,4.8418,3.1628,8.0046,0.5247,15.2541,0.3352,0.2049
9915,25.5987,0.5921,21.64,7.03,57.68,7.0127,3.0333,10.046,0.4662,21.551,0.4092,0.1515
9916,45.344,0.6033,74.97,13.38,23.27,12.2338,3.117,15.3509,0.4783,32.094,0.3938,0.0962
9917,26.6017,0.5616,12.56,88.32,42.49,7.2933,2.8315,10.1248,0.4374,23.1496,0.4458,0.1491
9918,35.3204,0.5908,37.33,78.14,87.3,9.5368,3.0625,12.5993,0.4712,26.7391,0.403,0.1087
9919,26.0379,0.4471,56.36,18.47,6.37,7.2325,2.0464,9.2789,0.3458,26.8346,0.5618,0.1623
9920,30.3551,0.6711,87.96,33.26,7.76,7.7482,3.4506,11.1988,0.5231,21.4066,0.3371,0.1294
9921,20.0533,0.687,63.63,88.88,25.15,4.8191,3.4008,8.2199,0.5516,14.9014,0.3012,0.1971
9922,37.0686,0.5444,29.77,63.85,6.26,10.358,2.8506,13.2086,0.4281,30.8524,0.4574,0.1046
9923,16.4096,0.3392,18.74,89.15,81.56,4.0599,1.4216,5.4815,0.2433,22.5304,0.6916,0.0195
9924,45.0777,0.3338,1.24,74.13,36.24,11.6548,2.0003,13.6551,0.264,51.7193,0.6655,0.0213
9925,18.3021,0.4807,18.31,78.78,86.44,5.1321,2.3085,7.4406,0.3689,20.1702,0.5325,0.2113
9926,28.8953,0.6883,41.57,28.62,53.71,7.2287,3.3923,10.6211,0.5386,19.7181,0.3179,0.1478
9927,19.3631,0.3268,10.41,15.01,85.83,4.8708,1.8151,6.6859,0.2696,24.8002,0.6585,0.0199
9928,32.168,0.4715,67.57,80.31,69.58,9.0091,2.3413,11.3504,0.368,30.8413,0.5337,0.1247
9929,46.016,0.4852,6.25,17.87,7.09,13.0672,2.4635,15.5307,0.3768,41.2212,0.5224,0.0972
9930,19.2098,0.474,52.0,49.58,60.65,5.4031,2.3849,7.7881,0.3677,21.1783,0.5341,0.2033
9931,33.2944,0.5878,69.96,56.48,62.46,9.1888,2.8344,12.0232,0.4556,26.389,0.4225,0.118
9932,42.5133,0.5427,84.32,29.31,5.96,11.9388,2.954,14.8928,0.4212,35.356,0.4663,0.1009
9933,31.6046,0.5502,12.4,33.53,37.13,8.7893,2.8856,11.6749,0.4321,27.0193,0.4524,0.1452
9934,38.7779,0.6357,51.58,71.24,65.79,nan,nan,nan,nan,nan,nan,nan
9935,41.671,0.5281,6.26,11.29,6.6,11.707,2.7935,14.5005,0.4066,35.6646,0.4847,0.1266
9936,38.4742,0.3884,67.52,59.92,14.67,10.3315,2.0298,12.3613,0.2975,41.5449,0.6231,0.0157
9937,16.5988,0.3232,54.08,4.52,12.05,3.889,1.5135,5.4025,0.2103,25.6837,0.7333,0.0295
9938,35.6467,0.4772,76.93,34.73,3.46,10.0169,2.5368,12.5537,0.3636,34.5231,0.5393,0.1195
9939,43.656,0.6728,52.71,65.32,61.94,11.2455,3.3504,14.5959,0.5274,27.6776,0.3318,0.0924
9940,45.8016,0.3838,58.04,85.5,85.71,12.4314,1.9673,14.3988,0.298,48.3222,0.6224,0.014
9941,19.3183,0.4995,22.27,43.98,21.49,5.3885,2.4221,7.8107,0.3901,20.0205,0.5057,0.1969
9942,32.5522,0.6116,60.1,37.69,32.59,8.8882,3.0359,11.9241,0.4753,25.085,0.3975,0.109
9943,33.7427,0.3423,70.74,30.81,46.78,8.8039,1.8107,10.6146,0.2714,39.1149,0.6562,0.0149
9944,30.9277,0.5605,56.11,52.46,11.2,8.628,2.8456,11.4737,0.4387,26.1538,0.444,0.1241
9945,26.8563,0.4077,31.05,35.1,19.23,7.2499,1.8106,9.0605,0.3085,29.3671,0.609,0.0176
9946,23.6835,0.6078,54.47,15.12,83.33,6.3278,3.0373,9.3651,0.4775,19.6142,0.3952,0.1735
9947,36.7125,0.4449,61.02,21.05,54.36,10.2185,2.2819,12.5004,0.349,35.8187,0.5578,0.1078
9948,33.039,0.4846,47.92,13.56,47.04,9.2642,2.4012,11.6655,0.3804,30.6629,0.5181,0.1328
9949,47.1034,0.6513,79.15,40.63,72.22,12.2209,3.33,15.5509,0.514,30.2536,0.3486,0.0851
9950,41.2502,0.515,29.35,59.75,14.66,11.6665,2.6281,14.2946,0.4019,35.5692,0.4905,0.103
9951,28.3783,0.3437,88.23,6.62,11.74,7.1823,1.7593,8.9416,0.2504,35.714,0.6827,0.0163
9952,34.9275,0.62,83.27,37.42,51.81,9.3616,3.0906,12.4522,0.4836,25.7475,0.3874,0.1124
9953,21.9658,0.3839,11.65,38.23,32.19,5.902,1.9541,7.856,0.3026,25.962,0.6165,0.0171
9954,22.2535,0.6944,72.92,58.02,13.19,5.4813,3.4498,8.9311,0.5467,16.3365,0.3075,0.1576
9955,27.2885,0.386,66.44,60.81,6.85,7.2348,1.7371,8.9719,0.2921,30.7167,0.6299,0.0173
9956,22.7671,0.3553,72.78,25.18,23.43,5.8512,1.7333,7.5845,0.2672,28.388,0.6614,0.0169
9957,18.4946,0.5445,74.1,71.36,0.13,5.1061,2.901,8.0071,0.4165,19.2229,0.4722,0.2093
9958,25.2321,0.4099,26.08,17.84,68.77,6.7962,2.0776,8.8738,0.3181,27.8928,0.597,0.0185
9959,31.3198,0.6953,26.46,54.73,39.51,7.58,3.4576,11.0376,0.5558,19.8592,0.296,0.1248
9960,42.6393,0.5952,55.69,33.62,39.64,11.727,3.08,14.807,0.4675,31.6724,0.4077,0.093
9961,32.779,0.4044,21.69,59.59,89.7,8.8874,1.982,10.8694,0.3085,35.228,0.609,0.0178
9962,44.5797,0.6442,14.22,51.99,79.12,11.6509,3.2649,14.9158,0.5117,29.1518,0.3515,0.0924
9963,26.5887,0.4419,33.72,76.26,88.6,7.3002,2.2188,9.5189,0.3453,27.5659,0.5625,0.1474
9964,34.1242,0.5582,70.69,37.46,10.33,9.488,2.7943,12.2823,0.4374,28.0818,0.4459,0.1264
9965,39.3663,0.678,55.54,47.58,58.55,10.0535,3.3137,13.3672,0.5294,25.2504,0.3294,0.106
9966,39.7039,0.6753,22.5,21.9,11.29,9.8775,3.2991,13.1765,0.5407,24.3688,0.315,0.1007
9967,17.0997,0.5417,70.46,57.75,75.48,4.8411,2.6677,7.5088,0.4073,18.436,0.4839,0.2084
9968,18.3084,0.6766,11.94,83.59,46.54,4.6857,3.4212,8.1069,0.5091,15.9225,0.3547,0.2077
9969,35.3112,0.3978,34.68,19.29,60.93,9.5601,2.0983,11.6585,0.3063,38.0596,0.6119,0.016
9970,29.9044,0.3807,57.58,3.16,82.11,7.8552,1.916,9.7713,0.2776,35.1994,0.6484,0.0211
9971,30.6976,0.4386,1.99,29.52,30.98,8.5606,2.4162,10.9768,0.3412,32.1751,0.5675,0.1406
9972,39.1374,0.6536,47.85,54.86,43.37,10.2436,3.247,13.4906,0.5131,26.2919,0.3501,0.1029
9973,43.8799,0.6077,40.79,51.82,80.62,11.9313,3.1263,15.0576,0.4798,31.3817,0.3919,0.1015
9974,22.2533,0.6718,27.35,34.94,61.67,5.5848,3.3084,8.8932,0.5348,16.6277,0.3225,0.18
9975,29.9453,0.5051,70.8,62.4,0.55,8.3895,2.8498,11.2393,0.3894,28.8629,0.5066,0.1435
9976,39.368,0.6707,71.71,63.06,46.69,10.0977,3.3325,13.4302,0.5254,25.564,0.3347,0.1088
9977,35.9575,0.4528,26.68,17.12,34.69,10.0666,2.3621,12.4287,0.3547,35.0363,0.5506,0.121
9978,45.6962,0.5374,33.14,42.45,77.9,12.816,2.7378,15.5538,0.4226,36.8029,0.4644,0.0873
9979,34.0063,0.3293,81.71,20.43,44.26,8.6255,1.6709,10.2964,0.2569,40.0846,0.6746,0.0183
9980,43.1659,0.3345,5.97,9.83,39.04,11.0936,1.8176,12.9111,0.2643,48.8495,0.665,0.0215
9981,38.8403,0.4736,7.58,43.81,30.42,10.9656,2.3621,13.3277,0.3687,36.1514,0.5328,0.1195
9982,22.4845,0.398,78.32,18.71,68.62,5.9929,1.948,7.9409,0.3069,25.8747,0.6112,0.0183
9983,26.0921,0.5107,65.41,76.67,9.91,7.3459,2.4637,9.8095,0.4,24.5231,0.4932,0.1602
9984,30.1977,0.401,82.92,58.24,6.48,8.0863,2.1902,10.2764,0.3048,33.7205,0.6139,0.0185
9985,22.6719,0.3691,37.07,33.0,25.33,5.9252,1.9057,7.8308,0.2736,28.6248,0.6533,0.0162
9986,27.3135,0.3036,72.82,74.91,74.93,6.5033,1.433,7.9363,0.228,34.8117,0.7112,0.0147
9987,38.718,0.4234,56.0,22.45,20.45,10.6974,2.094,12.7914,0.3289,38.887,0.5832,0.1118
9988,42.7057,0.4531,66.73,5.74,76.61,11.8203,2.4187,14.239,0.3532,40.3117,0.5524,0.0859
9989,28.2107,0.5135,14.82,69.63,32.99,7.9795,2.5891,10.5686,0.3988,26.5016,0.4945,0.1482
9990,19.0558,0.5328,74.78,47.95,39.14,5.3639,2.7421,8.1061,0.4146,19.5492,0.4748,0.2037
9991,25.9737,0.4424,8.15,6.55,57.31,7.1263,2.0767,9.203,0.3473,26.4951,0.5595,0.1652
9992,18.525,0.6057,13.69,89.72,30.61,5.0288,3.1195,8.1484,0.4643,17.5513,0.4117,0.2047
9993,33.6854,0.4003,45.41,28.81,57.61,9.1732,2.0868,11.26,0.3118,36.1188,0.605,0.0161
9994,30.4124,0.3062,23.89,37.98,43.78,7.4887,1.5838,9.0725,0.2341,38.7598,0.7034,0.0157
9995,34.8164,0.4366,54.17,37.55,17.9,9.6743,2.2373,11.9117,0.3363,35.4228,0.5738,0.1133
9996,35.6729,0.4182,36.27,80.45,12.26,9.7671,2.2186,11.9858,0.3188,37.5978,0.5961,0.0171
9997,23.5944,0.6131,47.6,33.9,44.24,6.3862,3.0679,9.4541,0.4827,19.5868,0.3887,0.1566
9998,27.958,0.44,50.54,0.46,31.04,7.6588,2.2713,9.9302,0.3334,29.782,0.5775,0.018
9999,35.1326,0.6138,74.57,49.68,45.62,9.4528,3.0716,12.5244,0.4797,26.107,0.3923,0.1183
10000,37.8818,0.6363,27.25,14.77,77.21,9.8042,3.1064,12.9106,0.505,25.5668,0.3603,0.0959
10001,46.71,0.3558,40.99,21.54,60.19,12.2999,1.9473,14.2472,0.2787,51.113,0.6468,0.0146
10002,18.8725,0.4675,33.75,34.44,46.15,5.2602,2.2875,7.5477,0.3597,20.9827,0.544,0.2162
10003,34.4412,0.4602,8.22,2.32,63.34,9.4635,2.234,11.6976,0.3466,33.7517,0.5608,0.1247
10004,35.8606,0.3514,85.14,62.07,21.8,9.2738,1.8701,11.1439,0.2697,41.3174,0.6583,0.017
10005,38.0029,0.5643,38.53,19.69,89.43,10.4092,2.8071,13.2163,0.449,29.437,0.431,0.1036
10006,26.0357,0.6116,87.06,63.5,12.96,7.1022,2.8635,9.9656,0.48,20.7602,0.3915,0.1542
10007,36.6411,0.6659,5.73,5.85,6.59,9.5582,3.4142,12.9724,0.5128,25.2967,0.3502,0.1128
10008,17.0362,0.6422,78.1,16.03,81.34,4.4254,2.9745,7.4,0.4969,14.8911,0.3702,0.2227
10009,43.9004,0.6789,59.89,76.32,78.87,10.8836,3.3774,14.261,0.5433,26.2506,0.3117,0.0913
10010,42.9193,0.4156,17.72,58.79,51.91,11.8595,2.198,14.0576,0.3214,43.7334,0.5926,0.1008
10011,26.1798,0.6157,34.84,7.21,28.56,6.9539,3.1016,10.0556,0.5011,20.0669,0.3651,0.1643
10012,24.6747,0.5807,21.4,34.72,44.09,6.7701,2.9138,9.684,0.4639,20.8733,0.4119,0.1712
10013,19.4854,0.3982,15.76,82.57,11.87,5.1602,1.9778,7.138,0.3038,23.4991,0.6149,0.0206
10014,36.9584,0.6031,84.08,70.86,18.42,10.0213,3.1261,13.1474,0.4774,27.5403,0.3949,0.1022
10015,27.8895,0.5983,77.95,0.6,86.06,7.4966,3.1149,10.6115,0.4852,21.8699,0.3853,0.1411
10016,45.0445,0.5365,86.81,18.94,52.24,12.5533,2.8031,15.3564,0.4209,36.4808,0.4665,0.0915
10017,16.4246,0.5223,24.49,1.98,75.14,4.493,2.6795,7.1725,0.4222,16.987,0.4652,0.2371
10018,43.069,0.5644,43.39,85.65,43.99,11.9467,2.9432,14.89,0.4425,33.6467,0.4393,0.0923
10019,27.8868,0.4835,2.24,57.33,63.15,7.7759,2.1906,9.9665,0.3731,26.7118,0.5272,0.1373
10020,36.8041,0.6215,16.55,74.68,84.32,9.8309,3.1841,13.0149,0.4948,26.3041,0.3727,0.1101
10021,38.1282,0.4645,79.72,27.37,78.43,10.5368,2.3379,12.8747,0.3621,35.5548,0.5413,0.1109
10022,46.7638,0.5501,82.76,89.83,62.13,13.0542,2.8115,15.8657,0.4281,37.0619,0.4575,0.083
10023,40.7959,0.4815,31.9,20.09,48.04,11.3923,2.4576,13.8499,0.3778,36.6616,0.5213,0.1055
10024,22.1706,0.479,71.98,68.29,1.97,6.1706,2.3894,8.56,0.353,24.2493,0.5527,0.1898
10025,30.2836,0.6579,19.03,49.8,87.72,7.797,3.3275,11.1245,0.5277,21.0816,0.3314,0.1401
10026,43.265,0.4098,77.07,56.44,68.19,11.8354,2.1918,14.0272,0.3195,43.9069,0.5952,0.0973
10027,26.2945,0.4859,79.2,67.92,53.2,7.3569,2.3229,9.6798,0.3801,25.4655,0.5184,0.1629
10028,44.1318,0.4997,18.86,35.39,81.92,12.4246,2.6485,15.0731,0.3905,38.6031,0.5051,0.0921
10029,35.8957,0.425,3.76,2.77,22.31,9.8145,2.2918,12.1063,0.3377,35.85,0.5719,0.1367
10030,45.2454,0.3467,34.6,41.1,22.73,11.6749,1.9012,13.5762,0.2659,51.0655,0.6631,0.0146
